classif01;desc_classif01;classif02;desc_classif02;classif03;desc_classif03;funcao;nome_funcao;subfuncao;nome_subfuncao;programa;nome_programa;projativ;nome_projativ;subitem_projativ;nome_subitem_projativ;indice_proporcionalidade;valor_credito_inicial;valor_orcado;valor_empenhado;valor_liquidado;valor_pago;valor_empenhado_acumulado;valor_liquidado_acumulado;valor_pago_acumulado
AEQ;EIXO: Acesso à Educação de Qualidade;CUL;SUB-EIXO: Cultura;NEX;NEX;12;Educação;361;Ensino Fundamental;85;Gestão da Política de Tecnologia da Informação e Comunicação;2605;Evolução da Rede de Telecomunicações da PBH ;1;Serviços de Informática - Educação ;0,25;0;299499;95004,405;33511,51;29396,96;95004,405;33511,51;29396,96
AEQ;EIXO: Acesso à Educação de Qualidade;CUL;SUB-EIXO: Cultura;EX;EX;12;Educação;361;Ensino Fundamental;154;Fomento, Incentivo e Desenvolvimento Cultural;2371;Fomento e Estímulo à Cultura;26;Projeto Arte na Escola;1;0;200000;0;0;0;0;0;0
AEQ;EIXO: Acesso à Educação de Qualidade;CUL;SUB-EIXO: Cultura;EX;EX;12;Educação;392;Difusão Cultural;154;Fomento, Incentivo e Desenvolvimento Cultural;2371;Fomento e Estímulo à Cultura;3;Projeto Arena da Cultura / Escola Livre de Artes;1;0;1902200;0;0;0;0;0;0
AEQ;EIXO: Acesso à Educação de Qualidade;CUL;SUB-EIXO: Cultura;NEX;NEX;13;Cultura;122;Administração Geral;146;Gestão da Política Cultural;2334;Gestão Compartilhada e Participação Social;2;Apoio aos Conselhos Municipais;0,25;0;4875;215,525;215,525;215,525;215,525;215,525;215,525
AEQ;EIXO: Acesso à Educação de Qualidade;CUL;SUB-EIXO: Cultura;NEX;NEX;13;Cultura;122;Administração Geral;146;Gestão da Política Cultural;2338;Gestão, Planejamento e Administração Cultural;1;Gerenciamento da Infraestrutura;0,25;0;3350085;809962,88;570596,01;569967,28;809962,88;570596,01;569967,28
AEQ;EIXO: Acesso à Educação de Qualidade;CUL;SUB-EIXO: Cultura;NEX;NEX;13;Cultura;122;Administração Geral;146;Gestão da Política Cultural;2338;Gestão, Planejamento e Administração Cultural;2;Participação da Fundação em Eventos Locais, Nacionais e Internacionais;0,25;0;136750;10952,5;8271,0575;4867,5325;10952,5;8271,0575;4867,5325
AEQ;EIXO: Acesso à Educação de Qualidade;CUL;SUB-EIXO: Cultura;NEX;NEX;13;Cultura;122;Administração Geral;146;Gestão da Política Cultural;2338;Gestão, Planejamento e Administração Cultural;3;Ações de Divulgação e Comunicação Institucional;0,25;0;84250;20833,75;0;0;20833,75;0;0
AEQ;EIXO: Acesso à Educação de Qualidade;CUL;SUB-EIXO: Cultura;NEX;NEX;13;Cultura;122;Administração Geral;146;Gestão da Política Cultural;2338;Gestão, Planejamento e Administração Cultural;4;Gerenciamento de Programas e Informações Culturais;0,25;0;561300;0;0;0;0;0;0
AEQ;EIXO: Acesso à Educação de Qualidade;CUL;SUB-EIXO: Cultura;NEX;NEX;13;Cultura;122;Administração Geral;146;Gestão da Política Cultural;2338;Gestão, Planejamento e Administração Cultural;5;Desenvolvimento Organizacional e Capacitação de Recursos Humanos;0,25;0;2135075;734173,0825;537521,68;527644,995;734173,0825;537521,68;527644,995
AEQ;EIXO: Acesso à Educação de Qualidade;CUL;SUB-EIXO: Cultura;NEX;NEX;13;Cultura;122;Administração Geral;146;Gestão da Política Cultural;2900;Serviços Administrativos e Financeiros;1;Serviços Administrativos e Financeiros ;0,25;0;2687242;1078282,385;655785,71;636202,045;1078282,385;655785,71;636202,045
AEQ;EIXO: Acesso à Educação de Qualidade;CUL;SUB-EIXO: Cultura;NEX;NEX;13;Cultura;122;Administração Geral;239;Rede BH Cultural ;2338;Gestão, Planejamento e Administração Cultural;4;Gerenciamento de Programas e Informações Culturais;0,25;0;39000;0;0;0;0;0;0
AEQ;EIXO: Acesso à Educação de Qualidade;CUL;SUB-EIXO: Cultura;NEX;NEX;13;Cultura;391;Patrimônio Histórico, Artístico e Arqueológico;155;História, Memória e Patrimônio Cultural de Belo Horizonte;2375;Identificação e Valorização do Patrimônio e das Identidades Culturais;1;Preservação do Patrimônio Cultural;0,25;0;1631000;426414,0525;422421,265;422421,265;426414,0525;422421,265;422421,265
AEQ;EIXO: Acesso à Educação de Qualidade;CUL;SUB-EIXO: Cultura;NEX;NEX;13;Cultura;391;Patrimônio Histórico, Artístico e Arqueológico;155;História, Memória e Patrimônio Cultural de Belo Horizonte;2375;Identificação e Valorização do Patrimônio e das Identidades Culturais;2;Educação Patrimonial e Preservação da Memória Coletiva;0,25;0;452000;31375;31375;7500;31375;31375;7500
AEQ;EIXO: Acesso à Educação de Qualidade;CUL;SUB-EIXO: Cultura;NEX;NEX;13;Cultura;391;Patrimônio Histórico, Artístico e Arqueológico;155;História, Memória e Patrimônio Cultural de Belo Horizonte;2375;Identificação e Valorização do Patrimônio e das Identidades Culturais;3;Atendimento aos Usuários de Serviços de Patrimônio;0,25;0;1250;0;0;0;0;0;0
AEQ;EIXO: Acesso à Educação de Qualidade;CUL;SUB-EIXO: Cultura;NEX;NEX;13;Cultura;391;Patrimônio Histórico, Artístico e Arqueológico;155;História, Memória e Patrimônio Cultural de Belo Horizonte;2375;Identificação e Valorização do Patrimônio e das Identidades Culturais;4;Aquisição e Desenvolvimento de Acervos;0,25;0;17500;0;0;0;0;0;0
AEQ;EIXO: Acesso à Educação de Qualidade;CUL;SUB-EIXO: Cultura;NEX;NEX;13;Cultura;391;Patrimônio Histórico, Artístico e Arqueológico;155;História, Memória e Patrimônio Cultural de Belo Horizonte;2375;Identificação e Valorização do Patrimônio e das Identidades Culturais;5;Tratamento e Preservação de Acervos;0,25;0;74400;0;0;0;0;0;0
AEQ;EIXO: Acesso à Educação de Qualidade;CUL;SUB-EIXO: Cultura;NEX;NEX;13;Cultura;391;Patrimônio Histórico, Artístico e Arqueológico;155;História, Memória e Patrimônio Cultural de Belo Horizonte;2872;Gestão do Fundo de Proteção do Patrimônio Cultural de BH;1;Preservação do Patrimônio Cultural;0,25;0;595050;0;0;0;0;0;0
AEQ;EIXO: Acesso à Educação de Qualidade;CUL;SUB-EIXO: Cultura;NEX;NEX;13;Cultura;391;Patrimônio Histórico, Artístico e Arqueológico;239;Rede BH Cultural ;1339;Requalificação dos Espaços e Serviços da Cultura;8;Implantação do CINEMIS Santa Tereza;0,25;0;188750;0;0;0;0;0;0
AEQ;EIXO: Acesso à Educação de Qualidade;CUL;SUB-EIXO: Cultura;NEX;NEX;13;Cultura;391;Patrimônio Histórico, Artístico e Arqueológico;239;Rede BH Cultural ;2375;Identificação e Valorização do Patrimônio e das Identidades Culturais;2;Educação Patrimonial e Preservação da Memória Coletiva;0,25;0;87750;0;0;0;0;0;0
AEQ;EIXO: Acesso à Educação de Qualidade;CUL;SUB-EIXO: Cultura;NEX;NEX;13;Cultura;391;Patrimônio Histórico, Artístico e Arqueológico;239;Rede BH Cultural ;2375;Identificação e Valorização do Patrimônio e das Identidades Culturais;10;Presépios e Folias;0,25;0;42000;0;0;0;0;0;0
AEQ;EIXO: Acesso à Educação de Qualidade;CUL;SUB-EIXO: Cultura;NEX;NEX;13;Cultura;392;Difusão Cultural;154;Fomento, Incentivo e Desenvolvimento Cultural;2369;Gestão da Lei Municipal de Incentivo à Cultura;1;Incentivos a Projetos Culturais;0,25;0;3175000;510702,12;429202,975;0;510702,12;429202,975;0
AEQ;EIXO: Acesso à Educação de Qualidade;CUL;SUB-EIXO: Cultura;NEX;NEX;13;Cultura;392;Difusão Cultural;154;Fomento, Incentivo e Desenvolvimento Cultural;2371;Fomento e Estímulo à Cultura;1;Fomento à Produção e Difusão Cultural;0,25;0;1795250;399425,1575;397889,46;397889,46;399425,1575;397889,46;397889,46
AEQ;EIXO: Acesso à Educação de Qualidade;CUL;SUB-EIXO: Cultura;NEX;NEX;13;Cultura;392;Difusão Cultural;154;Fomento, Incentivo e Desenvolvimento Cultural;2371;Fomento e Estímulo à Cultura;2;Iniciativas de Formação e Qualificação na Área Cultural;0,25;0;83750;0;0;0;0;0;0
AEQ;EIXO: Acesso à Educação de Qualidade;CUL;SUB-EIXO: Cultura;EX;EX;13;Cultura;392;Difusão Cultural;154;Fomento, Incentivo e Desenvolvimento Cultural;2371;Fomento e Estímulo à Cultura;3;Projeto Arena da Cultura / Escola Livre de Artes;0,85;0;4999700;183830,8855;128681,619;128681,619;183830,8855;128681,619;128681,619
AEQ;EIXO: Acesso à Educação de Qualidade;CUL;SUB-EIXO: Cultura;NEX;NEX;13;Cultura;392;Difusão Cultural;154;Fomento, Incentivo e Desenvolvimento Cultural;2371;Fomento e Estímulo à Cultura;5;Promoção de Festival, Encontro e Mostra de Arte e Cultura;0,25;0;172500;0;0;0;0;0;0
AEQ;EIXO: Acesso à Educação de Qualidade;CUL;SUB-EIXO: Cultura;NEX;NEX;13;Cultura;392;Difusão Cultural;239;Rede BH Cultural ;1215;Construção, Ampliação e Reforma de Unidades de Cultura;2;Espaço Multiuso do Parque Municipal Américo Rene Gianneti;0,25;0;1416989;0;0;0;0;0;0
AEQ;EIXO: Acesso à Educação de Qualidade;CUL;SUB-EIXO: Cultura;NEX;NEX;13;Cultura;392;Difusão Cultural;239;Rede BH Cultural ;1339;Requalificação dos Espaços e Serviços da Cultura;2;Implantação do Espaço Cênico Alípio de Melo;0,25;0;2250;178,5;0;0;178,5;0;0
AEQ;EIXO: Acesso à Educação de Qualidade;CUL;SUB-EIXO: Cultura;NEX;NEX;13;Cultura;392;Difusão Cultural;239;Rede BH Cultural ;1339;Requalificação dos Espaços e Serviços da Cultura;4;Implantação do Centro Cultural Bairro das Indústrias;0,25;0;2500;0;0;0;0;0;0
AEQ;EIXO: Acesso à Educação de Qualidade;CUL;SUB-EIXO: Cultura;NEX;NEX;13;Cultura;392;Difusão Cultural;239;Rede BH Cultural ;1339;Requalificação dos Espaços e Serviços da Cultura;6;Implantação do Espaço Multiuso no Parque Municipal;0,25;0;18750;0;0;0;0;0;0
AEQ;EIXO: Acesso à Educação de Qualidade;CUL;SUB-EIXO: Cultura;NEX;NEX;13;Cultura;392;Difusão Cultural;239;Rede BH Cultural ;2371;Fomento e Estímulo à Cultura;7;"Realização do Concurso  de Literatura  ""Cidade de Belo Horizonte """;0,25;0;34000;0;0;0;0;0;0
AEQ;EIXO: Acesso à Educação de Qualidade;CUL;SUB-EIXO: Cultura;NEX;NEX;13;Cultura;392;Difusão Cultural;239;Rede BH Cultural ;2371;Fomento e Estímulo à Cultura;8;"Realização do Concurso de Literatura ""João de Barro""";0,25;0;34000;0;0;0;0;0;0
AEQ;EIXO: Acesso à Educação de Qualidade;CUL;SUB-EIXO: Cultura;NEX;NEX;13;Cultura;392;Difusão Cultural;239;Rede BH Cultural ;2371;Fomento e Estímulo à Cultura;11;Implantação do Projeto Música para Cidadania;0,25;0;5250;0;0;0;0;0;0
AEQ;EIXO: Acesso à Educação de Qualidade;CUL;SUB-EIXO: Cultura;NEX;NEX;13;Cultura;392;Difusão Cultural;239;Rede BH Cultural ;2371;Fomento e Estímulo à Cultura;17;Realização do Festival Internacional de Teatro Palco e Rua de BH - FIT;0,25;0;1500000;668750;668750;334375;668750;668750;334375
AEQ;EIXO: Acesso à Educação de Qualidade;CUL;SUB-EIXO: Cultura;NEX;NEX;13;Cultura;392;Difusão Cultural;239;Rede BH Cultural ;2371;Fomento e Estímulo à Cultura;18;Realização da Virada Cultural;0,25;0;375000;150150;150150;0;150150;150150;0
AEQ;EIXO: Acesso à Educação de Qualidade;CUL;SUB-EIXO: Cultura;NEX;NEX;13;Cultura;392;Difusão Cultural;239;Rede BH Cultural ;2371;Fomento e Estímulo à Cultura;21;Criação do Cadastro Único de Cultura;0,25;0;50000;0;0;0;0;0;0
AEQ;EIXO: Acesso à Educação de Qualidade;CUL;SUB-EIXO: Cultura;NEX;NEX;13;Cultura;392;Difusão Cultural;239;Rede BH Cultural ;2371;Fomento e Estímulo à Cultura;27;Pré-Produção de Grandes Eventos;0,25;0;100000;0;0;0;0;0;0
AEQ;EIXO: Acesso à Educação de Qualidade;CUL;SUB-EIXO: Cultura;NEX;NEX;27;Desporto e Lazer;812;Desporto Comunitário;238;Promoção do Esporte e do Lazer;2534;Implantação, Manutenção e Recuperação de Equipamentos Esportivos e Áreas de Lazer;6;Manutenção e Custeio das Academias a Céu Aberto;0,25;0;11250;6291,25;848,775;140,59;6291,25;848,775;140,59
AEQ;EIXO: Acesso à Educação de Qualidade;DLA;SUB-EIXO: Desporto e Lazer;EX;EX;27;Desporto e Lazer;811;Desporto de Rendimento;101;Promoção e Democratização das Práticas de Esportes e Lazer;2866;Esporte de Rendimento;4;BH Descobrindo Talentos no Futebol;1;0;1355000;0;0;0;0;0;0
AEQ;EIXO: Acesso à Educação de Qualidade;DLA;SUB-EIXO: Desporto e Lazer;NEX;"NEX
";27;Desporto e Lazer;811;Desporto de Rendimento;101;Promoção e Democratização das Práticas de Esportes e Lazer;2866;Esporte de Rendimento;15;Programa Minas Olímpica Oficina de Esportes;0,25;0;12500;0;0;0;0;0;0
AEQ;EIXO: Acesso à Educação de Qualidade;DLA;SUB-EIXO: Desporto e Lazer;NEX;"NEX
";27;Desporto e Lazer;811;Desporto de Rendimento;238;Promoção do Esporte e do Lazer;2866;Esporte de Rendimento;3;Copa Centenário de Futebol Amador Wadson Lima;0,25;0;71250;0;0;0;0;0;0
AEQ;EIXO: Acesso à Educação de Qualidade;DLA;SUB-EIXO: Desporto e Lazer;NEX;"NEX
";27;Desporto e Lazer;811;Desporto de Rendimento;238;Promoção do Esporte e do Lazer;2866;Esporte de Rendimento;5;BH Descobrindo Talentos no Esporte;0,25;0;1250;0;0;0;0;0;0
AEQ;EIXO: Acesso à Educação de Qualidade;DLA;SUB-EIXO: Desporto e Lazer;NEX;"NEX
";27;Desporto e Lazer;812;Desporto Comunitário;101;Promoção e Democratização das Práticas de Esportes e Lazer;2106;Gestão da Política de Esporte e Lazer;1;Apoio a Entidades nas Ações Esportivas e de Lazer;0,25;0;2500;0;0;0;0;0;0
AEQ;EIXO: Acesso à Educação de Qualidade;DLA;SUB-EIXO: Desporto e Lazer;NEX;"NEX
";27;Desporto e Lazer;812;Desporto Comunitário;101;Promoção e Democratização das Práticas de Esportes e Lazer;2106;Gestão da Política de Esporte e Lazer;2;Patrocínio;0,25;0;2500;0;0;0;0;0;0
AEQ;EIXO: Acesso à Educação de Qualidade;DLA;SUB-EIXO: Desporto e Lazer;NEX;"NEX
";27;Desporto e Lazer;812;Desporto Comunitário;101;Promoção e Democratização das Práticas de Esportes e Lazer;2106;Gestão da Política de Esporte e Lazer;3;Serviços Administrativos e Financeiros;0,25;0;2495750;690998,7325;467915,9425;376187,7225;690998,7325;467915,9425;376187,7225
AEQ;EIXO: Acesso à Educação de Qualidade;DLA;SUB-EIXO: Desporto e Lazer;NEX;"NEX
";27;Desporto e Lazer;812;Desporto Comunitário;101;Promoção e Democratização das Práticas de Esportes e Lazer;2106;Gestão da Política de Esporte e Lazer;4;Centro de Memória do Esporte e do Lazer da Cidade;0,25;0;1250;0;0;0;0;0;0
AEQ;EIXO: Acesso à Educação de Qualidade;DLA;SUB-EIXO: Desporto e Lazer;EX;EX;27;Desporto e Lazer;812;Desporto Comunitário;101;Promoção e Democratização das Práticas de Esportes e Lazer;2531;Programas de Esporte Educacional;1;Programa Segundo Tempo;1;0;4513000;1924033,18;1923908,55;1514450,61;1924033,18;1923908,55;1514450,61
AEQ;EIXO: Acesso à Educação de Qualidade;DLA;SUB-EIXO: Desporto e Lazer;EX;EX;27;Desporto e Lazer;812;Desporto Comunitário;101;Promoção e Democratização das Práticas de Esportes e Lazer;2531;Programas de Esporte Educacional;4;Programa Esporte Esperança / BH Cidadania;1;0;442000;0;0;0;0;0;0
AEQ;EIXO: Acesso à Educação de Qualidade;DLA;SUB-EIXO: Desporto e Lazer;EX;EX;27;Desporto e Lazer;812;Desporto Comunitário;101;Promoção e Democratização das Práticas de Esportes e Lazer;2531;Programas de Esporte Educacional;12;Festival de Atletismo;1;0;45000;0;0;0;0;0;0
AEQ;EIXO: Acesso à Educação de Qualidade;DLA;SUB-EIXO: Desporto e Lazer;NEX;"NEX
";27;Desporto e Lazer;812;Desporto Comunitário;101;Promoção e Democratização das Práticas de Esportes e Lazer;2534;Implantação, Manutenção e Recuperação de Equipamentos Esportivos e Áreas de Lazer;1;Manutenção, Conservação, Pequenas Reformas e Custeio de Equipamentos Esportivos;0,25;0;1701500;424804,8025;258249,4225;243187,8175;424804,8025;258249,4225;243187,8175
AEQ;EIXO: Acesso à Educação de Qualidade;DLA;SUB-EIXO: Desporto e Lazer;NEX;"NEX
";27;Desporto e Lazer;812;Desporto Comunitário;101;Promoção e Democratização das Práticas de Esportes e Lazer;2545;Promoções e Eventos Esportivos e Gestão de Áreas de Lazer;1;Promoções e Eventos Esportivos e Gestão de Áreas de Lazer;0,5;0;1367000;258488,415;258472,155;197395,705;258488,415;258472,155;197395,705
AEQ;EIXO: Acesso à Educação de Qualidade;DLA;SUB-EIXO: Desporto e Lazer;NEX;"NEX
";27;Desporto e Lazer;812;Desporto Comunitário;101;Promoção e Democratização das Práticas de Esportes e Lazer;2757;Programas e Atividades  Esportivas;1;Programas Esportivos Sociais e Atividades de Lazer Comunitárias;0,5;0;2482500;704730,62;704730,62;546005,765;704730,62;704730,62;546005,765
AEQ;EIXO: Acesso à Educação de Qualidade;DLA;SUB-EIXO: Desporto e Lazer;NEX;"NEX
";27;Desporto e Lazer;812;Desporto Comunitário;238;Promoção do Esporte e do Lazer;1213;Construção, Ampliação e Reforma de Equipamentos Esportivos e Áreas de Lazer;1;Construção, Ampliação e Reforma de Equipamentos Esportivos e Áreas de Lazer;0,25;0;6611617;183713,515;129076,305;48377,28;183713,515;129076,305;48377,28
AEQ;EIXO: Acesso à Educação de Qualidade;DLA;SUB-EIXO: Desporto e Lazer;EX;EX;27;Desporto e Lazer;812;Desporto Comunitário;238;Promoção do Esporte e do Lazer;2531;Programas de Esporte Educacional;6;Programa de Atletismo;1;0;101000;0;0;0;0;0;0
AEQ;EIXO: Acesso à Educação de Qualidade;DLA;SUB-EIXO: Desporto e Lazer;NEX;"NEX
";27;Desporto e Lazer;812;Desporto Comunitário;238;Promoção do Esporte e do Lazer;2534;Implantação, Manutenção e Recuperação de Equipamentos Esportivos e Áreas de Lazer;5;Ampliação do Programa Academias a Céu Aberto ;0,25;0;500000;0;0;0;0;0;0
AEQ;EIXO: Acesso à Educação de Qualidade;DLA;SUB-EIXO: Desporto e Lazer;NEX;"NEX
";27;Desporto e Lazer;812;Desporto Comunitário;238;Promoção do Esporte e do Lazer;2534;Implantação, Manutenção e Recuperação de Equipamentos Esportivos e Áreas de Lazer;6;Manutenção e Custeio das Academias a Céu Aberto;0,25;0;11250;6291,25;848,775;140,59;6291,25;848,775;140,59
AEQ;EIXO: Acesso à Educação de Qualidade;DLA;SUB-EIXO: Desporto e Lazer;EX;EX;27;Desporto e Lazer;812;Desporto Comunitário;238;Promoção do Esporte e do Lazer;2536;Programa Superar;1;Superar Educacional / BH Cidadania;1;0;680000;0;0;0;0;0;0
AEQ;EIXO: Acesso à Educação de Qualidade;DLA;SUB-EIXO: Desporto e Lazer;NEX;"NEX
";27;Desporto e Lazer;812;Desporto Comunitário;238;Promoção do Esporte e do Lazer;2536;Programa Superar;5;Incentivo ao Esporte da Pessoa com Deficiência;0,25;0;250000;0;0;0;0;0;0
AEQ;EIXO: Acesso à Educação de Qualidade;DLA;SUB-EIXO: Desporto e Lazer;NEX;"NEX
";27;Desporto e Lazer;812;Desporto Comunitário;238;Promoção do Esporte e do Lazer;2536;Programa Superar;6;Participação de atleta com deficiência em competições paradesportivas;0,25;0;50000;0;0;0;0;0;0
AEQ;EIXO: Acesso à Educação de Qualidade;DLA;SUB-EIXO: Desporto e Lazer;NEX;"NEX
";27;Desporto e Lazer;813;Lazer;101;Promoção e Democratização das Práticas de Esportes e Lazer;2869;Programas e Atividades de Lazer;1;Programas e Atividades de Lazer;0,85;0;2105450;563891,2155;563891,2155;426647,827;563891,2155;563891,2155;426647,827
AEQ;EIXO: Acesso à Educação de Qualidade;DLA;SUB-EIXO: Desporto e Lazer;EX;EX;27;Desporto e Lazer;813;Lazer;101;Promoção e Democratização das Práticas de Esportes e Lazer;2869;Programas e Atividades de Lazer;3;Recrear;1;0;457000;0;0;0;0;0;0
AEQ;EIXO: Acesso à Educação de Qualidade;DLA;SUB-EIXO: Desporto e Lazer;NEX;"NEX
";27;Desporto e Lazer;813;Lazer;101;Promoção e Democratização das Práticas de Esportes e Lazer;2869;Programas e Atividades de Lazer;10;Promoção de Eventos de Lazer;0,25;0;98750;0;0;0;0;0;0
AEQ;EIXO: Acesso à Educação de Qualidade;DLA;SUB-EIXO: Desporto e Lazer;NEX;"NEX
";27;Desporto e Lazer;813;Lazer;238;Promoção do Esporte e do Lazer;2869;Programas e Atividades de Lazer;2;Caminhar / BH Cidadania;0,25;0;106250;0;0;0;0;0;0
AEQ;EIXO: Acesso à Educação de Qualidade;DLA;SUB-EIXO: Desporto e Lazer;NEX;"NEX
";27;Desporto e Lazer;813;Lazer;238;Promoção do Esporte e do Lazer;2869;Programas e Atividades de Lazer;5;Domingo a Rua é Nossa;0,25;0;25000;0;0;0;0;0;0
AEQ;EIXO: Acesso à Educação de Qualidade;DLA;SUB-EIXO: Desporto e Lazer;EX;EX;27;Desporto e Lazer;813;Lazer;238;Promoção do Esporte e do Lazer;2869;Programas e Atividades de Lazer;8;Brincando na Vila;1;0;87000;0;0;0;0;0;0
AEQ;EIXO: Acesso à Educação de Qualidade;EDU;SUB-EIXO: Educação;EX;EX;8;Assistência Social;306;Alimentação e Nutrição;132;Gestão da Política Municipal de Segurança Alimentar e Nutricional;2761;Gestão da Assistência Alimentar e Nutricional à Rede Municipal de Ensino;1;Gerenciamento da Assistência Alimentar e Nutricional às Escolas de Ensino Fundamental ;1;0;9425400;2211835,64;887594,87;623157,87;2211835,64;887594,87;623157,87
AEQ;EIXO: Acesso à Educação de Qualidade;EDU;SUB-EIXO: Educação;EX;EX;8;Assistência Social;306;Alimentação e Nutrição;132;Gestão da Política Municipal de Segurança Alimentar e Nutricional;2761;Gestão da Assistência Alimentar e Nutricional à Rede Municipal de Ensino;2;Gerenciamento da Assistência Alimentar e Nutricional às UMEIS;1;0;6800000;2511290,8;1010895,26;606761,01;2511290,8;1010895,26;606761,01
AEQ;EIXO: Acesso à Educação de Qualidade;EDU;SUB-EIXO: Educação;EX;EX;8;Assistência Social;306;Alimentação e Nutrição;132;Gestão da Política Municipal de Segurança Alimentar e Nutricional;2761;Gestão da Assistência Alimentar e Nutricional à Rede Municipal de Ensino;3;Gerenciamento da Assistência Alimentar e Nutricional às Escolas Integradas;1;0;6624920;3759265,5;1806860,19;1237111,16;3759265,5;1806860,19;1237111,16
AEQ;EIXO: Acesso à Educação de Qualidade;EDU;SUB-EIXO: Educação;EX;EX;8;Assistência Social;306;Alimentação e Nutrição;132;Gestão da Política Municipal de Segurança Alimentar e Nutricional;2761;Gestão da Assistência Alimentar e Nutricional à Rede Municipal de Ensino;4;Gerenciamento da Assistência Alimentar e Nutricional aos alunos do Ensino de Jovens e Adultos - EJA;1;0;1021980;375023,3;172691,76;108117,65;375023,3;172691,76;108117,65
AEQ;EIXO: Acesso à Educação de Qualidade;EDU;SUB-EIXO: Educação;EX;EX;8;Assistência Social;306;Alimentação e Nutrição;132;Gestão da Política Municipal de Segurança Alimentar e Nutricional;2761;Gestão da Assistência Alimentar e Nutricional à Rede Municipal de Ensino;8;Gerenciamento da Assistência Alimentar e Nutricional às Creches Conveniadas;1;0;4428600;1069995;408124;180119;1069995;408124;180119
AEQ;EIXO: Acesso à Educação de Qualidade;EDU;SUB-EIXO: Educação;EX;EX;8;Assistência Social;306;Alimentação e Nutrição;132;Gestão da Política Municipal de Segurança Alimentar e Nutricional;2761;Gestão da Assistência Alimentar e Nutricional à Rede Municipal de Ensino;10;Gerenciamento da Assistência Alimentar e Nutricional à Rede Municipal;1;0;3323500;1218936,62;637684,99;544196,22;1218936,62;637684,99;544196,22
AEQ;EIXO: Acesso à Educação de Qualidade;EDU;SUB-EIXO: Educação;EX;EX;8;Assistência Social;306;Alimentação e Nutrição;207;Melhoria da Qualidade da Educação;2761;Gestão da Assistência Alimentar e Nutricional à Rede Municipal de Ensino;6;Atendimento das Demandas de Dietas Especiais;1;0;30000;0;0;0;0;0;0
AEQ;EIXO: Acesso à Educação de Qualidade;EDU;SUB-EIXO: Educação;NEX;NEX;8;Assistência Social;306;Alimentação e Nutrição;236;Direito de Todos ;2331;Centro de Referência em Segurança Alimentar e Nutricional Sustentável;1;Implantação do Centro Metropolitano de Referência em Segurança Alimentar e Nutricional Sustentável;0,25;0;500;195;0;0;195;0;0
AEQ;EIXO: Acesso à Educação de Qualidade;EDU;SUB-EIXO: Educação;NEX;NEX;8;Assistência Social;306;Alimentação e Nutrição;236;Direito de Todos ;2331;Centro de Referência em Segurança Alimentar e Nutricional Sustentável;2;Promoção da Alimentação Saudável por meio da Educação Alimentar e Nutricional;0,25;0;40227;4281,3475;2026,13;1398,325;4281,3475;2026,13;1398,325
AEQ;EIXO: Acesso à Educação de Qualidade;EDU;SUB-EIXO: Educação;NEX;NEX;8;Assistência Social;306;Alimentação e Nutrição;236;Direito de Todos ;2331;Centro de Referência em Segurança Alimentar e Nutricional Sustentável;3;Educação Alimentar e Nutricional com Atividades Lúdicas Educativas;0,85;0;850;0;0;0;0;0;0
AEQ;EIXO: Acesso à Educação de Qualidade;EDU;SUB-EIXO: Educação;NEX;NEX;8;Assistência Social;306;Alimentação e Nutrição;236;Direito de Todos ;2331;Centro de Referência em Segurança Alimentar e Nutricional Sustentável;4;Campanhas Educativas de Mobilização Social;0,85;0;850;0;0;0;0;0;0
AEQ;EIXO: Acesso à Educação de Qualidade;EDU;SUB-EIXO: Educação;EX;EX;8;Assistência Social;306;Alimentação e Nutrição;236;Direito de Todos ;2331;Centro de Referência em Segurança Alimentar e Nutricional Sustentável;5;Formação de Profissionais de Manipulação de Alimentos para a Rede Pública Conveniada e Não Conveniada;1;0;3000;34392,64;19902,62;11854,55;34392,64;19902,62;11854,55
AEQ;EIXO: Acesso à Educação de Qualidade;EDU;SUB-EIXO: Educação;EX;EX;12;Educação;122;Administração Geral;140;Gestão e Operacionalização da Política Educacional;2317;Gestão Administrativa e Pedagógica;1;Gestão Administrativa;1;0;104726438;30595156,63;24408944,34;20051346,99;30595156,63;24408944,34;20051346,99
AEQ;EIXO: Acesso à Educação de Qualidade;EDU;SUB-EIXO: Educação;EX;EX;12;Educação;122;Administração Geral;140;Gestão e Operacionalização da Política Educacional;2317;Gestão Administrativa e Pedagógica;2;Gestão Pedagógica;1;0;350000;0;0;0;0;0;0
AEQ;EIXO: Acesso à Educação de Qualidade;EDU;SUB-EIXO: Educação;EX;EX;12;Educação;122;Administração Geral;140;Gestão e Operacionalização da Política Educacional;2334;Gestão Compartilhada e Participação Social;1;Coordenação e Participação em Fóruns Governamentais e GTs;1;0;9000;0;0;0;0;0;0
AEQ;EIXO: Acesso à Educação de Qualidade;EDU;SUB-EIXO: Educação;EX;EX;12;Educação;122;Administração Geral;140;Gestão e Operacionalização da Política Educacional;2334;Gestão Compartilhada e Participação Social;2;Apoio aos Conselhos Municipais;1;0;52000;0;0;0;0;0;0
AEQ;EIXO: Acesso à Educação de Qualidade;EDU;SUB-EIXO: Educação;EX;EX;12;Educação;361;Ensino Fundamental;85;Gestão da Política de Tecnologia da Informação e Comunicação;2605;Evolução da Rede de Telecomunicações da PBH ;1;Serviços de Informática - Educação ;1;0;1198000;380017,62;134046,04;117587,84;380017,62;134046,04;117587,84
AEQ;EIXO: Acesso à Educação de Qualidade;EDU;SUB-EIXO: Educação;EX;EX;12;Educação;361;Ensino Fundamental;140;Gestão e Operacionalização da Política Educacional;2041;Formação para Profissionais da Educação;10;Formação de Professores do Ensino Fundamental em Cursos de Pós-graduação Lato Sensu e Stricto Sensu ;1;0;1000;0;0;0;0;0;0
AEQ;EIXO: Acesso à Educação de Qualidade;EDU;SUB-EIXO: Educação;EX;EX;12;Educação;361;Ensino Fundamental;140;Gestão e Operacionalização da Política Educacional;2046;Gestão Descentralizada da Educação;2;Subvenção Regular de Unidades Escolares do Ensino Fundamental;1;0;29128516;9207320;4603530;4326088;9207320;4603530;4326088
AEQ;EIXO: Acesso à Educação de Qualidade;EDU;SUB-EIXO: Educação;EX;EX;12;Educação;361;Ensino Fundamental;140;Gestão e Operacionalização da Política Educacional;2046;Gestão Descentralizada da Educação;5;PAP - Projeto de Ação Pedagógica - Ensino Fudamental;1;0;6339827;2016669;1008290;1008290;2016669;1008290;1008290
AEQ;EIXO: Acesso à Educação de Qualidade;EDU;SUB-EIXO: Educação;EX;EX;12;Educação;361;Ensino Fundamental;140;Gestão e Operacionalização da Política Educacional;2046;Gestão Descentralizada da Educação;10;Adequação dos Espaços Escolares do Ensino Fundamental;1;0;9754000;0;0;0;0;0;0
AEQ;EIXO: Acesso à Educação de Qualidade;EDU;SUB-EIXO: Educação;EX;EX;12;Educação;361;Ensino Fundamental;140;Gestão e Operacionalização da Política Educacional;2046;Gestão Descentralizada da Educação;13;Contratação de Apoio Administrativo - Ensino Fundamental;1;0;206084849;62930764;40904931;31465382;62930764;40904931;31465382
AEQ;EIXO: Acesso à Educação de Qualidade;EDU;SUB-EIXO: Educação;EX;EX;12;Educação;361;Ensino Fundamental;140;Gestão e Operacionalização da Política Educacional;2046;Gestão Descentralizada da Educação;14;Orçamento Participativo da Criança e do Adolescente - OPCA;1;0;540000;0;0;0;0;0;0
AEQ;EIXO: Acesso à Educação de Qualidade;EDU;SUB-EIXO: Educação;EX;EX;12;Educação;361;Ensino Fundamental;140;Gestão e Operacionalização da Política Educacional;2080;Administração do Ensino Fundamental;1;Administração do Ensino Fundamental;1;0;735100503;193325868,9;190839315,1;144962099,8;193325868,9;190839315,1;144962099,8
AEQ;EIXO: Acesso à Educação de Qualidade;EDU;SUB-EIXO: Educação;EX;EX;12;Educação;361;Ensino Fundamental;140;Gestão e Operacionalização da Política Educacional;2317;Gestão Administrativa e Pedagógica;1;Gestão Administrativa;1;0;6453000;1895583,4;1895583,4;1425594,45;1895583,4;1895583,4;1425594,45
AEQ;EIXO: Acesso à Educação de Qualidade;EDU;SUB-EIXO: Educação;EX;EX;12;Educação;361;Ensino Fundamental;140;Gestão e Operacionalização da Política Educacional;2503;Gestão do Programa Bolsa Escola;1;Gestão do Programa Bolsa Escola;1;0;3068000;753297,75;751967,75;552374,9;753297,75;751967,75;552374,9
AEQ;EIXO: Acesso à Educação de Qualidade;EDU;SUB-EIXO: Educação;EX;EX;12;Educação;361;Ensino Fundamental;140;Gestão e Operacionalização da Política Educacional;2503;Gestão do Programa Bolsa Escola;2;Manutenção das Atividades do Bolsa Escola Municipal;1;0;533112;39600;17325;17325;39600;17325;17325
AEQ;EIXO: Acesso à Educação de Qualidade;EDU;SUB-EIXO: Educação;EX;EX;12;Educação;361;Ensino Fundamental;140;Gestão e Operacionalização da Política Educacional;2700;Operação e Manutenção da Educação;2;Fornecimento de Kits Escolares - Ensino Fundamental;1;0;24786895;13372926,48;2462839,44;479461,29;13372926,48;2462839,44;479461,29
AEQ;EIXO: Acesso à Educação de Qualidade;EDU;SUB-EIXO: Educação;EX;EX;12;Educação;361;Ensino Fundamental;140;Gestão e Operacionalização da Política Educacional;2700;Operação e Manutenção da Educação;10;Operação e Manutenção da Educação -  Ensino Fundamental;1;0;18300887;3457674,4;812118,74;379577,89;3457674,4;812118,74;379577,89
AEQ;EIXO: Acesso à Educação de Qualidade;EDU;SUB-EIXO: Educação;EX;EX;12;Educação;361;Ensino Fundamental;140;Gestão e Operacionalização da Política Educacional;2700;Operação e Manutenção da Educação;16;Fórum de Educação Integral;1;0;498560;0;0;0;0;0;0
AEQ;EIXO: Acesso à Educação de Qualidade;EDU;SUB-EIXO: Educação;EX;EX;12;Educação;361;Ensino Fundamental;140;Gestão e Operacionalização da Política Educacional;2885;Transporte Escolar;1;Transporte Escolar;1;0;13273387;4245139,22;2636762,52;1831551,62;4245139,22;2636762,52;1831551,62
AEQ;EIXO: Acesso à Educação de Qualidade;EDU;SUB-EIXO: Educação;EX;EX;12;Educação;361;Ensino Fundamental;140;Gestão e Operacionalização da Política Educacional;2886;Gestão da Melhoria da Qualidade da Educação;11;Ações Intersetoriais da Educação;1;0;6000;0;0;0;0;0;0
AEQ;EIXO: Acesso à Educação de Qualidade;EDU;SUB-EIXO: Educação;EX;EX;12;Educação;361;Ensino Fundamental;206;Expansão da Escola Integrada ;1211;Construção, Ampliação e Reforma de Unidades de Ensino;4;Construção, Ampliação e Reforma de Unidades de Ensino;1;0;29108212;1368240,18;752636,85;296567,92;1368240,18;752636,85;296567,92
AEQ;EIXO: Acesso à Educação de Qualidade;EDU;SUB-EIXO: Educação;EX;EX;12;Educação;361;Ensino Fundamental;206;Expansão da Escola Integrada ;2702;Gestão do Programa Escola Integrada;2;Atendimento do Programa Escola Integrada;1;0;24864000;3436668;1718246;0;3436668;1718246;0
AEQ;EIXO: Acesso à Educação de Qualidade;EDU;SUB-EIXO: Educação;EX;EX;12;Educação;361;Ensino Fundamental;206;Expansão da Escola Integrada ;2702;Gestão do Programa Escola Integrada;3;Publicações de Cadernos sobre o Programa;1;0;6000;0;0;0;0;0;0
AEQ;EIXO: Acesso à Educação de Qualidade;EDU;SUB-EIXO: Educação;EX;EX;12;Educação;361;Ensino Fundamental;206;Expansão da Escola Integrada ;2702;Gestão do Programa Escola Integrada;4;Manutenção de Convênios com Instituições - Ensino Fundamental;1;0;7151778;1554240;1357440;1313520;1554240;1357440;1313520
AEQ;EIXO: Acesso à Educação de Qualidade;EDU;SUB-EIXO: Educação;EX;EX;12;Educação;361;Ensino Fundamental;206;Expansão da Escola Integrada ;2702;Gestão do Programa Escola Integrada;5;Programa Escola Aberta - Ampliação do Atendimento ;1;0;7230361;0;0;0;0;0;0
AEQ;EIXO: Acesso à Educação de Qualidade;EDU;SUB-EIXO: Educação;EX;EX;12;Educação;361;Ensino Fundamental;206;Expansão da Escola Integrada ;2702;Gestão do Programa Escola Integrada;6;Programa Escola nas Férias;1;0;3009015;0;0;0;0;0;0
AEQ;EIXO: Acesso à Educação de Qualidade;EDU;SUB-EIXO: Educação;EX;EX;12;Educação;361;Ensino Fundamental;206;Expansão da Escola Integrada ;2702;Gestão do Programa Escola Integrada;7;Consolidação e Ampliação de Parcerias;1;0;29530250;6206777,44;6031747,44;4021164,96;6206777,44;6031747,44;4021164,96
AEQ;EIXO: Acesso à Educação de Qualidade;EDU;SUB-EIXO: Educação;EX;EX;12;Educação;361;Ensino Fundamental;206;Expansão da Escola Integrada ;2702;Gestão do Programa Escola Integrada;12;Projeto BH para Crianças;1;0;2538251;1053413,51;632045,58;428316,22;1053413,51;632045,58;428316,22
AEQ;EIXO: Acesso à Educação de Qualidade;EDU;SUB-EIXO: Educação;EX;EX;12;Educação;361;Ensino Fundamental;206;Expansão da Escola Integrada ;2702;Gestão do Programa Escola Integrada;14;Disponibilização de Vagas para o Ensino de Música em Escolas de Música;1;0;4000000;1463710;735799,02;441364,52;1463710;735799,02;441364,52
AEQ;EIXO: Acesso à Educação de Qualidade;EDU;SUB-EIXO: Educação;EX;EX;12;Educação;361;Ensino Fundamental;207;Melhoria da Qualidade da Educação;2041;Formação para Profissionais da Educação;3;Formação dos Professores do Ensino Fundamental em Cursos/Oficinas Específicas para Alfabetização e Matemática;1;0;418400;1568;1568;0;1568;1568;0
AEQ;EIXO: Acesso à Educação de Qualidade;EDU;SUB-EIXO: Educação;EX;EX;12;Educação;361;Ensino Fundamental;207;Melhoria da Qualidade da Educação;2705;Mobilização da Comunidade Escolar;1;Formação e Mobilização da Comunidade Escolar;1;0;147000;100;0;0;100;0;0
AEQ;EIXO: Acesso à Educação de Qualidade;EDU;SUB-EIXO: Educação;EX;EX;12;Educação;361;Ensino Fundamental;207;Melhoria da Qualidade da Educação;2705;Mobilização da Comunidade Escolar;2;Realização do Fórum Família Escola;1;0;110000;6618;0;0;6618;0;0
AEQ;EIXO: Acesso à Educação de Qualidade;EDU;SUB-EIXO: Educação;EX;EX;12;Educação;361;Ensino Fundamental;207;Melhoria da Qualidade da Educação;2705;Mobilização da Comunidade Escolar;4;Publicação de Jornal Família Escola do Ensino Fundamental;1;0;120000;10000;0;0;10000;0;0
AEQ;EIXO: Acesso à Educação de Qualidade;EDU;SUB-EIXO: Educação;EX;EX;12;Educação;361;Ensino Fundamental;207;Melhoria da Qualidade da Educação;2706;Melhoria da Aprendizagem e Avaliação de Desempenho Escolar;3;Avaliação de Aprendizagem dos Alunos - Avalia BH e Avalia EJA;1;0;4000000;0;0;0;0;0;0
AEQ;EIXO: Acesso à Educação de Qualidade;EDU;SUB-EIXO: Educação;EX;EX;12;Educação;361;Ensino Fundamental;207;Melhoria da Qualidade da Educação;2706;Melhoria da Aprendizagem e Avaliação de Desempenho Escolar;6;Ação de incentivo à Educação Especializada complementar para Garantia da Aprendizagem da Pessoa com Deficiência;1;0;500000;0;0;0;0;0;0
AEQ;EIXO: Acesso à Educação de Qualidade;EDU;SUB-EIXO: Educação;EX;EX;12;Educação;361;Ensino Fundamental;207;Melhoria da Qualidade da Educação;2886;Gestão da Melhoria da Qualidade da Educação;4;Implantação do Observatório do Clima Escolar;1;0;232627;0;0;0;0;0;0
AEQ;EIXO: Acesso à Educação de Qualidade;EDU;SUB-EIXO: Educação;EX;EX;12;Educação;361;Ensino Fundamental;207;Melhoria da Qualidade da Educação;2886;Gestão da Melhoria da Qualidade da Educação;5;Implementação da Política de Alfabetização;1;0;10000;0;0;0;0;0;0
AEQ;EIXO: Acesso à Educação de Qualidade;EDU;SUB-EIXO: Educação;EX;EX;12;Educação;361;Ensino Fundamental;207;Melhoria da Qualidade da Educação;2886;Gestão da Melhoria da Qualidade da Educação;8;"Publicação da Revista ""Pensar Educação""";1;0;238140;0;0;0;0;0;0
AEQ;EIXO: Acesso à Educação de Qualidade;EDU;SUB-EIXO: Educação;EX;EX;12;Educação;361;Ensino Fundamental;207;Melhoria da Qualidade da Educação;2886;Gestão da Melhoria da Qualidade da Educação;10;Cidades Educadoras;1;0;9000;0;0;0;0;0;0
AEQ;EIXO: Acesso à Educação de Qualidade;EDU;SUB-EIXO: Educação;EX;EX;12;Educação;361;Ensino Fundamental;233;Manutenção da Cidade;1211;Construção, Ampliação e Reforma de Unidades de Ensino;3;Construção, Ampliação e Reforma de Unidades de Ensino;1;0;9204694;1506550;627704,63;582491,42;1506550;627704,63;582491,42
AEQ;EIXO: Acesso à Educação de Qualidade;EDU;SUB-EIXO: Educação;EX;EX;12;Educação;361;Ensino Fundamental;236;Direito de Todos ;2041;Formação para Profissionais da Educação;6;Qualificar Professores em História Indígena e Afro-brasileira;1;0;24000;0;0;0;0;0;0
AEQ;EIXO: Acesso à Educação de Qualidade;EDU;SUB-EIXO: Educação;EX;EX;12;Educação;361;Ensino Fundamental;236;Direito de Todos ;2041;Formação para Profissionais da Educação;8;Formação de professores no projeto Educação para a Diversidade;1;0;8000;0;0;0;0;0;0
AEQ;EIXO: Acesso à Educação de Qualidade;EDU;SUB-EIXO: Educação;EX;EX;12;Educação;361;Ensino Fundamental;236;Direito de Todos ;2386;Programa Municipal de Igualdade Racial;1;Atividades do Grupo de Promoção de Igualdade Racial na SMED;1;0;33000;0;0;0;0;0;0
AEQ;EIXO: Acesso à Educação de Qualidade;EDU;SUB-EIXO: Educação;EX;EX;12;Educação;361;Ensino Fundamental;237;Qualificação, Profissionalização e Emprego;2404;Ações de Qualificação, Profissionalização e Emprego;13;Disponibilização de Vagas para o Programa Municipal de Qualificação - EDUCAÇÃO;1;0;40000;0;0;0;0;0;0
AEQ;EIXO: Acesso à Educação de Qualidade;EDU;SUB-EIXO: Educação;EX;EX;12;Educação;361;Ensino Fundamental;237;Qualificação, Profissionalização e Emprego;2702;Gestão do Programa Escola Integrada;10;Formação de Educadores do Programa;1;0;50000;0;0;0;0;0;0
AEQ;EIXO: Acesso à Educação de Qualidade;EDU;SUB-EIXO: Educação;EX;EX;12;Educação;361;Ensino Fundamental;241;Recomeço;2886;Gestão da Melhoria da Qualidade da Educação;6;Publicação de Material de Prevenção ao Uso de Drogas;1;0;110250;0;0;0;0;0;0
AEQ;EIXO: Acesso à Educação de Qualidade;EDU;SUB-EIXO: Educação;EX;EX;12;Educação;365;Educação Infantil;140;Gestão e Operacionalização da Política Educacional;2041;Formação para Profissionais da Educação;2;Formação de Professores da Educação Infantil;1;0;74600;200;200;200;200;200;200
AEQ;EIXO: Acesso à Educação de Qualidade;EDU;SUB-EIXO: Educação;EX;EX;12;Educação;365;Educação Infantil;140;Gestão e Operacionalização da Política Educacional;2046;Gestão Descentralizada da Educação;1;Subvenção Regular de Unidades Escolares da Educação Infantil;1;0;12789473;3639651;1819720;1660816;3639651;1819720;1660816
AEQ;EIXO: Acesso à Educação de Qualidade;EDU;SUB-EIXO: Educação;EX;EX;12;Educação;365;Educação Infantil;140;Gestão e Operacionalização da Política Educacional;2046;Gestão Descentralizada da Educação;4;PAP - Projeto de Ação Pedagógica - Educação Infantil;1;0;2563916;1214250;607028;607028;1214250;607028;607028
AEQ;EIXO: Acesso à Educação de Qualidade;EDU;SUB-EIXO: Educação;EX;EX;12;Educação;365;Educação Infantil;140;Gestão e Operacionalização da Política Educacional;2046;Gestão Descentralizada da Educação;9;Adequação dos Espaços Escolares da Educação Infantil;1;0;1746000;0;0;0;0;0;0
AEQ;EIXO: Acesso à Educação de Qualidade;EDU;SUB-EIXO: Educação;EX;EX;12;Educação;365;Educação Infantil;140;Gestão e Operacionalização da Política Educacional;2046;Gestão Descentralizada da Educação;12;Contratação de Apoio Administrativo - Educação Infantil;1;0;7370102;3368128;2189279;1684064;3368128;2189279;1684064
AEQ;EIXO: Acesso à Educação de Qualidade;EDU;SUB-EIXO: Educação;EX;EX;12;Educação;365;Educação Infantil;140;Gestão e Operacionalização da Política Educacional;2542;Administração da Educação Infantil;1;Administração da Educação Infantil;1;0;289952107;83381847,49;82710447,59;61632489,03;83381847,49;82710447,59;61632489,03
AEQ;EIXO: Acesso à Educação de Qualidade;EDU;SUB-EIXO: Educação;EX;EX;12;Educação;365;Educação Infantil;140;Gestão e Operacionalização da Política Educacional;2700;Operação e Manutenção da Educação;1;Fornecimento de Kits Escolares - Educação Infantil;1;0;13999631;5850272,88;450633,63;40892,26;5850272,88;450633,63;40892,26
AEQ;EIXO: Acesso à Educação de Qualidade;EDU;SUB-EIXO: Educação;EX;EX;12;Educação;365;Educação Infantil;140;Gestão e Operacionalização da Política Educacional;2700;Operação e Manutenção da Educação;8;Operação e Manutenção da Educação - Educação Infantil;1;0;8724706;1476645,97;157063,92;36933,18;1476645,97;157063,92;36933,18
AEQ;EIXO: Acesso à Educação de Qualidade;EDU;SUB-EIXO: Educação;EX;EX;12;Educação;365;Educação Infantil;140;Gestão e Operacionalização da Política Educacional;2888;Conveniamento com Instituições de Educação Infantil;2;Gestão de Convênio com Instituições de Educação Infantil;1;0;92850452;30136112;21285780;15320302;30136112;21285780;15320302
AEQ;EIXO: Acesso à Educação de Qualidade;EDU;SUB-EIXO: Educação;EX;EX;12;Educação;365;Educação Infantil;205;Expansão da Educação Infantil ;1211;Construção, Ampliação e Reforma de Unidades de Ensino;1;Construção, Ampliação e Reforma de Unidades de Ensino;1;0;10064243;1160219,42;963370,64;146649,7;1160219,42;963370,64;146649,7
AEQ;EIXO: Acesso à Educação de Qualidade;EDU;SUB-EIXO: Educação;EX;EX;12;Educação;365;Educação Infantil;205;Expansão da Educação Infantil ;2707;Aquisição e Instalação de Equipamentos;1;Aquisição e Instalação de Equipamentos;1;0;2417350;56050;0;0;56050;0;0
AEQ;EIXO: Acesso à Educação de Qualidade;EDU;SUB-EIXO: Educação;EX;EX;12;Educação;365;Educação Infantil;205;Expansão da Educação Infantil ;2888;Conveniamento com Instituições de Educação Infantil;3;Aquisição de Materiais para Creches Conveniadas - Termos de Compromisso;1;0;7230185;0;0;0;0;0;0
AEQ;EIXO: Acesso à Educação de Qualidade;EDU;SUB-EIXO: Educação;EX;EX;12;Educação;365;Educação Infantil;207;Melhoria da Qualidade da Educação;2705;Mobilização da Comunidade Escolar;3;Publicação de Jornal Família Escola da Educação Infantil;1;0;33000;5000;0;0;5000;0;0
AEQ;EIXO: Acesso à Educação de Qualidade;EDU;SUB-EIXO: Educação;EX;EX;12;Educação;366;Educação de Jovens e Adultos;140;Gestão e Operacionalização da Política Educacional;2041;Formação para Profissionais da Educação;4;Formação de Professores da Educação de Jovens e Adultos;1;0;4000;0;0;0;0;0;0
AEQ;EIXO: Acesso à Educação de Qualidade;EDU;SUB-EIXO: Educação;EX;EX;12;Educação;366;Educação de Jovens e Adultos;140;Gestão e Operacionalização da Política Educacional;2046;Gestão Descentralizada da Educação;3;Subvenção Regular de Unidades Escolares da Educação de Jovens e Adultos;1;0;1309011;391229;195526;181824;391229;195526;181824
AEQ;EIXO: Acesso à Educação de Qualidade;EDU;SUB-EIXO: Educação;EX;EX;12;Educação;366;Educação de Jovens e Adultos;140;Gestão e Operacionalização da Política Educacional;2046;Gestão Descentralizada da Educação;6;PAP - Projeto de Ação Pedagógica - EJA;1;0;482257;145533;72676;72676;145533;72676;72676
AEQ;EIXO: Acesso à Educação de Qualidade;EDU;SUB-EIXO: Educação;EX;EX;12;Educação;366;Educação de Jovens e Adultos;140;Gestão e Operacionalização da Política Educacional;2080;Administração do Ensino Fundamental;1;Administração do Ensino Fundamental;1;0;33468000;12797130,34;12797130,34;9641287,08;12797130,34;12797130,34;9641287,08
AEQ;EIXO: Acesso à Educação de Qualidade;EDU;SUB-EIXO: Educação;EX;EX;12;Educação;366;Educação de Jovens e Adultos;140;Gestão e Operacionalização da Política Educacional;2700;Operação e Manutenção da Educação;3;Fornecimento de Kits Escolares - EJA;1;0;1520106;527117,74;527117,74;416660,64;527117,74;527117,74;416660,64
AEQ;EIXO: Acesso à Educação de Qualidade;EDU;SUB-EIXO: Educação;EX;EX;12;Educação;366;Educação de Jovens e Adultos;140;Gestão e Operacionalização da Política Educacional;2700;Operação e Manutenção da Educação;9;Operação e Manutenção da Educação - Educação de Jovens e Adultos;1;0;237666;13459,86;13459,86;13459,86;13459,86;13459,86;13459,86
AEQ;EIXO: Acesso à Educação de Qualidade;EDU;SUB-EIXO: Educação;EX;EX;12;Educação;367;Educação Especial;140;Gestão e Operacionalização da Política Educacional;2700;Operação e Manutenção da Educação;10;Operação e Manutenção da Educação -  Ensino Fundamental;1;0;750000;0;0;0;0;0;0
AEQ;EIXO: Acesso à Educação de Qualidade;EDU;SUB-EIXO: Educação;EX;EX;12;Educação;367;Educação Especial;140;Gestão e Operacionalização da Política Educacional;2701;Apoio a inclusão de alunos com deficiência no cotidiano escolar;1;Atendimento Educacional Especializado na Rede Privada;1;0;529389;194576,25;114623,1;114623,1;194576,25;114623,1;114623,1
AEQ;EIXO: Acesso à Educação de Qualidade;EDU;SUB-EIXO: Educação;EX;EX;12;Educação;367;Educação Especial;140;Gestão e Operacionalização da Política Educacional;2701;Apoio a inclusão de alunos com deficiência no cotidiano escolar;5;Administração e Manutenção de Frota de Ônibus Acessíveis;1;0;1977996;0;0;0;0;0;0
AEQ;EIXO: Acesso à Educação de Qualidade;EDU;SUB-EIXO: Educação;EX;EX;12;Educação;367;Educação Especial;207;Melhoria da Qualidade da Educação;2701;Apoio a inclusão de alunos com deficiência no cotidiano escolar;4;Formação de Professores de Educação Especial;1;0;429100;0;0;0;0;0;0
AEQ;EIXO: Acesso à Educação de Qualidade;EDU;SUB-EIXO: Educação;EX;EX;12;Educação;367;Educação Especial;207;Melhoria da Qualidade da Educação;2885;Transporte Escolar;2;Transporte Acessível;1;0;6453883;2550650,67;1622316,64;677998,23;2550650,67;1622316,64;677998,23
AEQ;EIXO: Acesso à Educação de Qualidade;EDU;SUB-EIXO: Educação;EX;EX;12;Educação;367;Educação Especial;207;Melhoria da Qualidade da Educação;2886;Gestão da Melhoria da Qualidade da Educação;9;Ampliação de Alunos no Atendimento Educacional Especializado - AEE;1;0;74000;0;0;0;0;0;0
AEQ;EIXO: Acesso à Educação de Qualidade;EDU;SUB-EIXO: Educação;EX;EX;12;Educação;367;Educação Especial;207;Melhoria da Qualidade da Educação;2886;Gestão da Melhoria da Qualidade da Educação;14;Realização da Mostra Literatura Afro-Brasileira;1;0;300000;0;0;0;0;0;0
AEQ;EIXO: Acesso à Educação de Qualidade;EDU;SUB-EIXO: Educação;NEX;NEX;18;Gestão Ambiental;541;Preservação e Conservação Ambiental;69;Gestão da Política Ambiental;2564;Operacionalização das Políticas Ambientais;2;Gestão da Política de Educação Ambiental;0,25;0;3865450;1012104,21;1012104,21;765932,15;1012104,21;1012104,21;765932,15
AEQ;EIXO: Acesso à Educação de Qualidade;EDU;SUB-EIXO: Educação;NEX;NEX;18;Gestão Ambiental;541;Preservação e Conservação Ambiental;69;Gestão da Política Ambiental;2564;Operacionalização das Políticas Ambientais;4;Reestruturação dos Centros Regionais de Educação Ambiental - CEAs;0,25;0;7250;0;0;0;0;0;0
AEQ;EIXO: Acesso à Educação de Qualidade;EDU;SUB-EIXO: Educação;NEX;NEX;18;Gestão Ambiental;541;Preservação e Conservação Ambiental;69;Gestão da Política Ambiental;2564;Operacionalização das Políticas Ambientais;8;Educação Ambiental - Programa Pampulha;0,25;0;1500;0;0;0;0;0;0
AEQ;EIXO: Acesso à Educação de Qualidade;EDU;SUB-EIXO: Educação;NEX;NEX;18;Gestão Ambiental;541;Preservação e Conservação Ambiental;69;Gestão da Política Ambiental;2564;Operacionalização das Políticas Ambientais;9;Gestão Operacional do Centro de Educação Ambiental - CEA/PROPAN;0,25;0;31250;9932,95;7302,525;5800,105;9932,95;7302,525;5800,105
AEQ;EIXO: Acesso à Educação de Qualidade;EDU;SUB-EIXO: Educação;NEX;NEX;18;Gestão Ambiental;541;Preservação e Conservação Ambiental;72;Planejamento, Monitoramento e Gerenciamento dos Parques e Necrópoles;2817;Educação Ambiental e Promoção de Eventos;1;Realização de Atividades de Educação Ambiental e Eventos;0,25;0;122901;0;0;0;0;0;0
AEQ;EIXO: Acesso à Educação de Qualidade;EDU;SUB-EIXO: Educação;NEX;NEX;18;Gestão Ambiental;541;Preservação e Conservação Ambiental;72;Planejamento, Monitoramento e Gerenciamento dos Parques e Necrópoles;2817;Educação Ambiental e Promoção de Eventos;2;Desenvolvimento de Material Educativo e de Comunicação;0,25;0;56500;0;0;0;0;0;0
AEQ;EIXO: Acesso à Educação de Qualidade;EDU;SUB-EIXO: Educação;NEX;NEX;20;Agricultura;608;Promoção da Produção Agropecuária;132;Gestão da Política Municipal de Segurança Alimentar e Nutricional;2121;Fomento e Gerenciamento da Comercialização Direta da Agricultura Urbana e Familiar;7;Hortas Escolares e Comunitárias;0,85;0;14535;0;0;0;0;0;0
AEQ;EIXO: Acesso à Educação de Qualidade;EDU;SUB-EIXO: Educação;NEX;NEX;20;Agricultura;608;Promoção da Produção Agropecuária;236;Direito de Todos ;2331;Centro de Referência em Segurança Alimentar e Nutricional Sustentável;9;Oficinas de Plantio em Espaços Alternativos;0,25;0;500;0;0;0;0;0;0
PDI;EIXO: Promoção de Direitos e Proteção Integral;ASS;SUB-EIXO: Assistência Social;NEX;NEX;4;Administração;122;Administração Geral;123;Gestão da Política Social;1345;Sistema de Informação para Gestão das Políticas Sociais - SIGPS;1;Implantação do Sistema de Informação e Gestão das Políticas Sociais- SIGPS;0,25;0;38125;0;0;0;0;0;0
PDI;EIXO: Promoção de Direitos e Proteção Integral;ASS;SUB-EIXO: Assistência Social;NEX;NEX;4;Administração;122;Administração Geral;123;Gestão da Política Social;1345;Sistema de Informação para Gestão das Políticas Sociais - SIGPS;2;Evolução do Sistema de Informação e Gestão de Políticas Sociais - SIGPS;0,25;0;547227;174087,5;7677,2575;0;174087,5;7677,2575;0
PDI;EIXO: Promoção de Direitos e Proteção Integral;ASS;SUB-EIXO: Assistência Social;NEX;NEX;4;Administração;122;Administração Geral;123;Gestão da Política Social;2334;Gestão Compartilhada e Participação Social;1;Coordenação e Participação em Fóruns Governamentais e GTs;0,25;0;2750;0;0;0;0;0;0
PDI;EIXO: Promoção de Direitos e Proteção Integral;ASS;SUB-EIXO: Assistência Social;NEX;NEX;4;Administração;122;Administração Geral;123;Gestão da Política Social;2334;Gestão Compartilhada e Participação Social;2;Apoio aos Conselhos Municipais;0,25;0;5000;0;0;0;0;0;0
PDI;EIXO: Promoção de Direitos e Proteção Integral;ASS;SUB-EIXO: Assistência Social;NEX;NEX;4;Administração;122;Administração Geral;123;Gestão da Política Social;2787;Planejamento e Monitoramento e Divulgação da Política Social;1;Produção de Estudos Técnicos e Diagnósticos Espaciais;0,25;0;14500;0;0;0;0;0;0
PDI;EIXO: Promoção de Direitos e Proteção Integral;ASS;SUB-EIXO: Assistência Social;NEX;NEX;4;Administração;122;Administração Geral;123;Gestão da Política Social;2787;Planejamento e Monitoramento e Divulgação da Política Social;2;Realização de Publicações Diversas e Produção de Material Informativo;0,25;0;1750;0;0;0;0;0;0
PDI;EIXO: Promoção de Direitos e Proteção Integral;ASS;SUB-EIXO: Assistência Social;NEX;NEX;4;Administração;122;Administração Geral;123;Gestão da Política Social;2787;Planejamento e Monitoramento e Divulgação da Política Social;3;Articulação para Gestão Integrada e Intersetorial das Políticas Sociais;0,25;0;38750;0;0;0;0;0;0
PDI;EIXO: Promoção de Direitos e Proteção Integral;ASS;SUB-EIXO: Assistência Social;NEX;NEX;4;Administração;122;Administração Geral;123;Gestão da Política Social;2900;Serviços Administrativos e Financeiros;1;Serviços Administrativos e Financeiros ;0,25;0;1737000;367924,5625;340983,84;266814,8775;367924,5625;340983,84;266814,8775
PDI;EIXO: Promoção de Direitos e Proteção Integral;ASS;SUB-EIXO: Assistência Social;NEX;NEX;8;Assistência Social;122;Administração Geral;234;BH Cidadania  e o SUAS - Sistema Único de Assistência Social ;1353;Implantação dos Espaços BH Cidadania;1;Núcleos BH Cidadania Implantados;0,25;0;31250;0;0;0;0;0;0
PDI;EIXO: Promoção de Direitos e Proteção Integral;ASS;SUB-EIXO: Assistência Social;NEX;NEX;8;Assistência Social;242;Assistência ao Portador de Deficiência;19;Proteção Social Básica;2879;Serviço de Proteção Social Básica em Domicílio para Pessoas com Deficiência e Idosas;1;Proteção Social à Pessoa com Deficiência;0,25;0;296000;119116,55;88755,4;66566,55;119116,55;88755,4;66566,55
PDI;EIXO: Promoção de Direitos e Proteção Integral;ASS;SUB-EIXO: Assistência Social;NEX;NEX;8;Assistência Social;242;Assistência ao Portador de Deficiência;234;BH Cidadania  e o SUAS - Sistema Único de Assistência Social ;2409;Centros de Referência;3;Centro Dia de Referência para Pessoa Adulta com Deficiência Dependente e Família;0,25;0;316750;126013,6725;52135,56;52135,56;126013,6725;52135,56;52135,56
PDI;EIXO: Promoção de Direitos e Proteção Integral;ASS;SUB-EIXO: Assistência Social;EX;EX;8;Assistência Social;243;Assistência à Criança e ao Adolescente;19;Proteção Social Básica;2401;Serviço de Convivência e Fortalecimento de Vínculos;3;Serviços para Crianças e Adolescentes de 6 a 15 Anos;1;0;970400;227264;168488,64;123035,84;227264;168488,64;123035,84
PDI;EIXO: Promoção de Direitos e Proteção Integral;ASS;SUB-EIXO: Assistência Social;EX;EX;8;Assistência Social;243;Assistência à Criança e ao Adolescente;19;Proteção Social Básica;2401;Serviço de Convivência e Fortalecimento de Vínculos;4;Serviços para Adolescentes e Jovens de 15 a 17 Anos;1;0;1964200;430924,4;240234,88;169455;430924,4;240234,88;169455
PDI;EIXO: Promoção de Direitos e Proteção Integral;ASS;SUB-EIXO: Assistência Social;EX;EX;8;Assistência Social;243;Assistência à Criança e ao Adolescente;20;Proteção Social Especial;2403;Serviço de Proteção Social Especial de Alta Complexidade;3;Acolhimento Institucional para Criança e Adolescente;1;0;21463400;8278114,05;6433365,73;6148362,75;8278114,05;6433365,73;6148362,75
PDI;EIXO: Promoção de Direitos e Proteção Integral;ASS;SUB-EIXO: Assistência Social;EX;EX;8;Assistência Social;243;Assistência à Criança e ao Adolescente;20;Proteção Social Especial;2403;Serviço de Proteção Social Especial de Alta Complexidade;25;Acolhimento Institucional de Breve Permanencia;1;0;1884800;252259,6;201807,68;201807,68;252259,6;201807,68;201807,68
PDI;EIXO: Promoção de Direitos e Proteção Integral;ASS;SUB-EIXO: Assistência Social;EX;EX;8;Assistência Social;243;Assistência à Criança e ao Adolescente;163;Promoção e Proteção às Crianças e Adolescentes e suas Famílias ;2859; Ações para a Promoção e Proteção dos Direitos da Criança, Adolescentes e suas Famílias;1;Apoio aos Conselhos Tutelares;1;0;6312500;1515347,83;1421383,17;1116063,87;1515347,83;1421383,17;1116063,87
PDI;EIXO: Promoção de Direitos e Proteção Integral;ASS;SUB-EIXO: Assistência Social;EX;EX;8;Assistência Social;243;Assistência à Criança e ao Adolescente;163;Promoção e Proteção às Crianças e Adolescentes e suas Famílias ;2859; Ações para a Promoção e Proteção dos Direitos da Criança, Adolescentes e suas Famílias;2;Orientação e Apoio Sociofamiliar;1;0;876000;0;0;0;0;0;0
PDI;EIXO: Promoção de Direitos e Proteção Integral;ASS;SUB-EIXO: Assistência Social;EX;EX;8;Assistência Social;243;Assistência à Criança e ao Adolescente;163;Promoção e Proteção às Crianças e Adolescentes e suas Famílias ;2859; Ações para a Promoção e Proteção dos Direitos da Criança, Adolescentes e suas Famílias;3;Apoio Socioeducativo em Meio Aberto;1;0;2316000;187115,76;69185,2;62645,2;187115,76;69185,2;62645,2
PDI;EIXO: Promoção de Direitos e Proteção Integral;ASS;SUB-EIXO: Assistência Social;EX;EX;8;Assistência Social;243;Assistência à Criança e ao Adolescente;163;Promoção e Proteção às Crianças e Adolescentes e suas Famílias ;2859; Ações para a Promoção e Proteção dos Direitos da Criança, Adolescentes e suas Famílias;4;Acolhimento Familiar;1;0;2050000;135296,79;135296,79;135296,79;135296,79;135296,79;135296,79
PDI;EIXO: Promoção de Direitos e Proteção Integral;ASS;SUB-EIXO: Assistência Social;EX;EX;8;Assistência Social;243;Assistência à Criança e ao Adolescente;163;Promoção e Proteção às Crianças e Adolescentes e suas Famílias ;2859; Ações para a Promoção e Proteção dos Direitos da Criança, Adolescentes e suas Famílias;5;Acolhimento Institucional;1;0;739000;945,6;0;0;945,6;0;0
PDI;EIXO: Promoção de Direitos e Proteção Integral;ASS;SUB-EIXO: Assistência Social;EX;EX;8;Assistência Social;243;Assistência à Criança e ao Adolescente;163;Promoção e Proteção às Crianças e Adolescentes e suas Famílias ;2859; Ações para a Promoção e Proteção dos Direitos da Criança, Adolescentes e suas Famílias;11;Apoio às Ações Voltadas para a Crianças e Adolescente;1;0;35000;0;0;0;0;0;0
PDI;EIXO: Promoção de Direitos e Proteção Integral;ASS;SUB-EIXO: Assistência Social;EX;EX;8;Assistência Social;243;Assistência à Criança e ao Adolescente;163;Promoção e Proteção às Crianças e Adolescentes e suas Famílias ;2859; Ações para a Promoção e Proteção dos Direitos da Criança, Adolescentes e suas Famílias;17;Apoio às Ações de Atendimento Socioeducativo;1;0;540000;0;0;0;0;0;0
PDI;EIXO: Promoção de Direitos e Proteção Integral;ASS;SUB-EIXO: Assistência Social;EX;EX;8;Assistência Social;243;Assistência à Criança e ao Adolescente;163;Promoção e Proteção às Crianças e Adolescentes e suas Famílias ;2859; Ações para a Promoção e Proteção dos Direitos da Criança, Adolescentes e suas Famílias;18;Apoio às Ações de Articulação Regional para a promoção dos Direitos da Criança e do Adolescente;1;0;284000;1293,6;0;0;1293,6;0;0
PDI;EIXO: Promoção de Direitos e Proteção Integral;ASS;SUB-EIXO: Assistência Social;EX;EX;8;Assistência Social;243;Assistência à Criança e ao Adolescente;163;Promoção e Proteção às Crianças e Adolescentes e suas Famílias ;2859; Ações para a Promoção e Proteção dos Direitos da Criança, Adolescentes e suas Famílias;20;Apoio Administrativo ao Conselho Municipal dos Direitos da Criança e do Adolescente;1;0;115000;0;0;0;0;0;0
PDI;EIXO: Promoção de Direitos e Proteção Integral;ASS;SUB-EIXO: Assistência Social;EX;EX;8;Assistência Social;243;Assistência à Criança e ao Adolescente;163;Promoção e Proteção às Crianças e Adolescentes e suas Famílias ;2860;Ações para o Fortalecimento das Diretrizes do Estatuto da Criança e do Adolescente;1;Assessoria Técnica/Financeira;1;0;460000;0;0;0;0;0;0
PDI;EIXO: Promoção de Direitos e Proteção Integral;ASS;SUB-EIXO: Assistência Social;EX;EX;8;Assistência Social;243;Assistência à Criança e ao Adolescente;163;Promoção e Proteção às Crianças e Adolescentes e suas Famílias ;2860;Ações para o Fortalecimento das Diretrizes do Estatuto da Criança e do Adolescente;2;Vigilância e Defesa de Direitos;1;0;500000;86148;0;0;86148;0;0
PDI;EIXO: Promoção de Direitos e Proteção Integral;ASS;SUB-EIXO: Assistência Social;EX;EX;8;Assistência Social;243;Assistência à Criança e ao Adolescente;163;Promoção e Proteção às Crianças e Adolescentes e suas Famílias ;2860;Ações para o Fortalecimento das Diretrizes do Estatuto da Criança e do Adolescente;3;Capacitação e Formatação de Atores de Atendimento e Defesa do Sistema de Garantia de Direitos;1;0;395000;217684;197944;103907;217684;197944;103907
PDI;EIXO: Promoção de Direitos e Proteção Integral;ASS;SUB-EIXO: Assistência Social;EX;EX;8;Assistência Social;243;Assistência à Criança e ao Adolescente;163;Promoção e Proteção às Crianças e Adolescentes e suas Famílias ;2860;Ações para o Fortalecimento das Diretrizes do Estatuto da Criança e do Adolescente;4;Publicações Diversas;1;0;240000;0;0;0;0;0;0
PDI;EIXO: Promoção de Direitos e Proteção Integral;ASS;SUB-EIXO: Assistência Social;EX;EX;8;Assistência Social;243;Assistência à Criança e ao Adolescente;163;Promoção e Proteção às Crianças e Adolescentes e suas Famílias ;2860;Ações para o Fortalecimento das Diretrizes do Estatuto da Criança e do Adolescente;5;Realização de campanhas na sociedade em prol da garantia de direitos das crianças e adolescentes;1;0;400000;0;0;0;0;0;0
PDI;EIXO: Promoção de Direitos e Proteção Integral;ASS;SUB-EIXO: Assistência Social;EX;EX;8;Assistência Social;243;Assistência à Criança e ao Adolescente;163;Promoção e Proteção às Crianças e Adolescentes e suas Famílias ;2860;Ações para o Fortalecimento das Diretrizes do Estatuto da Criança e do Adolescente;8;Apoio às ações de fortalecimento para a participação de Crianças e Adolescentes;1;0;200000;0;0;0;0;0;0
PDI;EIXO: Promoção de Direitos e Proteção Integral;ASS;SUB-EIXO: Assistência Social;EX;EX;8;Assistência Social;243;Assistência à Criança e ao Adolescente;234;BH Cidadania  e o SUAS - Sistema Único de Assistência Social ;2859; Ações para a Promoção e Proteção dos Direitos da Criança, Adolescentes e suas Famílias;16;Avançar na Padronização e Modernização dos Conselhos Tutelares;1;0;500;0;0;0;0;0;0
PDI;EIXO: Promoção de Direitos e Proteção Integral;ASS;SUB-EIXO: Assistência Social;EX;EX;8;Assistência Social;243;Assistência à Criança e ao Adolescente;237;Qualificação, Profissionalização e Emprego;2647;Inserção Social e Produtiva;1;Programa de Intermediação de Mão de Obra para Pessoa com Deficiência - PROMETI;0,25;0;125000;0;0;0;0;0;0
PDI;EIXO: Promoção de Direitos e Proteção Integral;ASS;SUB-EIXO: Assistência Social;EX;EX;8;Assistência Social;243;Assistência à Criança e ao Adolescente;237;Qualificação, Profissionalização e Emprego;2647;Inserção Social e Produtiva;2;Programa de Promoção ao Adolescente Trabalhador;1;0;7385000;0;0;0;0;0;0
PDI;EIXO: Promoção de Direitos e Proteção Integral;ASS;SUB-EIXO: Assistência Social;EX;EX;8;Assistência Social;244;Assistência Comunitária;19;Proteção Social Básica;2308;Serviço de Proteção e Atendimento Integral à Família ;2;Serviço de Proteção e Atendimento Integral à Família;1;0;34516500;9035485,42;6669427,82;5391127,53;9035485,42;6669427,82;5391127,53
PDI;EIXO: Promoção de Direitos e Proteção Integral;ASS;SUB-EIXO: Assistência Social;NEX;NEX;8;Assistência Social;244;Assistência Comunitária;19;Proteção Social Básica;2401;Serviço de Convivência e Fortalecimento de Vínculos;5;Serviço de Convivência Familiar e Comunitária;0,25;0;673500;279808,0875;223846,47;167884,8525;279808,0875;223846,47;167884,8525
PDI;EIXO: Promoção de Direitos e Proteção Integral;ASS;SUB-EIXO: Assistência Social;NEX;NEX;8;Assistência Social;244;Assistência Comunitária;19;Proteção Social Básica;2405;Serviços, Benefícios e Transferência de Renda;1;Inserção, Acompanhamento das Famílias Beneficiárias dos Programa de Transferência de Renda e Benefícios Eventuais - Base Regional;0,25;0;790825;169960,7475;165562,5425;127269,84;169960,7475;165562,5425;127269,84
PDI;EIXO: Promoção de Direitos e Proteção Integral;ASS;SUB-EIXO: Assistência Social;NEX;NEX;8;Assistência Social;244;Assistência Comunitária;19;Proteção Social Básica;2405;Serviços, Benefícios e Transferência de Renda;2;Concessão de Benefícios Eventuais;0,25;0;823000;94796,825;77415,7375;64713,975;94796,825;77415,7375;64713,975
PDI;EIXO: Promoção de Direitos e Proteção Integral;ASS;SUB-EIXO: Assistência Social;NEX;NEX;8;Assistência Social;244;Assistência Comunitária;19;Proteção Social Básica;2405;Serviços, Benefícios e Transferência de Renda;4;Ações Estratégicas de Proteção Social Básica;0,25;0;617625;214690,8025;70001,0625;64263,4625;214690,8025;70001,0625;64263,4625
PDI;EIXO: Promoção de Direitos e Proteção Integral;ASS;SUB-EIXO: Assistência Social;NEX;NEX;8;Assistência Social;244;Assistência Comunitária;19;Proteção Social Básica;2647;Inserção Social e Produtiva;3;Programa de Integração ao Mundo do Trabalho/Acessuas;0,25;0;80250;25000;17500;0;25000;17500;0
PDI;EIXO: Promoção de Direitos e Proteção Integral;ASS;SUB-EIXO: Assistência Social;NEX;NEX;8;Assistência Social;244;Assistência Comunitária;19;Proteção Social Básica;2833;Ações de Assessoramento e de Defesa de Direitos;1;Ações de Assessoramento e de Defesa de Direitos;0,25;0;411550;381982,5;381982,5;286486,875;381982,5;381982,5;286486,875
PDI;EIXO: Promoção de Direitos e Proteção Integral;ASS;SUB-EIXO: Assistência Social;NEX;NEX;8;Assistência Social;244;Assistência Comunitária;20;Proteção Social Especial;2403;Serviço de Proteção Social Especial de Alta Complexidade;2;Acolhimento Institucional e Unidade de Passagem para Adultos e Famílias;0,25;0;305875;137919,16;113146,77;113146,77;137919,16;113146,77;113146,77
PDI;EIXO: Promoção de Direitos e Proteção Integral;ASS;SUB-EIXO: Assistência Social;NEX;NEX;8;Assistência Social;244;Assistência Comunitária;20;Proteção Social Especial;2403;Serviço de Proteção Social Especial de Alta Complexidade;5;Acolhimento Institucional para Famílias;0,25;0;379175;109969,64;86949,8825;86949,8825;109969,64;86949,8825;86949,8825
PDI;EIXO: Promoção de Direitos e Proteção Integral;ASS;SUB-EIXO: Assistência Social;NEX;NEX;8;Assistência Social;244;Assistência Comunitária;20;Proteção Social Especial;2403;Serviço de Proteção Social Especial de Alta Complexidade;6;Acolhimento Institucional em Unidade de Passagem para População de Rua;0,25;0;625600;256084,4375;153650,6625;153650,6625;256084,4375;153650,6625;153650,6625
PDI;EIXO: Promoção de Direitos e Proteção Integral;ASS;SUB-EIXO: Assistência Social;NEX;NEX;8;Assistência Social;244;Assistência Comunitária;20;Proteção Social Especial;2403;Serviço de Proteção Social Especial de Alta Complexidade;8;Serviço de Apoio e Reintegração Familiar;0,25;0;81725;34047,7125;27238,17;20428,6275;34047,7125;27238,17;20428,6275
PDI;EIXO: Promoção de Direitos e Proteção Integral;ASS;SUB-EIXO: Assistência Social;EX;EX;8;Assistência Social;244;Assistência Comunitária;20;Proteção Social Especial;2403;Serviço de Proteção Social Especial de Alta Complexidade;11;Central de Vagas;1;0;192000;79992,35;63993,88;47995,41;79992,35;63993,88;47995,41
PDI;EIXO: Promoção de Direitos e Proteção Integral;ASS;SUB-EIXO: Assistência Social;NEX;NEX;8;Assistência Social;244;Assistência Comunitária;20;Proteção Social Especial;2403;Serviço de Proteção Social Especial de Alta Complexidade;13;Acolhimento Institucional ao Migrante;0,25;0;422450;165012,9125;131396,475;104031,4775;165012,9125;131396,475;104031,4775
PDI;EIXO: Promoção de Direitos e Proteção Integral;ASS;SUB-EIXO: Assistência Social;EX;EX;8;Assistência Social;244;Assistência Comunitária;20;Proteção Social Especial;2409;Centros de Referência;2;Centro de Referência Especializado para População de Rua / Miguilim;1;0;344500;114713,15;68380,06;68380,06;114713,15;68380,06;68380,06
PDI;EIXO: Promoção de Direitos e Proteção Integral;ASS;SUB-EIXO: Assistência Social;EX;EX;8;Assistência Social;244;Assistência Comunitária;20;Proteção Social Especial;2410;Apoio e Assessoria aos Serviços de Proteção Social de Média Complexidade;3;Atendimento Psicossocial a Crianças, Adolescentes e Familiares;1;0;209400;0;0;0;0;0;0
PDI;EIXO: Promoção de Direitos e Proteção Integral;ASS;SUB-EIXO: Assistência Social;EX;EX;8;Assistência Social;244;Assistência Comunitária;20;Proteção Social Especial;2410;Apoio e Assessoria aos Serviços de Proteção Social de Média Complexidade;4;Atendimento à Agressores Intrafamiliares de Crianças e Adolescentes;1;0;209400;0;0;0;0;0;0
PDI;EIXO: Promoção de Direitos e Proteção Integral;ASS;SUB-EIXO: Assistência Social;NEX;NEX;8;Assistência Social;244;Assistência Comunitária;20;Proteção Social Especial;2833;Ações de Assessoramento e de Defesa de Direitos;1;Ações de Assessoramento e de Defesa de Direitos;0,25;0;467625;428011,5;428011,5;285341;428011,5;428011,5;285341
PDI;EIXO: Promoção de Direitos e Proteção Integral;ASS;SUB-EIXO: Assistência Social;NEX;NEX;8;Assistência Social;244;Assistência Comunitária;20;Proteção Social Especial;2878;Serviço de Proteção Especial de Média Complexidade;1;Serviço de Proteção e Atendimento Especializado às Famílias e Indivíduos - PAEFI/CREAS;0,5;0;13680950;2527335,895;2461351,715;1858842,77;2527335,895;2461351,715;1858842,77
PDI;EIXO: Promoção de Direitos e Proteção Integral;ASS;SUB-EIXO: Assistência Social;NEX;NEX;8;Assistência Social;244;Assistência Comunitária;20;Proteção Social Especial;2878;Serviço de Proteção Especial de Média Complexidade;2;Acompanhamento Sócio Familiar / Bolsa Moradia;0,5;0;25500;6487,845;4325,23;4325,23;6487,845;4325,23;4325,23
PDI;EIXO: Promoção de Direitos e Proteção Integral;ASS;SUB-EIXO: Assistência Social;EX;EX;8;Assistência Social;244;Assistência Comunitária;20;Proteção Social Especial;2878;Serviço de Proteção Especial de Média Complexidade;3;Serviço de Proteção aos Adolescentes em Cumprimento de Medidas Socioeducativas - LA/CREAS;1;0;3000;0;0;0;0;0;0
PDI;EIXO: Promoção de Direitos e Proteção Integral;ASS;SUB-EIXO: Assistência Social;EX;EX;8;Assistência Social;244;Assistência Comunitária;20;Proteção Social Especial;2878;Serviço de Proteção Especial de Média Complexidade;4;Serviço de Proteção aos Adolescentes em Cumprimento de Medidas Socioeducativas - PSC/CREAS;1;0;3000;0;0;0;0;0;0
PDI;EIXO: Promoção de Direitos e Proteção Integral;ASS;SUB-EIXO: Assistência Social;EX;EX;8;Assistência Social;244;Assistência Comunitária;20;Proteção Social Especial;2878;Serviço de Proteção Especial de Média Complexidade;5;Serviço de Proteção aos Adolescentes em Cumprimento de Medidas Socioeducativas - NAMSEP;1;0;6000;0;0;0;0;0;0
PDI;EIXO: Promoção de Direitos e Proteção Integral;ASS;SUB-EIXO: Assistência Social;EX;EX;8;Assistência Social;244;Assistência Comunitária;20;Proteção Social Especial;2878;Serviço de Proteção Especial de Média Complexidade;8;Combate ao Trabalho Infantil;1;0;54000;12975,69;8621,92;8621,92;12975,69;8621,92;8621,92
PDI;EIXO: Promoção de Direitos e Proteção Integral;ASS;SUB-EIXO: Assistência Social;NEX;NEX;8;Assistência Social;244;Assistência Comunitária;113;Gestão da Política de Assistência Social;2327;Gestão de Recursos Humanos;2;Proteção Social Básica;0,25;0;1093500;273186,595;273186,595;206674,5025;273186,595;273186,595;206674,5025
PDI;EIXO: Promoção de Direitos e Proteção Integral;ASS;SUB-EIXO: Assistência Social;NEX;NEX;8;Assistência Social;244;Assistência Comunitária;113;Gestão da Política de Assistência Social;2334;Gestão Compartilhada e Participação Social;2;Apoio aos Conselhos Municipais;0,25;0;82049;5407,0475;2965,24;2625,115;5407,0475;2965,24;2625,115
PDI;EIXO: Promoção de Direitos e Proteção Integral;ASS;SUB-EIXO: Assistência Social;NEX;NEX;8;Assistência Social;244;Assistência Comunitária;113;Gestão da Política de Assistência Social;2334;Gestão Compartilhada e Participação Social;28;Ampliação da participação popular nas Comissões Locais de Assistência Social - CLAS;0,25;0;8500;0;0;0;0;0;0
PDI;EIXO: Promoção de Direitos e Proteção Integral;ASS;SUB-EIXO: Assistência Social;NEX;NEX;8;Assistência Social;244;Assistência Comunitária;113;Gestão da Política de Assistência Social;2348;Gestão, Comunicação e Mobilização Social;1;Gestão do Trabalho;0,25;0;140750;0;0;0;0;0;0
PDI;EIXO: Promoção de Direitos e Proteção Integral;ASS;SUB-EIXO: Assistência Social;NEX;NEX;8;Assistência Social;244;Assistência Comunitária;113;Gestão da Política de Assistência Social;2348;Gestão, Comunicação e Mobilização Social;2;Produção de Informativos e Peças Publicitárias;0,25;0;23250;10728,75;1346,25;263,75;10728,75;1346,25;263,75
PDI;EIXO: Promoção de Direitos e Proteção Integral;ASS;SUB-EIXO: Assistência Social;NEX;NEX;8;Assistência Social;244;Assistência Comunitária;113;Gestão da Política de Assistência Social;2348;Gestão, Comunicação e Mobilização Social;4;Regulação e Regulamentação;0,25;0;250;0;0;0;0;0;0
PDI;EIXO: Promoção de Direitos e Proteção Integral;ASS;SUB-EIXO: Assistência Social;NEX;NEX;8;Assistência Social;244;Assistência Comunitária;113;Gestão da Política de Assistência Social;2348;Gestão, Comunicação e Mobilização Social;5;Mobilização Social;0,25;0;2550;0;0;0;0;0;0
PDI;EIXO: Promoção de Direitos e Proteção Integral;ASS;SUB-EIXO: Assistência Social;NEX;NEX;8;Assistência Social;244;Assistência Comunitária;113;Gestão da Política de Assistência Social;2348;Gestão, Comunicação e Mobilização Social;6;Capacitação de Profissionais de Entidades Socioassistenciais;0,25;0;2625;0;0;0;0;0;0
PDI;EIXO: Promoção de Direitos e Proteção Integral;ASS;SUB-EIXO: Assistência Social;EX;EX;8;Assistência Social;244;Assistência Comunitária;113;Gestão da Política de Assistência Social;2348;Gestão, Comunicação e Mobilização Social;7;Capacitação de Funcionários com Atuação nas Unidades Interligadas de Registro Civil em Maternidades de BH;1;0;20000;0;0;0;0;0;0
PDI;EIXO: Promoção de Direitos e Proteção Integral;ASS;SUB-EIXO: Assistência Social;NEX;NEX;8;Assistência Social;244;Assistência Comunitária;113;Gestão da Política de Assistência Social;2350;Vigilância Socioassistencial;1;Sistema de Indicadores;0,25;0;38500;0;0;0;0;0;0
PDI;EIXO: Promoção de Direitos e Proteção Integral;ASS;SUB-EIXO: Assistência Social;NEX;NEX;8;Assistência Social;244;Assistência Comunitária;113;Gestão da Política de Assistência Social;2350;Vigilância Socioassistencial;2;Estudos Territoriais e Geoprocessamento;0,25;0;1250;0;0;0;0;0;0
PDI;EIXO: Promoção de Direitos e Proteção Integral;ASS;SUB-EIXO: Assistência Social;NEX;NEX;8;Assistência Social;244;Assistência Comunitária;113;Gestão da Política de Assistência Social;2350;Vigilância Socioassistencial;3;Diagnóstico;0,25;0;87500;0;0;0;0;0;0
PDI;EIXO: Promoção de Direitos e Proteção Integral;ASS;SUB-EIXO: Assistência Social;NEX;NEX;8;Assistência Social;244;Assistência Comunitária;113;Gestão da Política de Assistência Social;2350;Vigilância Socioassistencial;4;Monitoramento e Acompanhamento;0,25;0;125;0;0;0;0;0;0
PDI;EIXO: Promoção de Direitos e Proteção Integral;ASS;SUB-EIXO: Assistência Social;NEX;NEX;8;Assistência Social;244;Assistência Comunitária;113;Gestão da Política de Assistência Social;2350;Vigilância Socioassistencial;6;Realização de Estudo de Custo dos Serviços e Benefícios Socioassistenciais no âmbito do SUAS;0,25;0;33125;0;0;0;0;0;0
PDI;EIXO: Promoção de Direitos e Proteção Integral;ASS;SUB-EIXO: Assistência Social;NEX;NEX;8;Assistência Social;244;Assistência Comunitária;113;Gestão da Política de Assistência Social;2351;Serviço de Informação e Informatização;1;Serviço Interno de Informação;0,25;0;5500;0;0;0;0;0;0
PDI;EIXO: Promoção de Direitos e Proteção Integral;ASS;SUB-EIXO: Assistência Social;NEX;NEX;8;Assistência Social;244;Assistência Comunitária;113;Gestão da Política de Assistência Social;2804;Gestão dos Equipamentos e Promoção Social;1;Gestão dos Equipamentos e Promoção Social;0,25;0;50750;0;0;0;0;0;0
PDI;EIXO: Promoção de Direitos e Proteção Integral;ASS;SUB-EIXO: Assistência Social;NEX;NEX;8;Assistência Social;244;Assistência Comunitária;113;Gestão da Política de Assistência Social;2900;Serviços Administrativos e Financeiros;1;Serviços Administrativos e Financeiros ;0,25;0;3942750;1175159,12;1030572,668;805323,5675;1175159,12;1030572,668;805323,5675
PDI;EIXO: Promoção de Direitos e Proteção Integral;ASS;SUB-EIXO: Assistência Social;NEX;NEX;8;Assistência Social;244;Assistência Comunitária;120;Transferência de Renda;2797;Coordenação das Ações de Transferência de Renda -  Programa Bolsa Família;1;Ações Intersetoriais de Atendimento às Famílias;0,25;0;686500;175368,5725;175368,5725;136457,7625;175368,5725;175368,5725;136457,7625
PDI;EIXO: Promoção de Direitos e Proteção Integral;ASS;SUB-EIXO: Assistência Social;NEX;NEX;8;Assistência Social;244;Assistência Comunitária;120;Transferência de Renda;2797;Coordenação das Ações de Transferência de Renda -  Programa Bolsa Família;3;Realização do Cadastro das Famílias;0,25;0;12500;0;0;0;0;0;0
PDI;EIXO: Promoção de Direitos e Proteção Integral;ASS;SUB-EIXO: Assistência Social;NEX;NEX;8;Assistência Social;244;Assistência Comunitária;123;Gestão da Política Social;2804;Gestão dos Equipamentos e Promoção Social;1;Gestão dos Equipamentos e Promoção Social;0,25;0;4577250;1182978,613;1182978,613;903293,0575;1182978,613;1182978,613;903293,0575
PDI;EIXO: Promoção de Direitos e Proteção Integral;ASS;SUB-EIXO: Assistência Social;NEX;NEX;8;Assistência Social;244;Assistência Comunitária;234;BH Cidadania  e o SUAS - Sistema Único de Assistência Social ;1220;Construção, Ampliação e Reforma de Unidades de Assistência Social;1;Construção, Ampliação e Reforma de Unidades de Assistência Social;0,25;0;930140;0;0;0;0;0;0
PDI;EIXO: Promoção de Direitos e Proteção Integral;ASS;SUB-EIXO: Assistência Social;NEX;NEX;8;Assistência Social;244;Assistência Comunitária;234;BH Cidadania  e o SUAS - Sistema Único de Assistência Social ;1220;Construção, Ampliação e Reforma de Unidades de Assistência Social;2;Construção e/ou Reforma de Espaços BH Cidadania;0,25;0;2612000;147057,35;76203,9525;0;147057,35;76203,9525;0
PDI;EIXO: Promoção de Direitos e Proteção Integral;ASS;SUB-EIXO: Assistência Social;NEX;NEX;8;Assistência Social;244;Assistência Comunitária;234;BH Cidadania  e o SUAS - Sistema Único de Assistência Social ;2403;Serviço de Proteção Social Especial de Alta Complexidade;7;Acolhimento Institucional para Adultos em Situação de Rua e Outros Riscos;0,25;0;537300;149369,8475;100953,03;100828,03;149369,8475;100953,03;100828,03
PDI;EIXO: Promoção de Direitos e Proteção Integral;ASS;SUB-EIXO: Assistência Social;EX;EX;8;Assistência Social;244;Assistência Comunitária;234;BH Cidadania  e o SUAS - Sistema Único de Assistência Social ;2403;Serviço de Proteção Social Especial de Alta Complexidade;9;Serviço Família Acolhedora;1;0;234900;94650;56790;56790;94650;56790;56790
PDI;EIXO: Promoção de Direitos e Proteção Integral;ASS;SUB-EIXO: Assistência Social;NEX;NEX;8;Assistência Social;244;Assistência Comunitária;237;Qualificação, Profissionalização e Emprego;2404;Ações de Qualificação, Profissionalização e Emprego;1;Disponibilização de Vagas para o Programa Municipal de Qualificação, Emprego e Renda;0,25;0;790775;321448;274221,06;244259,915;321448;274221,06;244259,915
PDI;EIXO: Promoção de Direitos e Proteção Integral;ASS;SUB-EIXO: Assistência Social;EX;EX;8;Assistência Social;244;Assistência Comunitária;241;Recomeço;2403;Serviço de Proteção Social Especial de Alta Complexidade;24;Acolhimento Institucional de Bebes de Mães Usuárias de Drogas;1;0;498300;0;0;0;0;0;0
PDI;EIXO: Promoção de Direitos e Proteção Integral;ASS;SUB-EIXO: Assistência Social;NEX;NEX;8;Assistência Social;244;Assistência Comunitária;241;Recomeço;2873;Apoio às Ações de Políticas sobre Drogas;1;Apoio as Ações de Políticas sobre Drogas;0,25;0;2750;0;0;0;0;0;0
PDI;EIXO: Promoção de Direitos e Proteção Integral;ASS;SUB-EIXO: Assistência Social;NEX;NEX;8;Assistência Social;244;Assistência Comunitária;241;Recomeço;2873;Apoio às Ações de Políticas sobre Drogas;2;Implantação do Sistema de Informação Compartilhada sobre Usuários de Álcool e Outras Drogas;0,25;0;750;0;0;0;0;0;0
PDI;EIXO: Promoção de Direitos e Proteção Integral;ASS;SUB-EIXO: Assistência Social;NEX;NEX;8;Assistência Social;244;Assistência Comunitária;241;Recomeço;2873;Apoio às Ações de Políticas sobre Drogas;3;Conferência Municipal de Políticas sobre Drogas de Belo Horizonte;0,25;0;4000;0;0;0;0;0;0
PDI;EIXO: Promoção de Direitos e Proteção Integral;ASS;SUB-EIXO: Assistência Social;NEX;NEX;8;Assistência Social;244;Assistência Comunitária;241;Recomeço;2873;Apoio às Ações de Políticas sobre Drogas;5;Suporte Técnico e Administrativo ao Conselho Municipal de Políticas sobre Drogas;0,25;0;1250;0;0;0;0;0;0
PDI;EIXO: Promoção de Direitos e Proteção Integral;ASS;SUB-EIXO: Assistência Social;EX;EX;8;Assistência Social;306;Alimentação e Nutrição;132;Gestão da Política Municipal de Segurança Alimentar e Nutricional;2120;Gestão da Assistência Alimentar e Nutricional às Entidades;3;Gerenciamento da Assistência Alimentar e Nutricional às Creches Conveniadas - Educação Infantil;1;0;5573000;1982863,4;1069985,08;326691,3;1982863,4;1069985,08;326691,3
PDI;EIXO: Promoção de Direitos e Proteção Integral;ASS;SUB-EIXO: Assistência Social;EX;EX;8;Assistência Social;306;Alimentação e Nutrição;132;Gestão da Política Municipal de Segurança Alimentar e Nutricional;2120;Gestão da Assistência Alimentar e Nutricional às Entidades;4;Gerenciamento da Assistência Alimentar e Nutricional às Entidades Infanto Juvenis;1;0;1100000;451704,15;106451,88;3932,72;451704,15;106451,88;3932,72
PDI;EIXO: Promoção de Direitos e Proteção Integral;ASS;SUB-EIXO: Assistência Social;NEX;NEX;8;Assistência Social;452;Serviços Urbanos;236;Direito de Todos ;2856;Execução do Programa Meio Passe Estudantil;1;Concessão do Benefício para Estudantes Municipais do Ensino Médio e EJA;0,85;0;2125000;468036,2565;179036,2565;179036,2565;468036,2565;179036,2565;179036,2565
PDI;EIXO: Promoção de Direitos e Proteção Integral;ASS;SUB-EIXO: Assistência Social;EX;EX;11;Trabalho;333;Empregabilidade;236;Direito de Todos ;2331;Centro de Referência em Segurança Alimentar e Nutricional Sustentável;6;Programa Pão Escola;1;0;282691;55718;26794,52;18654,53;55718;26794,52;18654,53
PDI;EIXO: Promoção de Direitos e Proteção Integral;ASS;SUB-EIXO: Assistência Social;NEX;NEX;11;Trabalho;333;Empregabilidade;237;Qualificação, Profissionalização e Emprego;2404;Ações de Qualificação, Profissionalização e Emprego;1;Disponibilização de Vagas para o Programa Municipal de Qualificação, Emprego e Renda;0,25;0;105000;0;0;0;0;0;0
PDI;EIXO: Promoção de Direitos e Proteção Integral;ASS;SUB-EIXO: Assistência Social;NEX;NEX;11;Trabalho;334;Fomento ao Trabalho;237;Qualificação, Profissionalização e Emprego;2404;Ações de Qualificação, Profissionalização e Emprego;1;Disponibilização de Vagas para o Programa Municipal de Qualificação, Emprego e Renda;0,25;0;275000;74588,8875;44753,3325;44753,3325;74588,8875;44753,3325;44753,3325
PDI;EIXO: Promoção de Direitos e Proteção Integral;ASS;SUB-EIXO: Assistência Social;NEX;NEX;11;Trabalho;334;Fomento ao Trabalho;237;Qualificação, Profissionalização e Emprego;2404;Ações de Qualificação, Profissionalização e Emprego;11;Economia Solidária - Apoio aos Grupos Produtivos e Trabalhadores Autônomos;0,25;0;171700;16833,165;12796,7675;11243,7375;16833,165;12796,7675;11243,7375
PDI;EIXO: Promoção de Direitos e Proteção Integral;ASS;SUB-EIXO: Assistência Social;NEX;NEX;11;Trabalho;334;Fomento ao Trabalho;237;Qualificação, Profissionalização e Emprego;2404;Ações de Qualificação, Profissionalização e Emprego;12;Manutenção dos Serviços de Intermediação ao Trabalho - Atendimento ao Trabalhador nos SINES;0,25;0;774235;63947,4275;48966,315;46301,275;63947,4275;48966,315;46301,275
PDI;EIXO: Promoção de Direitos e Proteção Integral;ASS;SUB-EIXO: Assistência Social;NEX;NEX;11;Trabalho;334;Fomento ao Trabalho;237;Qualificação, Profissionalização e Emprego;2404;Ações de Qualificação, Profissionalização e Emprego;19;Modernização dos Laboratórios da Escola Raimunda da Silva Soares;0,25;0;98750;37360,025;18677,1875;17006,4925;37360,025;18677,1875;17006,4925
PDI;EIXO: Promoção de Direitos e Proteção Integral;ASS;SUB-EIXO: Assistência Social;NEX;NEX;14;Direitos da Cidadania;422;Direitos Individuais, Coletivos e Difusos;241;Recomeço;2873;Apoio às Ações de Políticas sobre Drogas;1;Apoio as Ações de Políticas sobre Drogas;0,25;0;128875;0;0;0;0;0;0
PDI;EIXO: Promoção de Direitos e Proteção Integral;ASS;SUB-EIXO: Assistência Social;NEX;NEX;19;Ciência e Tecnologia;126;Tecnologia da Informação;85;Gestão da Política de Tecnologia da Informação e Comunicação;2604;Centro de Recondicionamento de Computadores;1;Manutenção dos Centros de Inclusão Digital;0,25;0;1110605;149225,315;135168,17;105810,7025;149225,315;135168,17;105810,7025
PDI;EIXO: Promoção de Direitos e Proteção Integral;ASS;SUB-EIXO: Assistência Social;NEX;NEX;19;Ciência e Tecnologia;126;Tecnologia da Informação;85;Gestão da Política de Tecnologia da Informação e Comunicação;2604;Centro de Recondicionamento de Computadores;2;Recondicionamento de Computadores;0,25;0;1250;0;0;0;0;0;0
PDI;EIXO: Promoção de Direitos e Proteção Integral;ASS;SUB-EIXO: Assistência Social;NEX;NEX;19;Ciência e Tecnologia;126;Tecnologia da Informação;85;Gestão da Política de Tecnologia da Informação e Comunicação;2604;Centro de Recondicionamento de Computadores;3;Qualificação em TIC - Tecnologia da Informação e Comunicação;0,25;0;3142;0;0;0;0;0;0
PDI;EIXO: Promoção de Direitos e Proteção Integral;ASS;SUB-EIXO: Assistência Social;NEX;NEX;19;Ciência e Tecnologia;572;Desenvolvimento Tecnológico e Engenharia;85;Gestão da Política de Tecnologia da Informação e Comunicação;2602;Gerenciamento, Implantação e Atendimento de Serviços na RMI;1;Melhoria dos Processos de Suporte e Entrega a Serviços de TIC;0,25;0;1778183;1115405,925;541027,4825;316129,895;1115405,925;541027,4825;316129,895
PDI;EIXO: Promoção de Direitos e Proteção Integral;ASS;SUB-EIXO: Assistência Social;NEX;NEX;19;Ciência e Tecnologia;572;Desenvolvimento Tecnológico e Engenharia;85;Gestão da Política de Tecnologia da Informação e Comunicação;2602;Gerenciamento, Implantação e Atendimento de Serviços na RMI;2;Adequação do Datacenter às Demandas de Serviços de TIC da PBH;0,25;0;5839937;1914015,673;1571484,2;1203125,88;1914015,673;1571484,2;1203125,88
PDI;EIXO: Promoção de Direitos e Proteção Integral;ASS;SUB-EIXO: Assistência Social;NEX;NEX;19;Ciência e Tecnologia;572;Desenvolvimento Tecnológico e Engenharia;85;Gestão da Política de Tecnologia da Informação e Comunicação;2603;Implantação de Soluções e Modernização de Sistemas ;4;Estruturação de Ambientes para Desenvolvimento de Software;0,25;0;9383499;2204727,978;1787026,593;1331189,018;2204727,978;1787026,593;1331189,018
PDI;EIXO: Promoção de Direitos e Proteção Integral;ASS;SUB-EIXO: Assistência Social;NEX;NEX;19;Ciência e Tecnologia;572;Desenvolvimento Tecnológico e Engenharia;85;Gestão da Política de Tecnologia da Informação e Comunicação;2603;Implantação de Soluções e Modernização de Sistemas ;5;Processo de Software da PBH;0,25;0;250;0;0;0;0;0;0
PDI;EIXO: Promoção de Direitos e Proteção Integral;ASS;SUB-EIXO: Assistência Social;NEX;NEX;19;Ciência e Tecnologia;572;Desenvolvimento Tecnológico e Engenharia;221;BH Digital;1373;Gestão do Plano Diretor de Informática;5;Internet Banda Larga Disponibilizada em Áreas de Vilas e Favelas ;0,25;0;2164771;29332,5;17257,5;16982,55;29332,5;17257,5;16982,55
PDI;EIXO: Promoção de Direitos e Proteção Integral;DCI;SUB-EIXO: Direitos da Cidadania;NEX;NEX;14;Direitos da Cidadania;422;Direitos Individuais, Coletivos e Difusos;127;Promoção e Defesa de Direitos Humanos e Cidadania ;2334;Gestão Compartilhada e Participação Social;1;Coordenação e Participação em Fóruns Governamentais e GTs;0,25;0;500;0;0;0;0;0;0
PDI;EIXO: Promoção de Direitos e Proteção Integral;DCI;SUB-EIXO: Direitos da Cidadania;NEX;NEX;14;Direitos da Cidadania;422;Direitos Individuais, Coletivos e Difusos;127;Promoção e Defesa de Direitos Humanos e Cidadania ;2334;Gestão Compartilhada e Participação Social;2;Apoio aos Conselhos Municipais;0,25;0;5500;0;0;0;0;0;0
PDI;EIXO: Promoção de Direitos e Proteção Integral;DCI;SUB-EIXO: Direitos da Cidadania;NEX;NEX;14;Direitos da Cidadania;422;Direitos Individuais, Coletivos e Difusos;127;Promoção e Defesa de Direitos Humanos e Cidadania ;2334;Gestão Compartilhada e Participação Social;13;Implantação do Observatório de Direitos Humanos de Belo Horizonte;0,25;0;500;0;0;0;0;0;0
PDI;EIXO: Promoção de Direitos e Proteção Integral;DCI;SUB-EIXO: Direitos da Cidadania;NEX;NEX;14;Direitos da Cidadania;422;Direitos Individuais, Coletivos e Difusos;127;Promoção e Defesa de Direitos Humanos e Cidadania ;2335;Educação Política em Direitos Humanos e Cidadania;1;Sensibilização de Agentes Públicos e Sociedade Civil;0,25;0;56750;12044,175;8002,955;8002,955;12044,175;8002,955;8002,955
PDI;EIXO: Promoção de Direitos e Proteção Integral;DCI;SUB-EIXO: Direitos da Cidadania;NEX;NEX;14;Direitos da Cidadania;422;Direitos Individuais, Coletivos e Difusos;127;Promoção e Defesa de Direitos Humanos e Cidadania ;2335;Educação Política em Direitos Humanos e Cidadania;2;Orientação em Direitos Humanos;0,25;0;3750;0;0;0;0;0;0
PDI;EIXO: Promoção de Direitos e Proteção Integral;DCI;SUB-EIXO: Direitos da Cidadania;NEX;NEX;14;Direitos da Cidadania;422;Direitos Individuais, Coletivos e Difusos;127;Promoção e Defesa de Direitos Humanos e Cidadania ;2335;Educação Política em Direitos Humanos e Cidadania;3;Realização de Atividade de Orientação à Agentes Públicos para Melhor Atendimento ao Cidadão;0,25;0;1250;0;0;0;0;0;0
PDI;EIXO: Promoção de Direitos e Proteção Integral;DCI;SUB-EIXO: Direitos da Cidadania;NEX;NEX;14;Direitos da Cidadania;422;Direitos Individuais, Coletivos e Difusos;127;Promoção e Defesa de Direitos Humanos e Cidadania ;2900;Serviços Administrativos e Financeiros;1;Serviços Administrativos e Financeiros ;0,25;0;2151250;573302,0425;557442,7425;422923,1075;573302,0425;557442,7425;422923,1075
PDI;EIXO: Promoção de Direitos e Proteção Integral;DCI;SUB-EIXO: Direitos da Cidadania;EX;EX;14;Direitos da Cidadania;422;Direitos Individuais, Coletivos e Difusos;163;Promoção e Proteção às Crianças e Adolescentes e suas Famílias ;2884;Programa BH: Crianças e Adolescentes Protegidos;1;Capacitação da Rede de Atenção à Criança e ao Adolescente, Sociedade Civil, Fóruns e Afins ;1;0;3500;0;0;0;0;0;0
PDI;EIXO: Promoção de Direitos e Proteção Integral;DCI;SUB-EIXO: Direitos da Cidadania;EX;EX;14;Direitos da Cidadania;422;Direitos Individuais, Coletivos e Difusos;163;Promoção e Proteção às Crianças e Adolescentes e suas Famílias ;2884;Programa BH: Crianças e Adolescentes Protegidos;3;Realização de Eventos e Campanhas para Mobilização Social e Informação;1;0;51000;0;0;0;0;0;0
PDI;EIXO: Promoção de Direitos e Proteção Integral;DCI;SUB-EIXO: Direitos da Cidadania;EX;EX;14;Direitos da Cidadania;422;Direitos Individuais, Coletivos e Difusos;163;Promoção e Proteção às Crianças e Adolescentes e suas Famílias ;2884;Programa BH: Crianças e Adolescentes Protegidos;6;Reestruturação e Aperfeiçoamento do Programa de Enfrentamento ao Abuso e Exploração Sexual;1;0;4500;0;0;0;0;0;0
PDI;EIXO: Promoção de Direitos e Proteção Integral;DCI;SUB-EIXO: Direitos da Cidadania;NEX;NEX;14;Direitos da Cidadania;422;Direitos Individuais, Coletivos e Difusos;236;Direito de Todos ;2333;Promoção de Ações Afirmativas dos Movimentos Sociais;2;Apoio e Acompanhamento de Grupos da Economia Solidária;0,25;0;132625;1260;420;420;1260;420;420
PDI;EIXO: Promoção de Direitos e Proteção Integral;DCI;SUB-EIXO: Direitos da Cidadania;NEX;NEX;14;Direitos da Cidadania;422;Direitos Individuais, Coletivos e Difusos;236;Direito de Todos ;2333;Promoção de Ações Afirmativas dos Movimentos Sociais;3;Ações Afirmativas em Prol de Comunidades Tradicionais;0,25;0;2875;0;0;0;0;0;0
PDI;EIXO: Promoção de Direitos e Proteção Integral;DCI;SUB-EIXO: Direitos da Cidadania;NEX;NEX;14;Direitos da Cidadania;422;Direitos Individuais, Coletivos e Difusos;236;Direito de Todos ;2333;Promoção de Ações Afirmativas dos Movimentos Sociais;4;Ações Afirmativas em Prol da Pessoa com Deficiência;0,25;0;9500;1250;641,395;180,675;1250;641,395;180,675
PDI;EIXO: Promoção de Direitos e Proteção Integral;DCI;SUB-EIXO: Direitos da Cidadania;NEX;NEX;14;Direitos da Cidadania;422;Direitos Individuais, Coletivos e Difusos;236;Direito de Todos ;2333;Promoção de Ações Afirmativas dos Movimentos Sociais;5;Ações Afirmativas de Promoção de Direitos e Combate à Violência Contra a Mulher;0,25;0;5250;0;0;0;0;0;0
PDI;EIXO: Promoção de Direitos e Proteção Integral;DCI;SUB-EIXO: Direitos da Cidadania;NEX;NEX;14;Direitos da Cidadania;422;Direitos Individuais, Coletivos e Difusos;236;Direito de Todos ;2333;Promoção de Ações Afirmativas dos Movimentos Sociais;6;Realização de Atividades de Articulação das Redes de Direitos;0,25;0;2500;0;0;0;0;0;0
PDI;EIXO: Promoção de Direitos e Proteção Integral;DCI;SUB-EIXO: Direitos da Cidadania;NEX;NEX;14;Direitos da Cidadania;422;Direitos Individuais, Coletivos e Difusos;236;Direito de Todos ;2333;Promoção de Ações Afirmativas dos Movimentos Sociais;8;Ações Afirmativas BH Cidadã: Sem Homofobia;0,25;0;32750;0;0;0;0;0;0
PDI;EIXO: Promoção de Direitos e Proteção Integral;DCI;SUB-EIXO: Direitos da Cidadania;NEX;NEX;14;Direitos da Cidadania;422;Direitos Individuais, Coletivos e Difusos;236;Direito de Todos ;2333;Promoção de Ações Afirmativas dos Movimentos Sociais;9;Instituição do Selo Promoção da Igualdade Racial;0,25;0;750;0;0;0;0;0;0
PDI;EIXO: Promoção de Direitos e Proteção Integral;DCI;SUB-EIXO: Direitos da Cidadania;NEX;NEX;14;Direitos da Cidadania;422;Direitos Individuais, Coletivos e Difusos;236;Direito de Todos ;2333;Promoção de Ações Afirmativas dos Movimentos Sociais;11;Realização de Diagnósticos sobre a Realidade das Comunidades Indígenas e Quilombolas da Cidade;0,25;0;250;0;0;0;0;0;0
PDI;EIXO: Promoção de Direitos e Proteção Integral;DCI;SUB-EIXO: Direitos da Cidadania;NEX;NEX;14;Direitos da Cidadania;422;Direitos Individuais, Coletivos e Difusos;236;Direito de Todos ;2335;Educação Política em Direitos Humanos e Cidadania;4;Orientação a Grupos Étnicos e Comunidades Raciais;0,25;0;1500;0;0;0;0;0;0
PDI;EIXO: Promoção de Direitos e Proteção Integral;DCI;SUB-EIXO: Direitos da Cidadania;NEX;NEX;14;Direitos da Cidadania;422;Direitos Individuais, Coletivos e Difusos;236;Direito de Todos ;2345;Atendimento e Orientação Psicossocial e Jurídico ;2;Atendimento na Área de Orientação Jurídica e Conciliação de Conflitos no Âmbito do Juizado de Conciliação nos Espaços BH Cidadania;0,25;0;500;0;0;0;0;0;0
PDI;EIXO: Promoção de Direitos e Proteção Integral;DCI;SUB-EIXO: Direitos da Cidadania;NEX;NEX;14;Direitos da Cidadania;422;Direitos Individuais, Coletivos e Difusos;236;Direito de Todos ;2345;Atendimento e Orientação Psicossocial e Jurídico ;5;Atendimento Psicossocial e Jurídico à População LGBT;0,25;0;2500;0;0;0;0;0;0
PDI;EIXO: Promoção de Direitos e Proteção Integral;DCI;SUB-EIXO: Direitos da Cidadania;NEX;NEX;14;Direitos da Cidadania;422;Direitos Individuais, Coletivos e Difusos;236;Direito de Todos ;2345;Atendimento e Orientação Psicossocial e Jurídico ;7;Atendimento psicossocial e jurídico à mulher em situação de violência de gênero - Benvinda;0,25;0;13000;675;347,3475;113,5425;675;347,3475;113,5425
PDI;EIXO: Promoção de Direitos e Proteção Integral;DCI;SUB-EIXO: Direitos da Cidadania;NEX;NEX;14;Direitos da Cidadania;422;Direitos Individuais, Coletivos e Difusos;236;Direito de Todos ;2819;Apoio à Promoção das Políticas da Juventude;1;Apoio à Promoção das Políticas da Juventude;0,25;0;212500;13339,1925;13339,1925;11020,605;13339,1925;13339,1925;11020,605
PDI;EIXO: Promoção de Direitos e Proteção Integral;DCI;SUB-EIXO: Direitos da Cidadania;NEX;NEX;14;Direitos da Cidadania;422;Direitos Individuais, Coletivos e Difusos;236;Direito de Todos ;2819;Apoio à Promoção das Políticas da Juventude;4;Realização de Fóruns da Juventude;0,25;0;1250;0;0;0;0;0;0
PDI;EIXO: Promoção de Direitos e Proteção Integral;DCI;SUB-EIXO: Direitos da Cidadania;NEX;NEX;14;Direitos da Cidadania;422;Direitos Individuais, Coletivos e Difusos;236;Direito de Todos ;2819;Apoio à Promoção das Políticas da Juventude;6;Operacionalização do Centro de Referência da Juventude;0,25;0;1601446;28191,7375;19643,78;18117,8225;28191,7375;19643,78;18117,8225
PVS;EIXO: Promovendo Vidas Saudavéis;HAB;SUB-EIXO: Habitação;NEX;NEX;16;Habitação;482;Habitação Urbana;64;Geração e Qualificação Habitacional em Áreas de Interesse Social;1207;Produção de Moradias;8;Gestão da Política Municipal de Habitação-PMH e Participação Popular;0,25;0;665000;0;0;0;0;0;0
PVS;EIXO: Promovendo Vidas Saudavéis;HAB;SUB-EIXO: Habitação;NEX;NEX;16;Habitação;482;Habitação Urbana;64;Geração e Qualificação Habitacional em Áreas de Interesse Social;1207;Produção de Moradias;10;Intervenções Especiais em Conjuntos Habitacionais;0,25;0;139250;39198,0475;39198,0475;39198,0475;39198,0475;39198,0475;39198,0475
PVS;EIXO: Promovendo Vidas Saudavéis;HAB;SUB-EIXO: Habitação;NEX;NEX;16;Habitação;482;Habitação Urbana;64;Geração e Qualificação Habitacional em Áreas de Interesse Social;1231;Melhorias Urbanas em Assentamentos Precários;1;Melhorias Urbanas em Assentamentos Precários;0,25;0;1268834;142153,685;73756,3325;56697,1375;142153,685;73756,3325;56697,1375
PVS;EIXO: Promovendo Vidas Saudavéis;HAB;SUB-EIXO: Habitação;NEX;NEX;16;Habitação;482;Habitação Urbana;64;Geração e Qualificação Habitacional em Áreas de Interesse Social;1231;Melhorias Urbanas em Assentamentos Precários;3;Outras Intervenções em Assentamentos Precários;0,25;0;513000;0;0;0;0;0;0
PVS;EIXO: Promovendo Vidas Saudavéis;HAB;SUB-EIXO: Habitação;NEX;NEX;16;Habitação;482;Habitação Urbana;64;Geração e Qualificação Habitacional em Áreas de Interesse Social;1231;Melhorias Urbanas em Assentamentos Precários;8;Ações Sociais em Assentamentos Precários;0,25;0;1250;0;0;0;0;0;0
PVS;EIXO: Promovendo Vidas Saudavéis;HAB;SUB-EIXO: Habitação;NEX;NEX;16;Habitação;482;Habitação Urbana;64;Geração e Qualificação Habitacional em Áreas de Interesse Social;1231;Melhorias Urbanas em Assentamentos Precários;25;Reassentamento/Indenizações;0,25;0;689302;17267,125;17267,125;17267,125;17267,125;17267,125;17267,125
PVS;EIXO: Promovendo Vidas Saudavéis;HAB;SUB-EIXO: Habitação;NEX;NEX;16;Habitação;482;Habitação Urbana;64;Geração e Qualificação Habitacional em Áreas de Interesse Social;2792;Programa Bolsa Moradia;1;Programa Bolsa Moradia;0,25;0;2171875;149125;144125;144125;149125;144125;144125
PVS;EIXO: Promovendo Vidas Saudavéis;HAB;SUB-EIXO: Habitação;NEX;NEX;16;Habitação;482;Habitação Urbana;64;Geração e Qualificação Habitacional em Áreas de Interesse Social;2792;Programa Bolsa Moradia;2;Programa Bolsa Moradia - Risco;0,25;0;884375;126250;117500;117500;126250;117500;117500
PVS;EIXO: Promovendo Vidas Saudavéis;HAB;SUB-EIXO: Habitação;NEX;NEX;16;Habitação;482;Habitação Urbana;64;Geração e Qualificação Habitacional em Áreas de Interesse Social;2792;Programa Bolsa Moradia;3;Programa Bolsa Moradia - Obras Vila Viva;0,25;0;1165700;298000;285800;285800;298000;285800;285800
PVS;EIXO: Promovendo Vidas Saudavéis;HAB;SUB-EIXO: Habitação;NEX;NEX;16;Habitação;482;Habitação Urbana;64;Geração e Qualificação Habitacional em Áreas de Interesse Social;2792;Programa Bolsa Moradia;5;Programa Bolsa Moradia - Implantação do Corta Caminho;0,25;0;251000;12500;12375;12375;12500;12375;12375
PVS;EIXO: Promovendo Vidas Saudavéis;HAB;SUB-EIXO: Habitação;NEX;NEX;16;Habitação;482;Habitação Urbana;209;Implantação do Corta Caminho ;1330;Implantação do Corta Caminho;1;Ações Sociais;0,25;0;750;0;0;0;0;0;0
PVS;EIXO: Promovendo Vidas Saudavéis;HAB;SUB-EIXO: Habitação;NEX;NEX;16;Habitação;482;Habitação Urbana;209;Implantação do Corta Caminho ;1330;Implantação do Corta Caminho;2; Construção de Unidades Habitacionais - Anel Rodoviário;0,25;0;835750;0;0;0;0;0;0
PVS;EIXO: Promovendo Vidas Saudavéis;HAB;SUB-EIXO: Habitação;NEX;NEX;16;Habitação;482;Habitação Urbana;209;Implantação do Corta Caminho ;1330;Implantação do Corta Caminho;3;Via 710 - Reassentamento/Indenizações;0,25;0;388100;34878,9625;34878,9625;34878,9625;34878,9625;34878,9625;34878,9625
PVS;EIXO: Promovendo Vidas Saudavéis;HAB;SUB-EIXO: Habitação;NEX;NEX;16;Habitação;482;Habitação Urbana;209;Implantação do Corta Caminho ;1330;Implantação do Corta Caminho;6;Consultoria e Serviços Técnicos;0,25;0;69000;0;0;0;0;0;0
PVS;EIXO: Promovendo Vidas Saudavéis;HAB;SUB-EIXO: Habitação;NEX;NEX;16;Habitação;482;Habitação Urbana;209;Implantação do Corta Caminho ;1330;Implantação do Corta Caminho;8;Revitalização Anel Rodoviário - Recuperação Assentamentos Precários;0,25;0;750;0;0;0;0;0;0
PVS;EIXO: Promovendo Vidas Saudavéis;HAB;SUB-EIXO: Habitação;NEX;NEX;16;Habitação;482;Habitação Urbana;225;Vila Viva;1231;Melhorias Urbanas em Assentamentos Precários;1;Melhorias Urbanas em Assentamentos Precários;0,25;0;13077241;1120279,173;817541,27;563972,7075;1120279,173;817541,27;563972,7075
PVS;EIXO: Promovendo Vidas Saudavéis;HAB;SUB-EIXO: Habitação;NEX;NEX;16;Habitação;482;Habitação Urbana;225;Vila Viva;1231;Melhorias Urbanas em Assentamentos Precários;3;Outras Intervenções em Assentamentos Precários;0,25;0;426500;32382,525;21649,165;21649,165;32382,525;21649,165;21649,165
PVS;EIXO: Promovendo Vidas Saudavéis;HAB;SUB-EIXO: Habitação;NEX;NEX;16;Habitação;482;Habitação Urbana;225;Vila Viva;1231;Melhorias Urbanas em Assentamentos Precários;4;Orçamento Participativo - Empreendimento;0,25;0;7270636;530401,515;340665,665;340665,665;530401,515;340665,665;340665,665
PVS;EIXO: Promovendo Vidas Saudavéis;HAB;SUB-EIXO: Habitação;NEX;NEX;16;Habitação;482;Habitação Urbana;225;Vila Viva;1231;Melhorias Urbanas em Assentamentos Precários;5;Planos Globais Específicos;0,25;0;211975;71078,14;30906,1275;30906,1275;71078,14;30906,1275;30906,1275
PVS;EIXO: Promovendo Vidas Saudavéis;HAB;SUB-EIXO: Habitação;NEX;NEX;16;Habitação;482;Habitação Urbana;225;Vila Viva;1231;Melhorias Urbanas em Assentamentos Precários;6;Apoio Técnico a Projeto ou Obra;0,25;0;163000;157500;39844,03;39844,03;157500;39844,03;39844,03
PVS;EIXO: Promovendo Vidas Saudavéis;HAB;SUB-EIXO: Habitação;NEX;NEX;16;Habitação;482;Habitação Urbana;225;Vila Viva;1231;Melhorias Urbanas em Assentamentos Precários;7;Plano de Regularização Urbanística;0,25;0;382750;179488,2775;128483,39;128483,39;179488,2775;128483,39;128483,39
PVS;EIXO: Promovendo Vidas Saudavéis;HAB;SUB-EIXO: Habitação;NEX;NEX;16;Habitação;482;Habitação Urbana;225;Vila Viva;1231;Melhorias Urbanas em Assentamentos Precários;8;Ações Sociais em Assentamentos Precários;0,25;0;1499500;142500;38886,8775;22104,3525;142500;38886,8775;22104,3525
PVS;EIXO: Promovendo Vidas Saudavéis;HAB;SUB-EIXO: Habitação;NEX;NEX;16;Habitação;482;Habitação Urbana;225;Vila Viva;1231;Melhorias Urbanas em Assentamentos Precários;9;Implantação do Vila Viva - Morro das Pedras;0,25;0;1137619;0;0;0;0;0;0
PVS;EIXO: Promovendo Vidas Saudavéis;HAB;SUB-EIXO: Habitação;NEX;NEX;16;Habitação;482;Habitação Urbana;225;Vila Viva;1231;Melhorias Urbanas em Assentamentos Precários;10;Implantação do Vila Viva - Taquaril;0,25;0;8417500;275000;134580,3675;132315,975;275000;134580,3675;132315,975
PVS;EIXO: Promovendo Vidas Saudavéis;HAB;SUB-EIXO: Habitação;NEX;NEX;16;Habitação;482;Habitação Urbana;225;Vila Viva;1231;Melhorias Urbanas em Assentamentos Precários;11;Implantação do Vila Viva - Califórnia;0,25;0;45500;70123,14;70123,14;70123,14;70123,14;70123,14;70123,14
PVS;EIXO: Promovendo Vidas Saudavéis;HAB;SUB-EIXO: Habitação;NEX;NEX;16;Habitação;482;Habitação Urbana;225;Vila Viva;1231;Melhorias Urbanas em Assentamentos Precários;13;Implantação do Vila Viva - Vila Pedreira Prado Lopes;0,25;0;1451375;275000;89268,0425;89268,0425;275000;89268,0425;89268,0425
PVS;EIXO: Promovendo Vidas Saudavéis;HAB;SUB-EIXO: Habitação;NEX;NEX;16;Habitação;482;Habitação Urbana;225;Vila Viva;1231;Melhorias Urbanas em Assentamentos Precários;14;Implantação do Vila Viva - Vila Cemig/Alto das Antenas;0,25;0;944043;312500;143971,7325;143971,7325;312500;143971,7325;143971,7325
PVS;EIXO: Promovendo Vidas Saudavéis;HAB;SUB-EIXO: Habitação;NEX;NEX;16;Habitação;482;Habitação Urbana;225;Vila Viva;1231;Melhorias Urbanas em Assentamentos Precários;15;Implantação do Vila Viva - Aglomerado Aeroporto/São Tomaz;0,25;0;3030250;0;0;0;0;0;0
PVS;EIXO: Promovendo Vidas Saudavéis;HAB;SUB-EIXO: Habitação;NEX;NEX;16;Habitação;482;Habitação Urbana;225;Vila Viva;1231;Melhorias Urbanas em Assentamentos Precários;18;Implantação do Vila Viva - Aglomerado da Serra;0,25;0;1527725;44005,5725;42245,345;0;44005,5725;42245,345;0
PVS;EIXO: Promovendo Vidas Saudavéis;HAB;SUB-EIXO: Habitação;NEX;NEX;16;Habitação;482;Habitação Urbana;225;Vila Viva;1231;Melhorias Urbanas em Assentamentos Precários;19;Implantação do Vila Viva - Aglomerado Santa Lúcia;0,25;0;9487502;765556,65;756851,8075;247631,065;765556,65;756851,8075;247631,065
PVS;EIXO: Promovendo Vidas Saudavéis;HAB;SUB-EIXO: Habitação;NEX;NEX;16;Habitação;482;Habitação Urbana;225;Vila Viva;1231;Melhorias Urbanas em Assentamentos Precários;20;Regularização de Domícílios;0,25;0;1339000;0;0;0;0;0;0
PVS;EIXO: Promovendo Vidas Saudavéis;HAB;SUB-EIXO: Habitação;NEX;NEX;16;Habitação;482;Habitação Urbana;225;Vila Viva;1231;Melhorias Urbanas em Assentamentos Precários;22;Eliminação das Situações de Risco Muito Alto e Alto;0,25;0;5720750;479400,4425;310846,2825;302363,755;479400,4425;310846,2825;302363,755
PVS;EIXO: Promovendo Vidas Saudavéis;HAB;SUB-EIXO: Habitação;NEX;NEX;16;Habitação;482;Habitação Urbana;225;Vila Viva;1231;Melhorias Urbanas em Assentamentos Precários;23;Obras de Manutenção em Assentamentos Precários;0,25;0;2250250;0;0;0;0;0;0
PVS;EIXO: Promovendo Vidas Saudavéis;HAB;SUB-EIXO: Habitação;NEX;NEX;16;Habitação;482;Habitação Urbana;225;Vila Viva;1231;Melhorias Urbanas em Assentamentos Precários;25;Reassentamento/Indenizações;0,25;0;1768500;27655,85;27655,85;27655,85;27655,85;27655,85;27655,85
PVS;EIXO: Promovendo Vidas Saudavéis;HAB;SUB-EIXO: Habitação;NEX;NEX;16;Habitação;482;Habitação Urbana;225;Vila Viva;1231;Melhorias Urbanas em Assentamentos Precários;26;Reassentamento/Indenizações - Programa Vila Viva;0,25;0;1284000;158546,6875;158546,675;0;158546,6875;158546,675;0
PVS;EIXO: Promovendo Vidas Saudavéis;HAB;SUB-EIXO: Habitação;NEX;NEX;16;Habitação;482;Habitação Urbana;226;Habitação ;1207;Produção de Moradias;3;Produção de Moradias do Programa Minha Casa Minha Vida;0,25;0;21998100;68864,915;67714,69;67714,69;68864,915;67714,69;67714,69
PVS;EIXO: Promovendo Vidas Saudavéis;HAB;SUB-EIXO: Habitação;NEX;NEX;16;Habitação;482;Habitação Urbana;226;Habitação ;1207;Produção de Moradias;7;Acompanhamento Social de Famílias do Programa Minha Casa Minha Vida;0,25;0;1884000;0;0;0;0;0;0
PVS;EIXO: Promovendo Vidas Saudavéis;HAB;SUB-EIXO: Habitação;NEX;NEX;16;Habitação;482;Habitação Urbana;226;Habitação ;1207;Produção de Moradias;8;Gestão da Política Municipal de Habitação-PMH e Participação Popular;0,25;0;208000;59970,3;20262,75;0;59970,3;20262,75;0
PVS;EIXO: Promovendo Vidas Saudavéis;HAB;SUB-EIXO: Habitação;NEX;NEX;16;Habitação;482;Habitação Urbana;226;Habitação ;1207;Produção de Moradias;11;Regularização de Moradias implantadas pela PBH no período de 1993 a 2012;0,25;0;37500;41413,0575;40793,5825;40793,5825;41413,0575;40793,5825;40793,5825
PVS;EIXO: Promovendo Vidas Saudavéis;HAB;SUB-EIXO: Habitação;NEX;NEX;16;Habitação;482;Habitação Urbana;226;Habitação ;1207;Produção de Moradias;12;Titulação de Moradias implantadas pela PBH no período 1993-2012;0,25;0;37500;0;0;0;0;0;0
PVS;EIXO: Promovendo Vidas Saudavéis;HAB;SUB-EIXO: Habitação;NEX;NEX;16;Habitação;482;Habitação Urbana;226;Habitação ;1207;Produção de Moradias;18; Reassentamento/Indenizações;0,25;0;353000;0;0;0;0;0;0
PVS;EIXO: Promovendo Vidas Saudavéis;HAB;SUB-EIXO: Habitação;NEX;NEX;16;Habitação;482;Habitação Urbana;234;BH Cidadania  e o SUAS - Sistema Único de Assistência Social ;1231;Melhorias Urbanas em Assentamentos Precários;1;Melhorias Urbanas em Assentamentos Precários;0,25;0;5750;0;0;0;0;0;0
PVS;EIXO: Promovendo Vidas Saudavéis;HAB;SUB-EIXO: Habitação;NEX;NEX;16;Habitação;482;Habitação Urbana;234;BH Cidadania  e o SUAS - Sistema Único de Assistência Social ;1231;Melhorias Urbanas em Assentamentos Precários;32;Projetos e Obras de Melhorias Habitacionais;0,25;0;100401;0;0;0;0;0;0
PVS;EIXO: Promovendo Vidas Saudavéis;HAB;SUB-EIXO: Habitação;NEX;NEX;16;Habitação;482;Habitação Urbana;234;BH Cidadania  e o SUAS - Sistema Único de Assistência Social ;1231;Melhorias Urbanas em Assentamentos Precários;34;"Atendimento ampliado kit de acessibilidade ""kit Idoso"" às famílias de pessoas com deficiência ";0,25;0;100000;0;0;0;0;0;0
PVS;EIXO: Promovendo Vidas Saudavéis;SAN;SUB-EIXO: Saneamento;NEX;NEX;17;Saneamento;512;Saneamento Básico Urbano;46;Operacionalização e Modernização da Limpeza Pública;2537;Tratamento e Destinação de Resíduos Sólidos;1;Serviços de Operação de Áreas de Manejo, de Remoção e Destinação de Resíduos de Construção Civil;0,25;0;3954049;1306567,5;260942,5475;163687,4925;1306567,5;260942,5475;163687,4925
PVS;EIXO: Promovendo Vidas Saudavéis;SAN;SUB-EIXO: Saneamento;NEX;NEX;17;Saneamento;512;Saneamento Básico Urbano;46;Operacionalização e Modernização da Limpeza Pública;2537;Tratamento e Destinação de Resíduos Sólidos;2;Reestruturação da Infraestrutura para Triagem de Materiais Recicláveis;0,25;0;150000;0;0;0;0;0;0
PVS;EIXO: Promovendo Vidas Saudavéis;SAN;SUB-EIXO: Saneamento;NEX;NEX;17;Saneamento;512;Saneamento Básico Urbano;46;Operacionalização e Modernização da Limpeza Pública;2537;Tratamento e Destinação de Resíduos Sólidos;3;Transbordo de Resíduos Sólidos;0,25;0;1672595;135307;106505,35;95156,3625;135307;106505,35;95156,3625
PVS;EIXO: Promovendo Vidas Saudavéis;SAN;SUB-EIXO: Saneamento;NEX;NEX;17;Saneamento;512;Saneamento Básico Urbano;46;Operacionalização e Modernização da Limpeza Pública;2537;Tratamento e Destinação de Resíduos Sólidos;11;Aterragem de Resíduos Sólidos;0,25;0;6540657;2941306;1382252,843;1041935,448;2941306;1382252,843;1041935,448
PVS;EIXO: Promovendo Vidas Saudavéis;SAN;SUB-EIXO: Saneamento;NEX;NEX;17;Saneamento;512;Saneamento Básico Urbano;46;Operacionalização e Modernização da Limpeza Pública;2539;Execução dos Serviços de Limpeza Urbana;3;Limpeza de Áreas Públicas Decorrentes de Grandes Eventos;0,25;0;771047;130366,25;115854,0475;115854,0475;130366,25;115854,0475;115854,0475
PVS;EIXO: Promovendo Vidas Saudavéis;SAN;SUB-EIXO: Saneamento;NEX;NEX;17;Saneamento;512;Saneamento Básico Urbano;46;Operacionalização e Modernização da Limpeza Pública;2539;Execução dos Serviços de Limpeza Urbana;4;Cobertura dos Serviços de Limpeza de Vias em Áreas Urbanas;0,25;0;23607927;8380079,343;6374953,545;5076036,835;8380079,343;6374953,545;5076036,835
PVS;EIXO: Promovendo Vidas Saudavéis;SAN;SUB-EIXO: Saneamento;NEX;NEX;17;Saneamento;512;Saneamento Básico Urbano;46;Operacionalização e Modernização da Limpeza Pública;2539;Execução dos Serviços de Limpeza Urbana;5;Gerenciamento da Central de Tratamento de Resíduos Sólidos;0,25;0;1798750;549237,73;317668,83;289692,035;549237,73;317668,83;289692,035
PVS;EIXO: Promovendo Vidas Saudavéis;SAN;SUB-EIXO: Saneamento;NEX;NEX;17;Saneamento;512;Saneamento Básico Urbano;46;Operacionalização e Modernização da Limpeza Pública;2539;Execução dos Serviços de Limpeza Urbana;7;Execução de Serviços de Limpeza Urbana - Multitarefa;0,25;0;9364273;2772239,033;1797123,508;1317281,288;2772239,033;1797123,508;1317281,288
PVS;EIXO: Promovendo Vidas Saudavéis;SAN;SUB-EIXO: Saneamento;NEX;NEX;17;Saneamento;512;Saneamento Básico Urbano;46;Operacionalização e Modernização da Limpeza Pública;2900;Serviços Administrativos e Financeiros;1;Serviços Administrativos e Financeiros ;0,25;0;31868713;10712938,47;10325046,12;10273501,24;10712938,47;10325046,12;10273501,24
PVS;EIXO: Promovendo Vidas Saudavéis;SAN;SUB-EIXO: Saneamento;NEX;NEX;17;Saneamento;512;Saneamento Básico Urbano;66;Saneamento e Tratamento de Fundos de Vale;1203;Drenagem e Tratamento de Fundos de Vale;1;Drenagem e Tratamento de Fundos de Vale   ;0,25;0;10554088;843317;320979,3725;80839,9125;843317;320979,3725;80839,9125
PVS;EIXO: Promovendo Vidas Saudavéis;SAN;SUB-EIXO: Saneamento;NEX;NEX;17;Saneamento;512;Saneamento Básico Urbano;225;Vila Viva;1231;Melhorias Urbanas em Assentamentos Precários;16;Implantação do Vila Viva - Complexo Várzea da Palma;0,25;0;2004246;807111,475;262983,2625;207075,6075;807111,475;262983,2625;207075,6075
PVS;EIXO: Promovendo Vidas Saudavéis;SAN;SUB-EIXO: Saneamento;NEX;NEX;17;Saneamento;512;Saneamento Básico Urbano;228;Coleta, Destinação e Tratamento de Resíduos Sólidos ;2538;Execução dos Serviços de Coleta de Resíduos;1;Coleta de Resíduos Sólidos;0,25;0;25163097;6952070,183;4884918,57;4745076,393;6952070,183;4884918,57;4745076,393
PVS;EIXO: Promovendo Vidas Saudavéis;SAN;SUB-EIXO: Saneamento;NEX;NEX;17;Saneamento;512;Saneamento Básico Urbano;228;Coleta, Destinação e Tratamento de Resíduos Sólidos ;2538;Execução dos Serviços de Coleta de Resíduos;2;Serviços de Coleta Seletiva na modalidade ponto a ponto;0,25;0;2500;0;0;0;0;0;0
PVS;EIXO: Promovendo Vidas Saudavéis;SAN;SUB-EIXO: Saneamento;NEX;NEX;17;Saneamento;512;Saneamento Básico Urbano;228;Coleta, Destinação e Tratamento de Resíduos Sólidos ;2539;Execução dos Serviços de Limpeza Urbana;2;Instalação e Manutenção de Cestos Coletores;0,25;0;510842;82397,655;64655,53;52287,1075;82397,655;64655,53;52287,1075
PVS;EIXO: Promovendo Vidas Saudavéis;SAN;SUB-EIXO: Saneamento;NEX;NEX;17;Saneamento;512;Saneamento Básico Urbano;233;Manutenção da Cidade;1203;Drenagem e Tratamento de Fundos de Vale;3;Serviços e Obras de Conteção e Manutenção em Redes de Drenagem Pluvial;0,25;0;6502741;1156180,005;397337,1;349938,8975;1156180,005;397337,1;349938,8975
PVS;EIXO: Promovendo Vidas Saudavéis;SAN;SUB-EIXO: Saneamento;NEX;NEX;17;Saneamento;512;Saneamento Básico Urbano;243;Gestão Ambiental;1203;Drenagem e Tratamento de Fundos de Vale;1;Drenagem e Tratamento de Fundos de Vale   ;0,25;0;112673280;4908573,198;1373460,098;821006,1675;4908573,198;1373460,098;821006,1675
PVS;EIXO: Promovendo Vidas Saudavéis;SAN;SUB-EIXO: Saneamento;NEX;NEX;17;Saneamento;512;Saneamento Básico Urbano;243;Gestão Ambiental;1307;Implantação do Programa DRENURBS;1;Implantação do Programa DRENURBS;0,25;0;283678;74638,1075;2867,0575;0;74638,1075;2867,0575;0
PVS;EIXO: Promovendo Vidas Saudavéis;SAN;SUB-EIXO: Saneamento;NEX;NEX;17;Saneamento;512;Saneamento Básico Urbano;243;Gestão Ambiental;1307;Implantação do Programa DRENURBS;2;Recuperação Ambiental do Córrego Bonsucesso;0,25;0;11186679;301258,045;80924,5875;0;301258,045;80924,5875;0
PVS;EIXO: Promovendo Vidas Saudavéis;SAN;SUB-EIXO: Saneamento;NEX;NEX;17;Saneamento;512;Saneamento Básico Urbano;243;Gestão Ambiental;1307;Implantação do Programa DRENURBS;3;Implantação do Drenurbs - custeios gerais;0,25;0;16250;0;0;0;0;0;0
PVS;EIXO: Promovendo Vidas Saudavéis;SAU;SUB-EIXO: Saúde;NEX;NEX;10;Saúde;122;Administração Geral;30;Atendimento Ambulatorial, Emergencial e Hospitalar;2900;Serviços Administrativos e Financeiros;1;Serviços Administrativos e Financeiros ;0,25;0;8642050;2473703,513;1364556,395;951360,4025;2473703,513;1364556,395;951360,4025
PVS;EIXO: Promovendo Vidas Saudavéis;SAU;SUB-EIXO: Saúde;NEX;NEX;10;Saúde;122;Administração Geral;114;Rede de Cuidados Especializados Complementares à Saúde;2891;Rede Própria de Cuidados Especializados Complementares à Saúde - Ambulatorial;6;Gestão de Recursos Humanos;0,25;0;28065250;7962913,55;7962913,55;5986443,183;7962913,55;7962913,55;5986443,183
PVS;EIXO: Promovendo Vidas Saudavéis;SAU;SUB-EIXO: Saúde;NEX;NEX;10;Saúde;122;Administração Geral;117;Gestão do SUS-BH;2662;Gestão do SUS-BH;1;Manutenção e Modernização dos Sistemas de Informação em Saúde na PBH;0,25;0;2821600;130109,405;80986,465;21242,35;130109,405;80986,465;21242,35
PVS;EIXO: Promovendo Vidas Saudavéis;SAU;SUB-EIXO: Saúde;NEX;NEX;10;Saúde;122;Administração Geral;117;Gestão do SUS-BH;2662;Gestão do SUS-BH;5;Incorporação de Tecnologia de Informação e Comunicação para Área de Urgência da SMSA-PMAT IV. ;0,25;0;115000;0;0;0;0;0;0
PVS;EIXO: Promovendo Vidas Saudavéis;SAU;SUB-EIXO: Saúde;NEX;NEX;10;Saúde;122;Administração Geral;117;Gestão do SUS-BH;2662;Gestão do SUS-BH;6;Sitema de Gestão da Regulação - PMAT IV;0,25;0;1427500;174087,5;1279,54;0;174087,5;1279,54;0
PVS;EIXO: Promovendo Vidas Saudavéis;SAU;SUB-EIXO: Saúde;NEX;NEX;10;Saúde;122;Administração Geral;117;Gestão do SUS-BH;2662;Gestão do SUS-BH;7;Evolução Tecnológica do SISREDE - PMAT IV.;0,25;0;206822;0;0;0;0;0;0
PVS;EIXO: Promovendo Vidas Saudavéis;SAU;SUB-EIXO: Saúde;NEX;NEX;10;Saúde;122;Administração Geral;117;Gestão do SUS-BH;2662;Gestão do SUS-BH;8;Coleta Móvel de Dados pelos ACS's - PMAT IV.;0,25;0;375000;0;0;0;0;0;0
PVS;EIXO: Promovendo Vidas Saudavéis;SAU;SUB-EIXO: Saúde;NEX;NEX;10;Saúde;122;Administração Geral;117;Gestão do SUS-BH;2662;Gestão do SUS-BH;9;Infraestrutura de Tecnologia de Informação e Comunicação do Hospital Metropolitano.;0,25;0;183750;71125;71125;71125;71125;71125;71125
PVS;EIXO: Promovendo Vidas Saudavéis;SAU;SUB-EIXO: Saúde;NEX;NEX;10;Saúde;122;Administração Geral;117;Gestão do SUS-BH;2895;Suporte Logístico;3;Serviços de Apoio à Rede Própria do SUS-BH;0,25;0;34448798;9970204,668;6459892,38;2561903,27;9970204,668;6459892,38;2561903,27
PVS;EIXO: Promovendo Vidas Saudavéis;SAU;SUB-EIXO: Saúde;NEX;NEX;10;Saúde;122;Administração Geral;117;Gestão do SUS-BH;2895;Suporte Logístico;4;Manutenção dos Equipamentos, Mobiliários e Prediais;0,25;0;1103050;0;0;0;0;0;0
PVS;EIXO: Promovendo Vidas Saudavéis;SAU;SUB-EIXO: Saúde;NEX;NEX;10;Saúde;122;Administração Geral;117;Gestão do SUS-BH;2895;Suporte Logístico;5;Gestão dos Recursos Humanos;0,25;0;74856500;27242569,67;19972277,3;15211073,9;27242569,67;19972277,3;15211073,9
PVS;EIXO: Promovendo Vidas Saudavéis;SAU;SUB-EIXO: Saúde;NEX;NEX;10;Saúde;122;Administração Geral;157;Atenção Primária à Saúde (APS);2690;Saúde da Família;10;Gestão de Recursos Humanos;0,25;0;131553000;38296132,47;38296132,47;28814634,07;38296132,47;38296132,47;28814634,07
PVS;EIXO: Promovendo Vidas Saudavéis;SAU;SUB-EIXO: Saúde;NEX;NEX;10;Saúde;122;Administração Geral;204;Gestão e Regionalização da Saúde ;1216;Construção, Ampliação e Reforma de Unidades de Saúde;1;Construção, Ampliação e Reforma de Unidades de Saúde;0,25;0;18196025;533878,9775;494536,38;317729,39;533878,9775;494536,38;317729,39
PVS;EIXO: Promovendo Vidas Saudavéis;SAU;SUB-EIXO: Saúde;NEX;NEX;10;Saúde;122;Administração Geral;204;Gestão e Regionalização da Saúde ;2334;Gestão Compartilhada e Participação Social;2;Apoio aos Conselhos Municipais;0,25;0;262594;26004,73;10399,6925;10399,6925;26004,73;10399,6925;10399,6925
PVS;EIXO: Promovendo Vidas Saudavéis;SAU;SUB-EIXO: Saúde;NEX;NEX;10;Saúde;122;Administração Geral;204;Gestão e Regionalização da Saúde ;2334;Gestão Compartilhada e Participação Social;24;Capacitação de Conselheiros ;0,25;0;141750;0;0;0;0;0;0
PVS;EIXO: Promovendo Vidas Saudavéis;SAU;SUB-EIXO: Saúde;NEX;NEX;10;Saúde;128;Formação de Recursos Humanos;30;Atendimento Ambulatorial, Emergencial e Hospitalar;2176;Gestão do Trabalho, Ensino e Pesquisa;1;Gerenciamento do Sistema de Recursos Humanos;0,25;0;3907459;1535532,035;800928,5425;790179,76;1535532,035;800928,5425;790179,76
PVS;EIXO: Promovendo Vidas Saudavéis;SAU;SUB-EIXO: Saúde;NEX;NEX;10;Saúde;301;Atenção Básica;157;Atenção Primária à Saúde (APS);2690;Saúde da Família;1;Atendimento da População na Atenção Primária à Saúde do SUS-BH;0,25;0;23593273;7191982,953;3872269,85;910547,98;7191982,953;3872269,85;910547,98
PVS;EIXO: Promovendo Vidas Saudavéis;SAU;SUB-EIXO: Saúde;NEX;NEX;10;Saúde;301;Atenção Básica;157;Atenção Primária à Saúde (APS);2690;Saúde da Família;10;Gestão de Recursos Humanos;0,25;0;31416186;4863538,555;3939903,258;2972200;4863538,555;3939903,258;2972200
PVS;EIXO: Promovendo Vidas Saudavéis;SAU;SUB-EIXO: Saúde;NEX;NEX;10;Saúde;301;Atenção Básica;202;Saúde da Família ;1371;Parcerias Público Privadas, Concessões e Operações Urbanas;6;Centros de Saúde/Unidades Básicas de Saúde em Funcionamento - Qualificação da infraestrutura;0,25;0;12696975;0;0;0;0;0;0
PVS;EIXO: Promovendo Vidas Saudavéis;SAU;SUB-EIXO: Saúde;NEX;NEX;10;Saúde;302;Assistência Hospitalar e Ambulatorial;30;Atendimento Ambulatorial, Emergencial e Hospitalar;2616;Gestão da Assistência Hospitalar e Ambulatorial;1;Assistência Hospitalar e Ambulatorial;0,25;0;17142909;6059072,463;3080039,315;2939763,755;6059072,463;3080039,315;2939763,755
PVS;EIXO: Promovendo Vidas Saudavéis;SAU;SUB-EIXO: Saúde;EX;EX;10;Saúde;302;Assistência Hospitalar e Ambulatorial;30;Atendimento Ambulatorial, Emergencial e Hospitalar;2616;Gestão da Assistência Hospitalar e Ambulatorial;2;Unidade Materno Infantil;1;0;13200000;0;0;0;0;0;0
PVS;EIXO: Promovendo Vidas Saudavéis;SAU;SUB-EIXO: Saúde;NEX;NEX;10;Saúde;302;Assistência Hospitalar e Ambulatorial;30;Atendimento Ambulatorial, Emergencial e Hospitalar;2620;Gestão Técnico-Hospitalar;1;Gestão Técnico-Hospitalar;0,25;0;12364744;3683686,278;1914178,488;1440959,423;3683686,278;1914178,488;1440959,423
PVS;EIXO: Promovendo Vidas Saudavéis;SAU;SUB-EIXO: Saúde;NEX;NEX;10;Saúde;302;Assistência Hospitalar e Ambulatorial;30;Atendimento Ambulatorial, Emergencial e Hospitalar;2875;Gestão da Atenção à Urgência;1;Pronto Socorro do HOB;0,25;0;30027248;14855446,28;7116464,453;6798561,113;14855446,28;7116464,453;6798561,113
PVS;EIXO: Promovendo Vidas Saudavéis;SAU;SUB-EIXO: Saúde;NEX;NEX;10;Saúde;302;Assistência Hospitalar e Ambulatorial;30;Atendimento Ambulatorial, Emergencial e Hospitalar;2875;Gestão da Atenção à Urgência;2;Unidade Nossa Senhora Aparecida;0,25;0;1752459;369042,07;163062,8;24733,7425;369042,07;163062,8;24733,7425
PVS;EIXO: Promovendo Vidas Saudavéis;SAU;SUB-EIXO: Saúde;NEX;NEX;10;Saúde;302;Assistência Hospitalar e Ambulatorial;30;Atendimento Ambulatorial, Emergencial e Hospitalar;2875;Gestão da Atenção à Urgência;3;Hospital Dia;0,25;0;468219;153727,27;45641,3625;1398,6025;153727,27;45641,3625;1398,6025
PVS;EIXO: Promovendo Vidas Saudavéis;SAU;SUB-EIXO: Saúde;NEX;NEX;10;Saúde;302;Assistência Hospitalar e Ambulatorial;30;Atendimento Ambulatorial, Emergencial e Hospitalar;2875;Gestão da Atenção à Urgência;4;UPA HOB;0,25;0;4600800;35638,285;31620;495;35638,285;31620;495
PVS;EIXO: Promovendo Vidas Saudavéis;SAU;SUB-EIXO: Saúde;NEX;NEX;10;Saúde;302;Assistência Hospitalar e Ambulatorial;114;Rede de Cuidados Especializados Complementares à Saúde;2891;Rede Própria de Cuidados Especializados Complementares à Saúde - Ambulatorial;1;Atendimento da População na Rede Complementar Própria do SUS-BH;0,25;0;1373975;55913,705;8176,69;2380,95;55913,705;8176,69;2380,95
PVS;EIXO: Promovendo Vidas Saudavéis;SAU;SUB-EIXO: Saúde;NEX;NEX;10;Saúde;302;Assistência Hospitalar e Ambulatorial;114;Rede de Cuidados Especializados Complementares à Saúde;2891;Rede Própria de Cuidados Especializados Complementares à Saúde - Ambulatorial;9;Hospital Odilon Behrens;0,25;0;2491250;1176750;520675,055;513888,295;1176750;520675,055;513888,295
PVS;EIXO: Promovendo Vidas Saudavéis;SAU;SUB-EIXO: Saúde;NEX;NEX;10;Saúde;302;Assistência Hospitalar e Ambulatorial;114;Rede de Cuidados Especializados Complementares à Saúde;2891;Rede Própria de Cuidados Especializados Complementares à Saúde - Ambulatorial;10;Atendimentos em Saúde Mental;0,25;0;1199975;289124,1325;195327,97;44341,7525;289124,1325;195327,97;44341,7525
PVS;EIXO: Promovendo Vidas Saudavéis;SAU;SUB-EIXO: Saúde;NEX;NEX;10;Saúde;302;Assistência Hospitalar e Ambulatorial;114;Rede de Cuidados Especializados Complementares à Saúde;2892;Rede Contratada de Cuidados Especializados Complementares à Saúde - Ambulatorial;1;Atendimento da População na Rede Complementar Contratada do SUS-BH;0,25;0;1484350;157520,51;37349,8175;26193,39;157520,51;37349,8175;26193,39
PVS;EIXO: Promovendo Vidas Saudavéis;SAU;SUB-EIXO: Saúde;NEX;NEX;10;Saúde;302;Assistência Hospitalar e Ambulatorial;114;Rede de Cuidados Especializados Complementares à Saúde;2892;Rede Contratada de Cuidados Especializados Complementares à Saúde - Ambulatorial;2;Procedimentos Ambulatoriais Processados na Rede Complementar Contratada do SUS-BH;0,25;0;81640000;40515000;19927059,56;18610618,17;40515000;19927059,56;18610618,17
PVS;EIXO: Promovendo Vidas Saudavéis;SAU;SUB-EIXO: Saúde;NEX;NEX;10;Saúde;302;Assistência Hospitalar e Ambulatorial;114;Rede de Cuidados Especializados Complementares à Saúde;2892;Rede Contratada de Cuidados Especializados Complementares à Saúde - Ambulatorial;3;Cirurgias Eletivas SUS-BH;0,25;0;1683000;380000;190166,9625;132432,625;380000;190166,9625;132432,625
PVS;EIXO: Promovendo Vidas Saudavéis;SAU;SUB-EIXO: Saúde;NEX;NEX;10;Saúde;302;Assistência Hospitalar e Ambulatorial;114;Rede de Cuidados Especializados Complementares à Saúde;2892;Rede Contratada de Cuidados Especializados Complementares à Saúde - Ambulatorial;4;Ações de Saúde Mental;0,25;0;4393400;1335911,268;278303,1475;44750;1335911,268;278303,1475;44750
PVS;EIXO: Promovendo Vidas Saudavéis;SAU;SUB-EIXO: Saúde;NEX;NEX;10;Saúde;302;Assistência Hospitalar e Ambulatorial;114;Rede de Cuidados Especializados Complementares à Saúde;2893;Rede de Urgência;1;Atendimento da População na Rede de Urgência do SUS-BH;0,25;0;17341850;3960454,353;3534403,688;2483911,295;3960454,353;3534403,688;2483911,295
PVS;EIXO: Promovendo Vidas Saudavéis;SAU;SUB-EIXO: Saúde;NEX;NEX;10;Saúde;302;Assistência Hospitalar e Ambulatorial;201;Hospital Metropolitano;2896;Operacionalização do Hospital Metropolitano;1;Operacionalização do Hospital Metropolitano;0,25;0;38253884;1605594,173;257004,4375;255053,0225;1605594,173;257004,4375;255053,0225
PVS;EIXO: Promovendo Vidas Saudavéis;SAU;SUB-EIXO: Saúde;NEX;NEX;10;Saúde;302;Assistência Hospitalar e Ambulatorial;203;Melhoria do Atendimento Hospitalar e Especializado;2894;Rede Hospitalar;1;Atendimento da População na Rede Hospitalar do SUS-BH;0,25;0;234465000;65336500;56871900,68;49769873,06;65336500;56871900,68;49769873,06
PVS;EIXO: Promovendo Vidas Saudavéis;SAU;SUB-EIXO: Saúde;NEX;NEX;10;Saúde;302;Assistência Hospitalar e Ambulatorial;203;Melhoria do Atendimento Hospitalar e Especializado;2894;Rede Hospitalar;2;Cirurgias Eletivas no SUS-BH;0,25;0;12870000;3165000;2586692,385;1107463,98;3165000;2586692,385;1107463,98
PVS;EIXO: Promovendo Vidas Saudavéis;SAU;SUB-EIXO: Saúde;NEX;NEX;10;Saúde;302;Assistência Hospitalar e Ambulatorial;203;Melhoria do Atendimento Hospitalar e Especializado;2894;Rede Hospitalar;3;Hospital Odilon Behrens;0,25;0;68601108;20302706,45;17416332,26;12211624,91;20302706,45;17416332,26;12211624,91
PVS;EIXO: Promovendo Vidas Saudavéis;SAU;SUB-EIXO: Saúde;NEX;NEX;10;Saúde;303;Suporte Profilático e Terapêutico;204;Gestão e Regionalização da Saúde ;2895;Suporte Logístico;1;Assistência Farmacêutica;0,25;0;7000000;1405631,808;370218,68;4518,125;1405631,808;370218,68;4518,125
PVS;EIXO: Promovendo Vidas Saudavéis;SAU;SUB-EIXO: Saúde;NEX;NEX;10;Saúde;304;Vigilância Sanitária;28;Vigilância em Saúde;2829;Vigilância em Saúde;2;Ações de Vigilância Sanitária e Saúde do Trabalhador;0,25;0;116500;2375;0;0;2375;0;0
PVS;EIXO: Promovendo Vidas Saudavéis;SAU;SUB-EIXO: Saúde;NEX;NEX;10;Saúde;304;Vigilância Sanitária;28;Vigilância em Saúde;2829;Vigilância em Saúde;7;Campanha de Prevenção de Leishmaniose em Centros de Saúde;0,25;0;5000;0;0;0;0;0;0
PVS;EIXO: Promovendo Vidas Saudavéis;SAU;SUB-EIXO: Saúde;NEX;NEX;10;Saúde;305;Vigilância Epidemiológica;28;Vigilância em Saúde;2829;Vigilância em Saúde;1;Ações de Vigilância, Prevenção e Controle de Doenças e Agravos - Zoonozes;0,25;0;2300000;792407,34;439079,1475;11255,685;792407,34;439079,1475;11255,685
PVS;EIXO: Promovendo Vidas Saudavéis;SAU;SUB-EIXO: Saúde;NEX;NEX;10;Saúde;305;Vigilância Epidemiológica;28;Vigilância em Saúde;2829;Vigilância em Saúde;3;Ações de Vigilância Epidemiológica;0,25;0;1200000;192707,7775;76455,7475;43079,2675;192707,7775;76455,7475;43079,2675
PVS;EIXO: Promovendo Vidas Saudavéis;SAU;SUB-EIXO: Saúde;NEX;NEX;10;Saúde;305;Vigilância Epidemiológica;28;Vigilância em Saúde;2829;Vigilância em Saúde;5;Gestão de Recursos Humanos;0,25;0;12674842;2016250;1004379,318;731454,66;2016250;1004379,318;731454,66
PVS;EIXO: Promovendo Vidas Saudavéis;SAU;SUB-EIXO: Saúde;NEX;NEX;10;Saúde;305;Vigilância Epidemiológica;28;Vigilância em Saúde;2829;Vigilância em Saúde;8;Ações de Vigilância da Dengue;0,25;0;512500;1991291,65;1699736,788;1285037,013;1991291,65;1699736,788;1285037,013
PVS;EIXO: Promovendo Vidas Saudavéis;SAU;SUB-EIXO: Saúde;NEX;NEX;10;Saúde;305;Vigilância Epidemiológica;28;Vigilância em Saúde;2829;Vigilância em Saúde;9;Ações de Atenção DST e AIDS - Prevenção, Assistência e Capacitação de multiplicadores.;0,25;0;956750;161117,135;130175,8175;87747,5;161117,135;130175,8175;87747,5
PVS;EIXO: Promovendo Vidas Saudavéis;SAU;SUB-EIXO: Saúde;NEX;NEX;19;Ciência e Tecnologia;302;Assistência Hospitalar e Ambulatorial;85;Gestão da Política de Tecnologia da Informação e Comunicação;2605;Evolução da Rede de Telecomunicações da PBH ;2;Serviços de Informática - Saúde;0,25;0;694248;178777,39;111395,86;91137,5375;178777,39;111395,86;91137,5375
