Demonstrativo do Orçamento OCA 2º Quadrimestre 2016;;;;;;;;;;;;;;;;;;;;;;;
Eixo;Nome;Sub eixo;Nome;classif03;Função;Nome;Sub função;Nome;programa;Nome;Ação;Nome;Sub ação;Nome;indice_proporcionalidade;valor_credito_inicial;Orçado;valor_empenhado;valor_liquidado;valor_pago;Empenhado;Liquidado ;Pago
AEQ;EIXO: Acesso à Educação de Qualidade;CUL;SUB-EIXO: Cultura;NEX;12;Educação;361;Ensino Fundamental;85;Gestão da Política de Tecnologia da Informação e Comunicação;2605;Evolução da Rede de Telecomunicações da PBH ;1;Serviços de Informática - Educação ;0.25;0;299,499.00;77,136.94;118,965.76;115,752.58;172,141.34;152,477.27;145,149.54
AEQ;EIXO: Acesso à Educação de Qualidade;CUL;SUB-EIXO: Cultura;EX;12;Educação;361;Ensino Fundamental;154;Fomento, Incentivo e Desenvolvimento Cultural;2371;Fomento e Estímulo à Cultura;26;Projeto Arte na Escola;1;0;200,000.00;119,500.00;13,200.00;385.00;119,500.00;13,200.00;385.00
AEQ;EIXO: Acesso à Educação de Qualidade;CUL;SUB-EIXO: Cultura;EX;12;Educação;392;Difusão Cultural;154;Fomento, Incentivo e Desenvolvimento Cultural;2371;Fomento e Estímulo à Cultura;3;Projeto Arena da Cultura / Escola Livre de Artes;1;0;1,902,200.00;740,878.38;0.00;0.00;740,878.38;0.00;0.00
AEQ;EIXO: Acesso à Educação de Qualidade;CUL;SUB-EIXO: Cultura;NEX;13;Cultura;122;Administração Geral;146;Gestão da Política Cultural;2334;Gestão Compartilhada e Participação Social;2;Apoio aos Conselhos Municipais;0.25;0;4,875.00;1,242.28;1,242.28;1,242.28;1,457.80;1,457.80;1,457.80
AEQ;EIXO: Acesso à Educação de Qualidade;CUL;SUB-EIXO: Cultura;NEX;13;Cultura;122;Administração Geral;146;Gestão da Política Cultural;2338;Gestão, Planejamento e Administração Cultural;1;Gerenciamento da Infraestrutura;0.25;0;3,350,085.00;620,351.85;792,398.21;792,172.92;1,430,314.73;1,362,994.22;1,362,140.20
AEQ;EIXO: Acesso à Educação de Qualidade;CUL;SUB-EIXO: Cultura;NEX;13;Cultura;122;Administração Geral;146;Gestão da Política Cultural;2338;Gestão, Planejamento e Administração Cultural;2;Participação da Fundação em Eventos Locais, Nacionais e Internacionais;0.25;0;136,750.00;8,789.20;10,216.99;12,311.17;19,741.70;18,488.04;17,178.71
AEQ;EIXO: Acesso à Educação de Qualidade;CUL;SUB-EIXO: Cultura;NEX;13;Cultura;122;Administração Geral;146;Gestão da Política Cultural;2338;Gestão, Planejamento e Administração Cultural;3;Ações de Divulgação e Comunicação Institucional;0.25;0;84,250.00;31,066.25;9,009.55;9,009.55;51,900.00;9,009.55;9,009.55
AEQ;EIXO: Acesso à Educação de Qualidade;CUL;SUB-EIXO: Cultura;NEX;13;Cultura;122;Administração Geral;146;Gestão da Política Cultural;2338;Gestão, Planejamento e Administração Cultural;4;Gerenciamento de Programas e Informações Culturais;0.25;0;561,300.00;0.00;0.00;0.00;0.00;0.00;0.00
AEQ;EIXO: Acesso à Educação de Qualidade;CUL;SUB-EIXO: Cultura;NEX;13;Cultura;122;Administração Geral;146;Gestão da Política Cultural;2338;Gestão, Planejamento e Administração Cultural;5;Desenvolvimento Organizacional e Capacitação de Recursos Humanos;0.25;0;2,135,075.00;573,893.07;752,057.05;745,193.17;1,308,066.15;1,289,578.73;1,272,838.16
AEQ;EIXO: Acesso à Educação de Qualidade;CUL;SUB-EIXO: Cultura;NEX;13;Cultura;122;Administração Geral;146;Gestão da Política Cultural;2900;Serviços Administrativos e Financeiros;1;Serviços Administrativos e Financeiros ;0.25;0;2,687,242.00;863,777.51;1,066,956.32;1,039,432.88;1,942,059.89;1,722,742.03;1,675,634.93
AEQ;EIXO: Acesso à Educação de Qualidade;CUL;SUB-EIXO: Cultura;NEX;13;Cultura;122;Administração Geral;239;Rede BH Cultural ;2338;Gestão, Planejamento e Administração Cultural;4;Gerenciamento de Programas e Informações Culturais;0.25;0;39,000.00;0.00;0.00;0.00;0.00;0.00;0.00
AEQ;EIXO: Acesso à Educação de Qualidade;CUL;SUB-EIXO: Cultura;NEX;13;Cultura;391;Patrimônio Histórico, Artístico e Arqueológico;155;História, Memória e Patrimônio Cultural de Belo Horizonte;2375;Identificação e Valorização do Patrimônio e das Identidades Culturais;1;Preservação do Patrimônio Cultural;0.25;0;1,631,000.00;521,054.52;523,537.00;523,537.00;947,468.57;945,958.27;945,958.27
AEQ;EIXO: Acesso à Educação de Qualidade;CUL;SUB-EIXO: Cultura;NEX;13;Cultura;391;Patrimônio Histórico, Artístico e Arqueológico;155;História, Memória e Patrimônio Cultural de Belo Horizonte;2375;Identificação e Valorização do Patrimônio e das Identidades Culturais;2;Educação Patrimonial e Preservação da Memória Coletiva;0.25;0;452,000.00;2,500.00;2,500.00;26,375.00;33,875.00;33,875.00;33,875.00
AEQ;EIXO: Acesso à Educação de Qualidade;CUL;SUB-EIXO: Cultura;NEX;13;Cultura;391;Patrimônio Histórico, Artístico e Arqueológico;155;História, Memória e Patrimônio Cultural de Belo Horizonte;2375;Identificação e Valorização do Patrimônio e das Identidades Culturais;3;Atendimento aos Usuários de Serviços de Patrimônio;0.25;0;1,250.00;0.00;0.00;0.00;0.00;0.00;0.00
AEQ;EIXO: Acesso à Educação de Qualidade;CUL;SUB-EIXO: Cultura;NEX;13;Cultura;391;Patrimônio Histórico, Artístico e Arqueológico;155;História, Memória e Patrimônio Cultural de Belo Horizonte;2375;Identificação e Valorização do Patrimônio e das Identidades Culturais;4;Aquisição e Desenvolvimento de Acervos;0.25;0;17,500.00;0.00;0.00;0.00;0.00;0.00;0.00
AEQ;EIXO: Acesso à Educação de Qualidade;CUL;SUB-EIXO: Cultura;NEX;13;Cultura;391;Patrimônio Histórico, Artístico e Arqueológico;155;História, Memória e Patrimônio Cultural de Belo Horizonte;2375;Identificação e Valorização do Patrimônio e das Identidades Culturais;5;Tratamento e Preservação de Acervos;0.25;0;74,400.00;5,187.50;5,187.50;5,187.50;5,187.50;5,187.50;5,187.50
AEQ;EIXO: Acesso à Educação de Qualidade;CUL;SUB-EIXO: Cultura;NEX;13;Cultura;391;Patrimônio Histórico, Artístico e Arqueológico;155;História, Memória e Patrimônio Cultural de Belo Horizonte;2872;Gestão do Fundo de Proteção do Patrimônio Cultural de BH;1;Preservação do Patrimônio Cultural;0.25;0;595,050.00;0.00;0.00;0.00;0.00;0.00;0.00
AEQ;EIXO: Acesso à Educação de Qualidade;CUL;SUB-EIXO: Cultura;NEX;13;Cultura;391;Patrimônio Histórico, Artístico e Arqueológico;239;Rede BH Cultural ;1339;Requalificação dos Espaços e Serviços da Cultura;8;Implantação do CINEMIS Santa Tereza;0.25;0;188,750.00;0.00;0.00;0.00;0.00;0.00;0.00
AEQ;EIXO: Acesso à Educação de Qualidade;CUL;SUB-EIXO: Cultura;NEX;13;Cultura;391;Patrimônio Histórico, Artístico e Arqueológico;239;Rede BH Cultural ;2375;Identificação e Valorização do Patrimônio e das Identidades Culturais;2;Educação Patrimonial e Preservação da Memória Coletiva;0.25;0;87,750.00;0.00;0.00;0.00;0.00;0.00;0.00
AEQ;EIXO: Acesso à Educação de Qualidade;CUL;SUB-EIXO: Cultura;NEX;13;Cultura;391;Patrimônio Histórico, Artístico e Arqueológico;239;Rede BH Cultural ;2375;Identificação e Valorização do Patrimônio e das Identidades Culturais;10;Presépios e Folias;0.25;0;42,000.00;0.00;0.00;0.00;0.00;0.00;0.00
AEQ;EIXO: Acesso à Educação de Qualidade;CUL;SUB-EIXO: Cultura;NEX;13;Cultura;392;Difusão Cultural;154;Fomento, Incentivo e Desenvolvimento Cultural;2369;Gestão da Lei Municipal de Incentivo à Cultura;1;Incentivos a Projetos Culturais;0.25;0;3,175,000.00;42,362.75;98,861.90;485,213.98;553,064.87;528,064.87;485,213.98
AEQ;EIXO: Acesso à Educação de Qualidade;CUL;SUB-EIXO: Cultura;NEX;13;Cultura;392;Difusão Cultural;154;Fomento, Incentivo e Desenvolvimento Cultural;2371;Fomento e Estímulo à Cultura;1;Fomento à Produção e Difusão Cultural;0.25;0;1,795,250.00;519,134.62;482,578.67;479,703.67;918,559.78;880,468.13;877,593.13
AEQ;EIXO: Acesso à Educação de Qualidade;CUL;SUB-EIXO: Cultura;NEX;13;Cultura;392;Difusão Cultural;154;Fomento, Incentivo e Desenvolvimento Cultural;2371;Fomento e Estímulo à Cultura;2;Iniciativas de Formação e Qualificação na Área Cultural;0.25;0;83,750.00;0.00;0.00;0.00;0.00;0.00;0.00
AEQ;EIXO: Acesso à Educação de Qualidade;CUL;SUB-EIXO: Cultura;EX;13;Cultura;392;Difusão Cultural;154;Fomento, Incentivo e Desenvolvimento Cultural;2371;Fomento e Estímulo à Cultura;3;Projeto Arena da Cultura / Escola Livre de Artes;0.85;0;4,999,700.00;1,323,800.74;415,058.83;137,358.21;1,507,631.62;543,740.44;266,039.83
AEQ;EIXO: Acesso à Educação de Qualidade;CUL;SUB-EIXO: Cultura;NEX;13;Cultura;392;Difusão Cultural;154;Fomento, Incentivo e Desenvolvimento Cultural;2371;Fomento e Estímulo à Cultura;5;Promoção de Festival, Encontro e Mostra de Arte e Cultura;0.25;0;172,500.00;35,500.00;35,500.00;0.00;35,500.00;35,500.00;0.00
AEQ;EIXO: Acesso à Educação de Qualidade;CUL;SUB-EIXO: Cultura;NEX;13;Cultura;392;Difusão Cultural;239;Rede BH Cultural ;1215;Construção, Ampliação e Reforma de Unidades de Cultura;2;Espaço Multiuso do Parque Municipal Américo Rene Gianneti;0.25;0;1,416,989.00;29,921.71;29,921.71;0.00;29,921.71;29,921.71;0.00
AEQ;EIXO: Acesso à Educação de Qualidade;CUL;SUB-EIXO: Cultura;NEX;13;Cultura;392;Difusão Cultural;239;Rede BH Cultural ;1339;Requalificação dos Espaços e Serviços da Cultura;2;Implantação do Espaço Cênico Alípio de Melo;0.25;0;2,250.00;0.00;178.50;178.50;178.50;178.50;178.50
AEQ;EIXO: Acesso à Educação de Qualidade;CUL;SUB-EIXO: Cultura;NEX;13;Cultura;392;Difusão Cultural;239;Rede BH Cultural ;1339;Requalificação dos Espaços e Serviços da Cultura;4;Implantação do Centro Cultural Bairro das Indústrias;0.25;0;2,500.00;0.00;0.00;0.00;0.00;0.00;0.00
AEQ;EIXO: Acesso à Educação de Qualidade;CUL;SUB-EIXO: Cultura;NEX;13;Cultura;392;Difusão Cultural;239;Rede BH Cultural ;1339;Requalificação dos Espaços e Serviços da Cultura;6;Implantação do Espaço Multiuso no Parque Municipal;0.25;0;18,750.00;0.00;0.00;0.00;0.00;0.00;0.00
AEQ;EIXO: Acesso à Educação de Qualidade;CUL;SUB-EIXO: Cultura;NEX;13;Cultura;392;Difusão Cultural;239;Rede BH Cultural ;2371;Fomento e Estímulo à Cultura;7;"Realização do Concurso  de Literatura  ""Cidade de Belo Horizonte """;0.25;0;34,000.00;6,000.00;0.00;0.00;6,000.00;0.00;0.00
AEQ;EIXO: Acesso à Educação de Qualidade;CUL;SUB-EIXO: Cultura;NEX;13;Cultura;392;Difusão Cultural;239;Rede BH Cultural ;2371;Fomento e Estímulo à Cultura;8;"Realização do Concurso de Literatura ""João de Barro""";0.25;0;34,000.00;7,500.00;0.00;0.00;7,500.00;0.00;0.00
AEQ;EIXO: Acesso à Educação de Qualidade;CUL;SUB-EIXO: Cultura;NEX;13;Cultura;392;Difusão Cultural;239;Rede BH Cultural ;2371;Fomento e Estímulo à Cultura;11;Implantação do Projeto Música para Cidadania;0.25;0;5,250.00;0.00;0.00;0.00;0.00;0.00;0.00
AEQ;EIXO: Acesso à Educação de Qualidade;CUL;SUB-EIXO: Cultura;NEX;13;Cultura;392;Difusão Cultural;239;Rede BH Cultural ;2371;Fomento e Estímulo à Cultura;17;Realização do Festival Internacional de Teatro Palco e Rua de BH - FIT;0.25;0;1,500,000.00;56,250.00;56,250.00;390,625.00;725,000.00;725,000.00;725,000.00
AEQ;EIXO: Acesso à Educação de Qualidade;CUL;SUB-EIXO: Cultura;NEX;13;Cultura;392;Difusão Cultural;239;Rede BH Cultural ;2371;Fomento e Estímulo à Cultura;18;Realização da Virada Cultural;0.25;0;375,000.00;224,850.00;224,850.00;375,000.00;375,000.00;375,000.00;375,000.00
AEQ;EIXO: Acesso à Educação de Qualidade;CUL;SUB-EIXO: Cultura;NEX;13;Cultura;392;Difusão Cultural;239;Rede BH Cultural ;2371;Fomento e Estímulo à Cultura;21;Criação do Cadastro Único de Cultura;0.25;0;50,000.00;0.00;0.00;0.00;0.00;0.00;0.00
AEQ;EIXO: Acesso à Educação de Qualidade;CUL;SUB-EIXO: Cultura;NEX;13;Cultura;392;Difusão Cultural;239;Rede BH Cultural ;2371;Fomento e Estímulo à Cultura;27;Pré-Produção de Grandes Eventos;0.25;0;100,000.00;0.00;0.00;0.00;0.00;0.00;0.00
AEQ;EIXO: Acesso à Educação de Qualidade;CUL;SUB-EIXO: Cultura;NEX;27;Desporto e Lazer;812;Desporto Comunitário;238;Promoção do Esporte e do Lazer;2534;Implantação, Manutenção e Recuperação de Equipamentos Esportivos e Áreas de Lazer;6;Manutenção e Custeio das Academias a Céu Aberto;0.25;0;11,250.00;-758.73;4,683.75;5,391.93;5,532.52;5,532.52;5,532.52
AEQ;EIXO: Acesso à Educação de Qualidade;DLA;SUB-EIXO: Desporto e Lazer;EX;27;Desporto e Lazer;811;Desporto de Rendimento;101;Promoção e Democratização das Práticas de Esportes e Lazer;2866;Esporte de Rendimento;4;BH Descobrindo Talentos no Futebol;1;0;1,355,000.00;0.00;0.00;0.00;0.00;0.00;0.00
AEQ;EIXO: Acesso à Educação de Qualidade;DLA;SUB-EIXO: Desporto e Lazer;NEX;27;Desporto e Lazer;811;Desporto de Rendimento;101;Promoção e Democratização das Práticas de Esportes e Lazer;2866;Esporte de Rendimento;15;Programa Minas Olímpica Oficina de Esportes;0.25;0;12,500.00;0.00;0.00;0.00;0.00;0.00;0.00
AEQ;EIXO: Acesso à Educação de Qualidade;DLA;SUB-EIXO: Desporto e Lazer;NEX;27;Desporto e Lazer;811;Desporto de Rendimento;238;Promoção do Esporte e do Lazer;2866;Esporte de Rendimento;3;Copa Centenário de Futebol Amador Wadson Lima;0.25;0;71,250.00;21,500.00;7,275.00;0.00;21,500.00;7,275.00;0.00
AEQ;EIXO: Acesso à Educação de Qualidade;DLA;SUB-EIXO: Desporto e Lazer;NEX;27;Desporto e Lazer;811;Desporto de Rendimento;238;Promoção do Esporte e do Lazer;2866;Esporte de Rendimento;5;BH Descobrindo Talentos no Esporte;0.25;0;1,250.00;0.00;0.00;0.00;0.00;0.00;0.00
AEQ;EIXO: Acesso à Educação de Qualidade;DLA;SUB-EIXO: Desporto e Lazer;NEX;27;Desporto e Lazer;812;Desporto Comunitário;101;Promoção e Democratização das Práticas de Esportes e Lazer;2106;Gestão da Política de Esporte e Lazer;1;Apoio a Entidades nas Ações Esportivas e de Lazer;0.25;0;2,500.00;0.00;0.00;0.00;0.00;0.00;0.00
AEQ;EIXO: Acesso à Educação de Qualidade;DLA;SUB-EIXO: Desporto e Lazer;NEX;27;Desporto e Lazer;812;Desporto Comunitário;101;Promoção e Democratização das Práticas de Esportes e Lazer;2106;Gestão da Política de Esporte e Lazer;2;Patrocínio;0.25;0;2,500.00;0.00;0.00;0.00;0.00;0.00;0.00
AEQ;EIXO: Acesso à Educação de Qualidade;DLA;SUB-EIXO: Desporto e Lazer;NEX;27;Desporto e Lazer;812;Desporto Comunitário;101;Promoção e Democratização das Práticas de Esportes e Lazer;2106;Gestão da Política de Esporte e Lazer;3;Serviços Administrativos e Financeiros;0.25;0;2,495,750.00;368,635.91;572,324.26;567,172.10;1,059,634.64;1,040,240.21;943,359.82
AEQ;EIXO: Acesso à Educação de Qualidade;DLA;SUB-EIXO: Desporto e Lazer;NEX;27;Desporto e Lazer;812;Desporto Comunitário;101;Promoção e Democratização das Práticas de Esportes e Lazer;2106;Gestão da Política de Esporte e Lazer;4;Centro de Memória do Esporte e do Lazer da Cidade;0.25;0;1,250.00;0.00;0.00;0.00;0.00;0.00;0.00
AEQ;EIXO: Acesso à Educação de Qualidade;DLA;SUB-EIXO: Desporto e Lazer;EX;27;Desporto e Lazer;812;Desporto Comunitário;101;Promoção e Democratização das Práticas de Esportes e Lazer;2531;Programas de Esporte Educacional;1;Programa Segundo Tempo;1;0;4,513,000.00;1,820,823.58;1,820,821.30;1,678,444.38;3,744,856.76;3,744,729.85;3,192,894.99
AEQ;EIXO: Acesso à Educação de Qualidade;DLA;SUB-EIXO: Desporto e Lazer;EX;27;Desporto e Lazer;812;Desporto Comunitário;101;Promoção e Democratização das Práticas de Esportes e Lazer;2531;Programas de Esporte Educacional;4;Programa Esporte Esperança / BH Cidadania;1;0;442,000.00;0.00;0.00;0.00;0.00;0.00;0.00
AEQ;EIXO: Acesso à Educação de Qualidade;DLA;SUB-EIXO: Desporto e Lazer;EX;27;Desporto e Lazer;812;Desporto Comunitário;101;Promoção e Democratização das Práticas de Esportes e Lazer;2531;Programas de Esporte Educacional;12;Festival de Atletismo;1;0;45,000.00;0.00;0.00;0.00;0.00;0.00;0.00
AEQ;EIXO: Acesso à Educação de Qualidade;DLA;SUB-EIXO: Desporto e Lazer;NEX;27;Desporto e Lazer;812;Desporto Comunitário;101;Promoção e Democratização das Práticas de Esportes e Lazer;2534;Implantação, Manutenção e Recuperação de Equipamentos Esportivos e Áreas de Lazer;1;Manutenção, Conservação, Pequenas Reformas e Custeio de Equipamentos Esportivos;0.25;0;1,701,500.00;241,753.99;314,893.09;329,676.08;666,558.79;573,142.51;572,863.90
AEQ;EIXO: Acesso à Educação de Qualidade;DLA;SUB-EIXO: Desporto e Lazer;NEX;27;Desporto e Lazer;812;Desporto Comunitário;101;Promoção e Democratização das Práticas de Esportes e Lazer;2545;Promoções e Eventos Esportivos e Gestão de Áreas de Lazer;1;Promoções e Eventos Esportivos e Gestão de Áreas de Lazer;0.5;0;1,367,000.00;227,011.86;227,028.12;241,007.24;485,500.27;485,500.27;438,402.94
AEQ;EIXO: Acesso à Educação de Qualidade;DLA;SUB-EIXO: Desporto e Lazer;NEX;27;Desporto e Lazer;812;Desporto Comunitário;101;Promoção e Democratização das Práticas de Esportes e Lazer;2757;Programas e Atividades  Esportivas;1;Programas Esportivos Sociais e Atividades de Lazer Comunitárias;0.5;0;2,482,500.00;714,490.08;714,490.08;706,981.70;1,419,220.70;1,419,220.70;1,252,987.46
AEQ;EIXO: Acesso à Educação de Qualidade;DLA;SUB-EIXO: Desporto e Lazer;NEX;27;Desporto e Lazer;812;Desporto Comunitário;238;Promoção do Esporte e do Lazer;1213;Construção, Ampliação e Reforma de Equipamentos Esportivos e Áreas de Lazer;1;Construção, Ampliação e Reforma de Equipamentos Esportivos e Áreas de Lazer;0.25;0;6,611,617.00;391,436.80;278,574.57;332,397.56;575,150.32;407,650.87;380,774.84
AEQ;EIXO: Acesso à Educação de Qualidade;DLA;SUB-EIXO: Desporto e Lazer;EX;27;Desporto e Lazer;812;Desporto Comunitário;238;Promoção do Esporte e do Lazer;2531;Programas de Esporte Educacional;6;Programa de Atletismo;1;0;101,000.00;0.00;0.00;0.00;0.00;0.00;0.00
AEQ;EIXO: Acesso à Educação de Qualidade;DLA;SUB-EIXO: Desporto e Lazer;NEX;27;Desporto e Lazer;812;Desporto Comunitário;238;Promoção do Esporte e do Lazer;2534;Implantação, Manutenção e Recuperação de Equipamentos Esportivos e Áreas de Lazer;5;Ampliação do Programa Academias a Céu Aberto ;0.25;0;500,000.00;0.00;0.00;0.00;0.00;0.00;0.00
AEQ;EIXO: Acesso à Educação de Qualidade;DLA;SUB-EIXO: Desporto e Lazer;NEX;27;Desporto e Lazer;812;Desporto Comunitário;238;Promoção do Esporte e do Lazer;2534;Implantação, Manutenção e Recuperação de Equipamentos Esportivos e Áreas de Lazer;6;Manutenção e Custeio das Academias a Céu Aberto;0.25;0;11,250.00;-758.73;4,683.75;5,391.93;5,532.52;5,532.52;5,532.52
AEQ;EIXO: Acesso à Educação de Qualidade;DLA;SUB-EIXO: Desporto e Lazer;EX;27;Desporto e Lazer;812;Desporto Comunitário;238;Promoção do Esporte e do Lazer;2536;Programa Superar;1;Superar Educacional / BH Cidadania;1;0;680,000.00;0.00;0.00;0.00;0.00;0.00;0.00
AEQ;EIXO: Acesso à Educação de Qualidade;DLA;SUB-EIXO: Desporto e Lazer;NEX;27;Desporto e Lazer;812;Desporto Comunitário;238;Promoção do Esporte e do Lazer;2536;Programa Superar;5;Incentivo ao Esporte da Pessoa com Deficiência;0.25;0;250,000.00;0.00;0.00;0.00;0.00;0.00;0.00
AEQ;EIXO: Acesso à Educação de Qualidade;DLA;SUB-EIXO: Desporto e Lazer;NEX;27;Desporto e Lazer;812;Desporto Comunitário;238;Promoção do Esporte e do Lazer;2536;Programa Superar;6;Participação de atleta com deficiência em competições paradesportivas;0.25;0;50,000.00;0.00;0.00;0.00;0.00;0.00;0.00
AEQ;EIXO: Acesso à Educação de Qualidade;DLA;SUB-EIXO: Desporto e Lazer;NEX;27;Desporto e Lazer;813;Lazer;101;Promoção e Democratização das Práticas de Esportes e Lazer;2869;Programas e Atividades de Lazer;1;Programas e Atividades de Lazer;0.85;0;2,105,450.00;609,079.42;609,079.42;611,205.14;1,172,970.63;1,172,970.63;1,037,852.97
AEQ;EIXO: Acesso à Educação de Qualidade;DLA;SUB-EIXO: Desporto e Lazer;EX;27;Desporto e Lazer;813;Lazer;101;Promoção e Democratização das Práticas de Esportes e Lazer;2869;Programas e Atividades de Lazer;3;Recrear;1;0;457,000.00;0.00;0.00;0.00;0.00;0.00;0.00
AEQ;EIXO: Acesso à Educação de Qualidade;DLA;SUB-EIXO: Desporto e Lazer;NEX;27;Desporto e Lazer;813;Lazer;101;Promoção e Democratização das Práticas de Esportes e Lazer;2869;Programas e Atividades de Lazer;10;Promoção de Eventos de Lazer;0.25;0;98,750.00;0.00;0.00;0.00;0.00;0.00;0.00
AEQ;EIXO: Acesso à Educação de Qualidade;DLA;SUB-EIXO: Desporto e Lazer;NEX;27;Desporto e Lazer;813;Lazer;238;Promoção do Esporte e do Lazer;2869;Programas e Atividades de Lazer;2;Caminhar / BH Cidadania;0.25;0;106,250.00;637.50;637.50;637.50;637.50;637.50;637.50
AEQ;EIXO: Acesso à Educação de Qualidade;DLA;SUB-EIXO: Desporto e Lazer;NEX;27;Desporto e Lazer;813;Lazer;238;Promoção do Esporte e do Lazer;2869;Programas e Atividades de Lazer;5;Domingo a Rua é Nossa;0.25;0;25,000.00;0.00;0.00;0.00;0.00;0.00;0.00
AEQ;EIXO: Acesso à Educação de Qualidade;DLA;SUB-EIXO: Desporto e Lazer;EX;27;Desporto e Lazer;813;Lazer;238;Promoção do Esporte e do Lazer;2869;Programas e Atividades de Lazer;8;Brincando na Vila;1;0;87,000.00;0.00;0.00;0.00;0.00;0.00;0.00
AEQ;EIXO: Acesso à Educação de Qualidade;EDU;SUB-EIXO: Educação;EX;8;Assistência Social;306;Alimentação e Nutrição;132;Gestão da Política Municipal de Segurança Alimentar e Nutricional;2761;Gestão da Assistência Alimentar e Nutricional à Rede Municipal de Ensino;1;Gerenciamento da Assistência Alimentar e Nutricional às Escolas de Ensino Fundamental ;1;0;9,425,400.00;3,341,543.89;2,468,443.29;2,448,924.54;5,553,379.53;3,356,038.16;3,072,082.41
AEQ;EIXO: Acesso à Educação de Qualidade;EDU;SUB-EIXO: Educação;EX;8;Assistência Social;306;Alimentação e Nutrição;132;Gestão da Política Municipal de Segurança Alimentar e Nutricional;2761;Gestão da Assistência Alimentar e Nutricional à Rede Municipal de Ensino;2;Gerenciamento da Assistência Alimentar e Nutricional às UMEIS;1;0;6,800,000.00;3,216,716.05;2,484,356.72;2,495,188.01;5,728,006.85;3,495,251.98;3,101,949.02
AEQ;EIXO: Acesso à Educação de Qualidade;EDU;SUB-EIXO: Educação;EX;8;Assistência Social;306;Alimentação e Nutrição;132;Gestão da Política Municipal de Segurança Alimentar e Nutricional;2761;Gestão da Assistência Alimentar e Nutricional à Rede Municipal de Ensino;3;Gerenciamento da Assistência Alimentar e Nutricional às Escolas Integradas;1;0;6,624,920.00;3,843,272.47;2,857,911.53;3,174,840.34;7,602,537.97;4,664,771.72;4,411,951.50
AEQ;EIXO: Acesso à Educação de Qualidade;EDU;SUB-EIXO: Educação;EX;8;Assistência Social;306;Alimentação e Nutrição;132;Gestão da Política Municipal de Segurança Alimentar e Nutricional;2761;Gestão da Assistência Alimentar e Nutricional à Rede Municipal de Ensino;4;Gerenciamento da Assistência Alimentar e Nutricional aos alunos do Ensino de Jovens e Adultos - EJA;1;0;1,021,980.00;391,775.02;297,285.76;345,146.23;766,798.32;469,977.52;453,263.88
AEQ;EIXO: Acesso à Educação de Qualidade;EDU;SUB-EIXO: Educação;EX;8;Assistência Social;306;Alimentação e Nutrição;132;Gestão da Política Municipal de Segurança Alimentar e Nutricional;2761;Gestão da Assistência Alimentar e Nutricional à Rede Municipal de Ensino;8;Gerenciamento da Assistência Alimentar e Nutricional às Creches Conveniadas;1;0;4,428,600.00;2,725,297.50;1,406,674.07;1,484,751.66;3,795,292.50;1,814,798.07;1,664,870.66
AEQ;EIXO: Acesso à Educação de Qualidade;EDU;SUB-EIXO: Educação;EX;8;Assistência Social;306;Alimentação e Nutrição;132;Gestão da Política Municipal de Segurança Alimentar e Nutricional;2761;Gestão da Assistência Alimentar e Nutricional à Rede Municipal de Ensino;10;Gerenciamento da Assistência Alimentar e Nutricional à Rede Municipal;1;0;3,323,500.00;883,250.03;1,164,550.26;1,057,105.74;2,102,186.65;1,802,235.25;1,601,301.96
AEQ;EIXO: Acesso à Educação de Qualidade;EDU;SUB-EIXO: Educação;EX;8;Assistência Social;306;Alimentação e Nutrição;207;Melhoria da Qualidade da Educação;2761;Gestão da Assistência Alimentar e Nutricional à Rede Municipal de Ensino;6;Atendimento das Demandas de Dietas Especiais;1;0;30,000.00;0.00;0.00;0.00;0.00;0.00;0.00
AEQ;EIXO: Acesso à Educação de Qualidade;EDU;SUB-EIXO: Educação;NEX;8;Assistência Social;306;Alimentação e Nutrição;236;Direito de Todos ;2331;Centro de Referência em Segurança Alimentar e Nutricional Sustentável;1;Implantação do Centro Metropolitano de Referência em Segurança Alimentar e Nutricional Sustentável;0.25;0;500.00;0.00;185.25;0.00;195.00;185.25;0.00
AEQ;EIXO: Acesso à Educação de Qualidade;EDU;SUB-EIXO: Educação;NEX;8;Assistência Social;306;Alimentação e Nutrição;236;Direito de Todos ;2331;Centro de Referência em Segurança Alimentar e Nutricional Sustentável;2;Promoção da Alimentação Saudável por meio da Educação Alimentar e Nutricional;0.25;0;40,227.00;2,884.30;3,844.96;3,042.69;7,165.65;5,871.09;4,441.01
AEQ;EIXO: Acesso à Educação de Qualidade;EDU;SUB-EIXO: Educação;NEX;8;Assistência Social;306;Alimentação e Nutrição;236;Direito de Todos ;2331;Centro de Referência em Segurança Alimentar e Nutricional Sustentável;3;Educação Alimentar e Nutricional com Atividades Lúdicas Educativas;0.85;0;850.00;0.00;0.00;0.00;0.00;0.00;0.00
AEQ;EIXO: Acesso à Educação de Qualidade;EDU;SUB-EIXO: Educação;NEX;8;Assistência Social;306;Alimentação e Nutrição;236;Direito de Todos ;2331;Centro de Referência em Segurança Alimentar e Nutricional Sustentável;4;Campanhas Educativas de Mobilização Social;0.85;0;850.00;0.00;0.00;0.00;0.00;0.00;0.00
AEQ;EIXO: Acesso à Educação de Qualidade;EDU;SUB-EIXO: Educação;EX;8;Assistência Social;306;Alimentação e Nutrição;236;Direito de Todos ;2331;Centro de Referência em Segurança Alimentar e Nutricional Sustentável;5;Formação de Profissionais de Manipulação de Alimentos para a Rede Pública Conveniada e Não Conveniada;1;0;3,000.00;17,512.96;27,179.10;26,485.12;51,905.60;47,081.72;38,339.67
AEQ;EIXO: Acesso à Educação de Qualidade;EDU;SUB-EIXO: Educação;EX;12;Educação;122;Administração Geral;140;Gestão e Operacionalização da Política Educacional;2317;Gestão Administrativa e Pedagógica;1;Gestão Administrativa;1;0;104,726,438.00;22,694,558.04;26,849,936.17;27,199,669.54;53,289,714.67;51,258,880.51;47,251,016.53
AEQ;EIXO: Acesso à Educação de Qualidade;EDU;SUB-EIXO: Educação;EX;12;Educação;122;Administração Geral;140;Gestão e Operacionalização da Política Educacional;2317;Gestão Administrativa e Pedagógica;2;Gestão Pedagógica;1;0;350,000.00;0.00;0.00;0.00;0.00;0.00;0.00
AEQ;EIXO: Acesso à Educação de Qualidade;EDU;SUB-EIXO: Educação;EX;12;Educação;122;Administração Geral;140;Gestão e Operacionalização da Política Educacional;2334;Gestão Compartilhada e Participação Social;1;Coordenação e Participação em Fóruns Governamentais e GTs;1;0;9,000.00;0.00;0.00;0.00;0.00;0.00;0.00
AEQ;EIXO: Acesso à Educação de Qualidade;EDU;SUB-EIXO: Educação;EX;12;Educação;122;Administração Geral;140;Gestão e Operacionalização da Política Educacional;2334;Gestão Compartilhada e Participação Social;2;Apoio aos Conselhos Municipais;1;0;52,000.00;2,220.00;2,220.00;2,220.00;2,220.00;2,220.00;2,220.00
AEQ;EIXO: Acesso à Educação de Qualidade;EDU;SUB-EIXO: Educação;EX;12;Educação;361;Ensino Fundamental;85;Gestão da Política de Tecnologia da Informação e Comunicação;2605;Evolução da Rede de Telecomunicações da PBH ;1;Serviços de Informática - Educação ;1;0;1,198,000.00;308,547.75;475,863.03;463,010.30;688,565.37;609,909.07;580,598.14
AEQ;EIXO: Acesso à Educação de Qualidade;EDU;SUB-EIXO: Educação;EX;12;Educação;361;Ensino Fundamental;140;Gestão e Operacionalização da Política Educacional;2041;Formação para Profissionais da Educação;10;Formação de Professores do Ensino Fundamental em Cursos de Pós-graduação Lato Sensu e Stricto Sensu ;1;0;1,000.00;0.00;0.00;0.00;0.00;0.00;0.00
AEQ;EIXO: Acesso à Educação de Qualidade;EDU;SUB-EIXO: Educação;EX;12;Educação;361;Ensino Fundamental;140;Gestão e Operacionalização da Política Educacional;2046;Gestão Descentralizada da Educação;2;Subvenção Regular de Unidades Escolares do Ensino Fundamental;1;0;29,128,516.00;8,080,980.00;12,684,770.00;10,614,250.00;17,288,300.00;17,288,300.00;14,940,338.00
AEQ;EIXO: Acesso à Educação de Qualidade;EDU;SUB-EIXO: Educação;EX;12;Educação;361;Ensino Fundamental;140;Gestão e Operacionalização da Política Educacional;2046;Gestão Descentralizada da Educação;5;PAP - Projeto de Ação Pedagógica - Ensino Fudamental;1;0;6,339,827.00;1,500,135.00;2,508,514.00;2,008,433.00;3,516,804.00;3,516,804.00;3,016,723.00
AEQ;EIXO: Acesso à Educação de Qualidade;EDU;SUB-EIXO: Educação;EX;12;Educação;361;Ensino Fundamental;140;Gestão e Operacionalização da Política Educacional;2046;Gestão Descentralizada da Educação;10;Adequação dos Espaços Escolares do Ensino Fundamental;1;0;9,754,000.00;0.00;0.00;0.00;0.00;0.00;0.00
AEQ;EIXO: Acesso à Educação de Qualidade;EDU;SUB-EIXO: Educação;EX;12;Educação;361;Ensino Fundamental;140;Gestão e Operacionalização da Política Educacional;2046;Gestão Descentralizada da Educação;13;Contratação de Apoio Administrativo - Ensino Fundamental;1;0;206,084,849.00;47,080,062.00;62,828,624.00;62,852,088.00;110,010,826.00;103,733,555.00;94,317,470.00
AEQ;EIXO: Acesso à Educação de Qualidade;EDU;SUB-EIXO: Educação;EX;12;Educação;361;Ensino Fundamental;140;Gestão e Operacionalização da Política Educacional;2046;Gestão Descentralizada da Educação;14;Orçamento Participativo da Criança e do Adolescente - OPCA;1;0;540,000.00;0.00;0.00;0.00;0.00;0.00;0.00
AEQ;EIXO: Acesso à Educação de Qualidade;EDU;SUB-EIXO: Educação;EX;12;Educação;361;Ensino Fundamental;140;Gestão e Operacionalização da Política Educacional;2080;Administração do Ensino Fundamental;1;Administração do Ensino Fundamental;1;0;735,100,503.00;206,411,122.65;207,209,773.00;206,408,729.45;399,736,991.59;398,049,088.09;351,370,829.21
AEQ;EIXO: Acesso à Educação de Qualidade;EDU;SUB-EIXO: Educação;EX;12;Educação;361;Ensino Fundamental;140;Gestão e Operacionalização da Política Educacional;2317;Gestão Administrativa e Pedagógica;1;Gestão Administrativa;1;0;6,453,000.00;2,005,817.73;2,005,817.73;2,023,475.98;3,901,401.13;3,901,401.13;3,449,070.43
AEQ;EIXO: Acesso à Educação de Qualidade;EDU;SUB-EIXO: Educação;EX;12;Educação;361;Ensino Fundamental;140;Gestão e Operacionalização da Política Educacional;2503;Gestão do Programa Bolsa Escola;1;Gestão do Programa Bolsa Escola;1;0;3,068,000.00;799,138.35;799,177.95;824,563.15;1,552,436.10;1,551,145.70;1,376,938.05
AEQ;EIXO: Acesso à Educação de Qualidade;EDU;SUB-EIXO: Educação;EX;12;Educação;361;Ensino Fundamental;140;Gestão e Operacionalização da Política Educacional;2503;Gestão do Programa Bolsa Escola;2;Manutenção das Atividades do Bolsa Escola Municipal;1;0;533,112.00;1,890.00;13,714.00;13,714.00;41,490.00;31,039.00;31,039.00
AEQ;EIXO: Acesso à Educação de Qualidade;EDU;SUB-EIXO: Educação;EX;12;Educação;361;Ensino Fundamental;140;Gestão e Operacionalização da Política Educacional;2700;Operação e Manutenção da Educação;2;Fornecimento de Kits Escolares - Ensino Fundamental;1;0;24,786,895.00;294,336.13;10,269,797.12;6,743,032.92;13,667,262.61;12,732,636.56;7,222,494.21
AEQ;EIXO: Acesso à Educação de Qualidade;EDU;SUB-EIXO: Educação;EX;12;Educação;361;Ensino Fundamental;140;Gestão e Operacionalização da Política Educacional;2700;Operação e Manutenção da Educação;10;Operação e Manutenção da Educação -  Ensino Fundamental;1;0;18,300,887.00;1,925,128.87;3,956,258.73;3,614,147.76;5,382,803.27;4,768,377.47;3,993,725.65
AEQ;EIXO: Acesso à Educação de Qualidade;EDU;SUB-EIXO: Educação;EX;12;Educação;361;Ensino Fundamental;140;Gestão e Operacionalização da Política Educacional;2700;Operação e Manutenção da Educação;16;Fórum de Educação Integral;1;0;498,560.00;0.00;0.00;0.00;0.00;0.00;0.00
AEQ;EIXO: Acesso à Educação de Qualidade;EDU;SUB-EIXO: Educação;EX;12;Educação;361;Ensino Fundamental;140;Gestão e Operacionalização da Política Educacional;2885;Transporte Escolar;1;Transporte Escolar;1;0;13,273,387.00;3,052,821.32;3,395,978.43;3,672,395.32;7,297,960.54;6,032,740.95;5,503,946.94
AEQ;EIXO: Acesso à Educação de Qualidade;EDU;SUB-EIXO: Educação;EX;12;Educação;361;Ensino Fundamental;140;Gestão e Operacionalização da Política Educacional;2886;Gestão da Melhoria da Qualidade da Educação;11;Ações Intersetoriais da Educação;1;0;6,000.00;0.00;0.00;0.00;0.00;0.00;0.00
AEQ;EIXO: Acesso à Educação de Qualidade;EDU;SUB-EIXO: Educação;EX;12;Educação;361;Ensino Fundamental;206;Expansão da Escola Integrada ;1211;Construção, Ampliação e Reforma de Unidades de Ensino;4;Construção, Ampliação e Reforma de Unidades de Ensino;1;0;29,108,212.00;-156,721.59;378,188.25;745,899.24;1,211,518.59;1,130,825.10;1,042,467.16
AEQ;EIXO: Acesso à Educação de Qualidade;EDU;SUB-EIXO: Educação;EX;12;Educação;361;Ensino Fundamental;206;Expansão da Escola Integrada ;2702;Gestão do Programa Escola Integrada;2;Atendimento do Programa Escola Integrada;1;0;24,864,000.00;2,649,962.00;3,484,612.36;5,202,858.36;6,086,630.00;5,202,858.36;5,202,858.36
AEQ;EIXO: Acesso à Educação de Qualidade;EDU;SUB-EIXO: Educação;EX;12;Educação;361;Ensino Fundamental;206;Expansão da Escola Integrada ;2702;Gestão do Programa Escola Integrada;3;Publicações de Cadernos sobre o Programa;1;0;6,000.00;0.00;0.00;0.00;0.00;0.00;0.00
AEQ;EIXO: Acesso à Educação de Qualidade;EDU;SUB-EIXO: Educação;EX;12;Educação;361;Ensino Fundamental;206;Expansão da Escola Integrada ;2702;Gestão do Programa Escola Integrada;4;Manutenção de Convênios com Instituições - Ensino Fundamental;1;0;7,151,778.00;2,232,541.00;1,973,741.00;1,604,141.00;3,786,781.00;3,331,181.00;2,917,661.00
AEQ;EIXO: Acesso à Educação de Qualidade;EDU;SUB-EIXO: Educação;EX;12;Educação;361;Ensino Fundamental;206;Expansão da Escola Integrada ;2702;Gestão do Programa Escola Integrada;5;Programa Escola Aberta - Ampliação do Atendimento ;1;0;7,230,361.00;2,365,604.00;1,576,950.00;1,571,941.00;2,365,604.00;1,576,950.00;1,571,941.00
AEQ;EIXO: Acesso à Educação de Qualidade;EDU;SUB-EIXO: Educação;EX;12;Educação;361;Ensino Fundamental;206;Expansão da Escola Integrada ;2702;Gestão do Programa Escola Integrada;6;Programa Escola nas Férias;1;0;3,009,015.00;0.00;0.00;0.00;0.00;0.00;0.00
AEQ;EIXO: Acesso à Educação de Qualidade;EDU;SUB-EIXO: Educação;EX;12;Educação;361;Ensino Fundamental;206;Expansão da Escola Integrada ;2702;Gestão do Programa Escola Integrada;7;Consolidação e Ampliação de Parcerias;1;0;29,530,250.00;5,565,596.37;4,740,626.37;3,810,582.48;11,772,373.81;10,772,373.81;7,831,747.44
AEQ;EIXO: Acesso à Educação de Qualidade;EDU;SUB-EIXO: Educação;EX;12;Educação;361;Ensino Fundamental;206;Expansão da Escola Integrada ;2702;Gestão do Programa Escola Integrada;12;Projeto BH para Crianças;1;0;2,538,251.00;662,870.59;763,387.68;840,109.23;1,716,284.10;1,395,433.26;1,268,425.45
AEQ;EIXO: Acesso à Educação de Qualidade;EDU;SUB-EIXO: Educação;EX;12;Educação;361;Ensino Fundamental;206;Expansão da Escola Integrada ;2702;Gestão do Programa Escola Integrada;14;Disponibilização de Vagas para o Ensino de Música em Escolas de Música;1;0;4,000,000.00;896,407.66;1,203,974.92;1,208,693.50;2,360,117.66;1,939,773.94;1,650,058.02
AEQ;EIXO: Acesso à Educação de Qualidade;EDU;SUB-EIXO: Educação;EX;12;Educação;361;Ensino Fundamental;207;Melhoria da Qualidade da Educação;2041;Formação para Profissionais da Educação;3;Formação dos Professores do Ensino Fundamental em Cursos/Oficinas Específicas para Alfabetização e Matemática;1;0;418,400.00;9,360.00;9,164.00;1,942.88;10,928.00;10,732.00;1,942.88
AEQ;EIXO: Acesso à Educação de Qualidade;EDU;SUB-EIXO: Educação;EX;12;Educação;361;Ensino Fundamental;207;Melhoria da Qualidade da Educação;2705;Mobilização da Comunidade Escolar;1;Formação e Mobilização da Comunidade Escolar;1;0;147,000.00;300.00;255.88;255.88;400.00;255.88;255.88
AEQ;EIXO: Acesso à Educação de Qualidade;EDU;SUB-EIXO: Educação;EX;12;Educação;361;Ensino Fundamental;207;Melhoria da Qualidade da Educação;2705;Mobilização da Comunidade Escolar;2;Realização do Fórum Família Escola;1;0;110,000.00;300.00;6,618.00;6,618.00;6,918.00;6,618.00;6,618.00
AEQ;EIXO: Acesso à Educação de Qualidade;EDU;SUB-EIXO: Educação;EX;12;Educação;361;Ensino Fundamental;207;Melhoria da Qualidade da Educação;2705;Mobilização da Comunidade Escolar;4;Publicação de Jornal Família Escola do Ensino Fundamental;1;0;120,000.00;0.00;10,000.00;10,000.00;10,000.00;10,000.00;10,000.00
AEQ;EIXO: Acesso à Educação de Qualidade;EDU;SUB-EIXO: Educação;EX;12;Educação;361;Ensino Fundamental;207;Melhoria da Qualidade da Educação;2706;Melhoria da Aprendizagem e Avaliação de Desempenho Escolar;3;Avaliação de Aprendizagem dos Alunos - Avalia BH e Avalia EJA;1;0;4,000,000.00;0.00;0.00;0.00;0.00;0.00;0.00
AEQ;EIXO: Acesso à Educação de Qualidade;EDU;SUB-EIXO: Educação;EX;12;Educação;361;Ensino Fundamental;207;Melhoria da Qualidade da Educação;2706;Melhoria da Aprendizagem e Avaliação de Desempenho Escolar;6;Ação de incentivo à Educação Especializada complementar para Garantia da Aprendizagem da Pessoa com Deficiência;1;0;500,000.00;0.00;0.00;0.00;0.00;0.00;0.00
AEQ;EIXO: Acesso à Educação de Qualidade;EDU;SUB-EIXO: Educação;EX;12;Educação;361;Ensino Fundamental;207;Melhoria da Qualidade da Educação;2886;Gestão da Melhoria da Qualidade da Educação;4;Implantação do Observatório do Clima Escolar;1;0;232,627.00;0.00;0.00;0.00;0.00;0.00;0.00
AEQ;EIXO: Acesso à Educação de Qualidade;EDU;SUB-EIXO: Educação;EX;12;Educação;361;Ensino Fundamental;207;Melhoria da Qualidade da Educação;2886;Gestão da Melhoria da Qualidade da Educação;5;Implementação da Política de Alfabetização;1;0;10,000.00;0.00;0.00;0.00;0.00;0.00;0.00
AEQ;EIXO: Acesso à Educação de Qualidade;EDU;SUB-EIXO: Educação;EX;12;Educação;361;Ensino Fundamental;207;Melhoria da Qualidade da Educação;2886;Gestão da Melhoria da Qualidade da Educação;8;"Publicação da Revista ""Pensar Educação""";1;0;238,140.00;0.00;0.00;0.00;0.00;0.00;0.00
AEQ;EIXO: Acesso à Educação de Qualidade;EDU;SUB-EIXO: Educação;EX;12;Educação;361;Ensino Fundamental;207;Melhoria da Qualidade da Educação;2886;Gestão da Melhoria da Qualidade da Educação;10;Cidades Educadoras;1;0;9,000.00;0.00;0.00;0.00;0.00;0.00;0.00
AEQ;EIXO: Acesso à Educação de Qualidade;EDU;SUB-EIXO: Educação;EX;12;Educação;361;Ensino Fundamental;233;Manutenção da Cidade;1211;Construção, Ampliação e Reforma de Unidades de Ensino;3;Construção, Ampliação e Reforma de Unidades de Ensino;1;0;9,204,694.00;715,182.45;1,461,233.24;1,410,291.05;2,221,732.45;2,088,937.87;1,992,782.47
AEQ;EIXO: Acesso à Educação de Qualidade;EDU;SUB-EIXO: Educação;EX;12;Educação;361;Ensino Fundamental;236;Direito de Todos ;2041;Formação para Profissionais da Educação;6;Qualificar Professores em História Indígena e Afro-brasileira;1;0;24,000.00;0.00;0.00;0.00;0.00;0.00;0.00
AEQ;EIXO: Acesso à Educação de Qualidade;EDU;SUB-EIXO: Educação;EX;12;Educação;361;Ensino Fundamental;236;Direito de Todos ;2041;Formação para Profissionais da Educação;8;Formação de professores no projeto Educação para a Diversidade;1;0;8,000.00;0.00;0.00;0.00;0.00;0.00;0.00
AEQ;EIXO: Acesso à Educação de Qualidade;EDU;SUB-EIXO: Educação;EX;12;Educação;361;Ensino Fundamental;236;Direito de Todos ;2386;Programa Municipal de Igualdade Racial;1;Atividades do Grupo de Promoção de Igualdade Racial na SMED;1;0;33,000.00;0.00;0.00;0.00;0.00;0.00;0.00
AEQ;EIXO: Acesso à Educação de Qualidade;EDU;SUB-EIXO: Educação;EX;12;Educação;361;Ensino Fundamental;237;Qualificação, Profissionalização e Emprego;2404;Ações de Qualificação, Profissionalização e Emprego;13;Disponibilização de Vagas para o Programa Municipal de Qualificação - EDUCAÇÃO;1;0;40,000.00;0.00;0.00;0.00;0.00;0.00;0.00
AEQ;EIXO: Acesso à Educação de Qualidade;EDU;SUB-EIXO: Educação;EX;12;Educação;361;Ensino Fundamental;237;Qualificação, Profissionalização e Emprego;2702;Gestão do Programa Escola Integrada;10;Formação de Educadores do Programa;1;0;50,000.00;0.00;0.00;0.00;0.00;0.00;0.00
AEQ;EIXO: Acesso à Educação de Qualidade;EDU;SUB-EIXO: Educação;EX;12;Educação;361;Ensino Fundamental;241;Recomeço;2886;Gestão da Melhoria da Qualidade da Educação;6;Publicação de Material de Prevenção ao Uso de Drogas;1;0;110,250.00;0.00;0.00;0.00;0.00;0.00;0.00
AEQ;EIXO: Acesso à Educação de Qualidade;EDU;SUB-EIXO: Educação;EX;12;Educação;365;Educação Infantil;140;Gestão e Operacionalização da Política Educacional;2041;Formação para Profissionais da Educação;2;Formação de Professores da Educação Infantil;1;0;74,600.00;0.00;0.00;0.00;200.00;200.00;200.00
AEQ;EIXO: Acesso à Educação de Qualidade;EDU;SUB-EIXO: Educação;EX;12;Educação;365;Educação Infantil;140;Gestão e Operacionalização da Política Educacional;2046;Gestão Descentralizada da Educação;1;Subvenção Regular de Unidades Escolares da Educação Infantil;1;0;12,789,473.00;3,230,431.00;5,050,362.00;4,246,224.00;6,870,082.00;6,870,082.00;5,907,040.00
AEQ;EIXO: Acesso à Educação de Qualidade;EDU;SUB-EIXO: Educação;EX;12;Educação;365;Educação Infantil;140;Gestão e Operacionalização da Política Educacional;2046;Gestão Descentralizada da Educação;4;PAP - Projeto de Ação Pedagógica - Educação Infantil;1;0;2,563,916.00;1,022,202.00;1,629,424.00;1,288,563.00;2,236,452.00;2,236,452.00;1,895,591.00
AEQ;EIXO: Acesso à Educação de Qualidade;EDU;SUB-EIXO: Educação;EX;12;Educação;365;Educação Infantil;140;Gestão e Operacionalização da Política Educacional;2046;Gestão Descentralizada da Educação;9;Adequação dos Espaços Escolares da Educação Infantil;1;0;1,746,000.00;0.00;0.00;0.00;0.00;0.00;0.00
AEQ;EIXO: Acesso à Educação de Qualidade;EDU;SUB-EIXO: Educação;EX;12;Educação;365;Educação Infantil;140;Gestão e Operacionalização da Política Educacional;2046;Gestão Descentralizada da Educação;12;Contratação de Apoio Administrativo - Educação Infantil;1;0;7,370,102.00;2,628,906.00;3,457,239.00;3,436,668.00;5,997,034.00;5,646,518.00;5,120,732.00
AEQ;EIXO: Acesso à Educação de Qualidade;EDU;SUB-EIXO: Educação;EX;12;Educação;365;Educação Infantil;140;Gestão e Operacionalização da Política Educacional;2542;Administração da Educação Infantil;1;Administração da Educação Infantil;1;0;289,952,107.00;95,840,244.01;96,136,430.36;95,385,968.64;179,222,091.50;178,846,877.95;157,018,457.67
AEQ;EIXO: Acesso à Educação de Qualidade;EDU;SUB-EIXO: Educação;EX;12;Educação;365;Educação Infantil;140;Gestão e Operacionalização da Política Educacional;2700;Operação e Manutenção da Educação;1;Fornecimento de Kits Escolares - Educação Infantil;1;0;13,999,631.00;84,503.87;4,831,022.20;3,453,741.68;5,934,776.75;5,281,655.83;3,494,633.94
AEQ;EIXO: Acesso à Educação de Qualidade;EDU;SUB-EIXO: Educação;EX;12;Educação;365;Educação Infantil;140;Gestão e Operacionalização da Política Educacional;2700;Operação e Manutenção da Educação;8;Operação e Manutenção da Educação - Educação Infantil;1;0;8,724,706.00;1,676,343.27;2,290,648.25;1,859,512.91;3,152,989.24;2,447,712.17;1,896,446.09
AEQ;EIXO: Acesso à Educação de Qualidade;EDU;SUB-EIXO: Educação;EX;12;Educação;365;Educação Infantil;140;Gestão e Operacionalização da Política Educacional;2888;Conveniamento com Instituições de Educação Infantil;2;Gestão de Convênio com Instituições de Educação Infantil;1;0;92,850,452.00;23,492,906.27;31,183,087.27;30,519,950.84;53,629,018.27;52,468,867.27;45,840,252.84
AEQ;EIXO: Acesso à Educação de Qualidade;EDU;SUB-EIXO: Educação;EX;12;Educação;365;Educação Infantil;205;Expansão da Educação Infantil ;1211;Construção, Ampliação e Reforma de Unidades de Ensino;1;Construção, Ampliação e Reforma de Unidades de Ensino;1;0;10,064,243.00;1,210,537.43;1,261,586.49;1,973,225.08;2,370,756.85;2,224,957.13;2,119,874.78
AEQ;EIXO: Acesso à Educação de Qualidade;EDU;SUB-EIXO: Educação;EX;12;Educação;365;Educação Infantil;205;Expansão da Educação Infantil ;2707;Aquisição e Instalação de Equipamentos;1;Aquisição e Instalação de Equipamentos;1;0;2,417,350.00;29,082.55;75,627.60;56,050.00;85,132.55;75,627.60;56,050.00
AEQ;EIXO: Acesso à Educação de Qualidade;EDU;SUB-EIXO: Educação;EX;12;Educação;365;Educação Infantil;205;Expansão da Educação Infantil ;2888;Conveniamento com Instituições de Educação Infantil;3;Aquisição de Materiais para Creches Conveniadas - Termos de Compromisso;1;0;7,230,185.00;1,608,566.31;172,905.52;172,905.52;1,608,566.31;172,905.52;172,905.52
AEQ;EIXO: Acesso à Educação de Qualidade;EDU;SUB-EIXO: Educação;EX;12;Educação;365;Educação Infantil;207;Melhoria da Qualidade da Educação;2705;Mobilização da Comunidade Escolar;3;Publicação de Jornal Família Escola da Educação Infantil;1;0;33,000.00;0.00;5,000.00;5,000.00;5,000.00;5,000.00;5,000.00
AEQ;EIXO: Acesso à Educação de Qualidade;EDU;SUB-EIXO: Educação;EX;12;Educação;366;Educação de Jovens e Adultos;140;Gestão e Operacionalização da Política Educacional;2041;Formação para Profissionais da Educação;4;Formação de Professores da Educação de Jovens e Adultos;1;0;4,000.00;0.00;0.00;0.00;0.00;0.00;0.00
AEQ;EIXO: Acesso à Educação de Qualidade;EDU;SUB-EIXO: Educação;EX;12;Educação;366;Educação de Jovens e Adultos;140;Gestão e Operacionalização da Política Educacional;2046;Gestão Descentralizada da Educação;3;Subvenção Regular de Unidades Escolares da Educação de Jovens e Adultos;1;0;1,309,011.00;403,190.00;598,893.00;478,241.00;794,419.00;794,419.00;660,065.00
AEQ;EIXO: Acesso à Educação de Qualidade;EDU;SUB-EIXO: Educação;EX;12;Educação;366;Educação de Jovens e Adultos;140;Gestão e Operacionalização da Política Educacional;2046;Gestão Descentralizada da Educação;6;PAP - Projeto de Ação Pedagógica - EJA;1;0;482,257.00;109,195.00;182,052.00;145,630.00;254,728.00;254,728.00;218,306.00
AEQ;EIXO: Acesso à Educação de Qualidade;EDU;SUB-EIXO: Educação;EX;12;Educação;366;Educação de Jovens e Adultos;140;Gestão e Operacionalização da Política Educacional;2080;Administração do Ensino Fundamental;1;Administração do Ensino Fundamental;1;0;33,468,000.00;14,098,056.94;14,098,056.94;13,999,296.94;26,895,187.28;26,895,187.28;23,640,584.02
AEQ;EIXO: Acesso à Educação de Qualidade;EDU;SUB-EIXO: Educação;EX;12;Educação;366;Educação de Jovens e Adultos;140;Gestão e Operacionalização da Política Educacional;2700;Operação e Manutenção da Educação;3;Fornecimento de Kits Escolares - EJA;1;0;1,520,106.00;0.00;0.00;110,457.10;527,117.74;527,117.74;527,117.74
AEQ;EIXO: Acesso à Educação de Qualidade;EDU;SUB-EIXO: Educação;EX;12;Educação;366;Educação de Jovens e Adultos;140;Gestão e Operacionalização da Política Educacional;2700;Operação e Manutenção da Educação;9;Operação e Manutenção da Educação - Educação de Jovens e Adultos;1;0;237,666.00;0.00;0.00;0.00;13,459.86;13,459.86;13,459.86
AEQ;EIXO: Acesso à Educação de Qualidade;EDU;SUB-EIXO: Educação;EX;12;Educação;367;Educação Especial;140;Gestão e Operacionalização da Política Educacional;2700;Operação e Manutenção da Educação;10;Operação e Manutenção da Educação -  Ensino Fundamental;1;0;750,000.00;0.00;0.00;0.00;0.00;0.00;0.00
AEQ;EIXO: Acesso à Educação de Qualidade;EDU;SUB-EIXO: Educação;EX;12;Educação;367;Educação Especial;140;Gestão e Operacionalização da Política Educacional;2701;Apoio a inclusão de alunos com deficiência no cotidiano escolar;1;Atendimento Educacional Especializado na Rede Privada;1;0;529,389.00;113,915.55;150,000.60;150,000.60;308,491.80;264,623.70;264,623.70
AEQ;EIXO: Acesso à Educação de Qualidade;EDU;SUB-EIXO: Educação;EX;12;Educação;367;Educação Especial;140;Gestão e Operacionalização da Política Educacional;2701;Apoio a inclusão de alunos com deficiência no cotidiano escolar;5;Administração e Manutenção de Frota de Ônibus Acessíveis;1;0;1,977,996.00;1,244,592.95;1,057,997.42;924,551.75;1,244,592.95;1,057,997.42;924,551.75
AEQ;EIXO: Acesso à Educação de Qualidade;EDU;SUB-EIXO: Educação;EX;12;Educação;367;Educação Especial;207;Melhoria da Qualidade da Educação;2701;Apoio a inclusão de alunos com deficiência no cotidiano escolar;4;Formação de Professores de Educação Especial;1;0;429,100.00;0.00;0.00;0.00;0.00;0.00;0.00
AEQ;EIXO: Acesso à Educação de Qualidade;EDU;SUB-EIXO: Educação;EX;12;Educação;367;Educação Especial;207;Melhoria da Qualidade da Educação;2885;Transporte Escolar;2;Transporte Acessível;1;0;6,453,883.00;1,840,104.56;2,256,487.20;2,655,299.77;4,390,755.23;3,878,803.84;3,333,298.00
AEQ;EIXO: Acesso à Educação de Qualidade;EDU;SUB-EIXO: Educação;EX;12;Educação;367;Educação Especial;207;Melhoria da Qualidade da Educação;2886;Gestão da Melhoria da Qualidade da Educação;9;Ampliação de Alunos no Atendimento Educacional Especializado - AEE;1;0;74,000.00;0.00;0.00;0.00;0.00;0.00;0.00
AEQ;EIXO: Acesso à Educação de Qualidade;EDU;SUB-EIXO: Educação;EX;12;Educação;367;Educação Especial;207;Melhoria da Qualidade da Educação;2886;Gestão da Melhoria da Qualidade da Educação;14;Realização da Mostra Literatura Afro-Brasileira;1;0;300,000.00;0.00;0.00;0.00;0.00;0.00;0.00
AEQ;EIXO: Acesso à Educação de Qualidade;EDU;SUB-EIXO: Educação;NEX;18;Gestão Ambiental;541;Preservação e Conservação Ambiental;69;Gestão da Política Ambiental;2564;Operacionalização das Políticas Ambientais;2;Gestão da Política de Educação Ambiental;0.25;0;3,865,450.00;1,092,635.43;1,092,635.43;1,091,418.20;2,104,739.64;2,104,739.64;1,857,350.35
AEQ;EIXO: Acesso à Educação de Qualidade;EDU;SUB-EIXO: Educação;NEX;18;Gestão Ambiental;541;Preservação e Conservação Ambiental;69;Gestão da Política Ambiental;2564;Operacionalização das Políticas Ambientais;4;Reestruturação dos Centros Regionais de Educação Ambiental - CEAs;0.25;0;7,250.00;0.00;0.00;0.00;0.00;0.00;0.00
AEQ;EIXO: Acesso à Educação de Qualidade;EDU;SUB-EIXO: Educação;NEX;18;Gestão Ambiental;541;Preservação e Conservação Ambiental;69;Gestão da Política Ambiental;2564;Operacionalização das Políticas Ambientais;8;Educação Ambiental - Programa Pampulha;0.25;0;1,500.00;0.00;0.00;0.00;0.00;0.00;0.00
AEQ;EIXO: Acesso à Educação de Qualidade;EDU;SUB-EIXO: Educação;NEX;18;Gestão Ambiental;541;Preservação e Conservação Ambiental;69;Gestão da Política Ambiental;2564;Operacionalização das Políticas Ambientais;9;Gestão Operacional do Centro de Educação Ambiental - CEA/PROPAN;0.25;0;31,250.00;7,247.22;7,182.85;8,657.11;17,180.17;14,485.37;14,457.21
AEQ;EIXO: Acesso à Educação de Qualidade;EDU;SUB-EIXO: Educação;NEX;18;Gestão Ambiental;541;Preservação e Conservação Ambiental;72;Planejamento, Monitoramento e Gerenciamento dos Parques e Necrópoles;2817;Educação Ambiental e Promoção de Eventos;1;Realização de Atividades de Educação Ambiental e Eventos;0.25;0;122,901.00;0.00;0.00;0.00;0.00;0.00;0.00
AEQ;EIXO: Acesso à Educação de Qualidade;EDU;SUB-EIXO: Educação;NEX;18;Gestão Ambiental;541;Preservação e Conservação Ambiental;72;Planejamento, Monitoramento e Gerenciamento dos Parques e Necrópoles;2817;Educação Ambiental e Promoção de Eventos;2;Desenvolvimento de Material Educativo e de Comunicação;0.25;0;56,500.00;0.00;0.00;0.00;0.00;0.00;0.00
AEQ;EIXO: Acesso à Educação de Qualidade;EDU;SUB-EIXO: Educação;NEX;20;Agricultura;608;Promoção da Produção Agropecuária;132;Gestão da Política Municipal de Segurança Alimentar e Nutricional;2121;Fomento e Gerenciamento da Comercialização Direta da Agricultura Urbana e Familiar;7;Hortas Escolares e Comunitárias;0.85;0;14,535.00;15,215.68;15,215.68;0.00;15,215.68;15,215.68;0.00
AEQ;EIXO: Acesso à Educação de Qualidade;EDU;SUB-EIXO: Educação;NEX;20;Agricultura;608;Promoção da Produção Agropecuária;236;Direito de Todos ;2331;Centro de Referência em Segurança Alimentar e Nutricional Sustentável;9;Oficinas de Plantio em Espaços Alternativos;0.25;0;500.00;0.00;0.00;0.00;0.00;0.00;0.00
PDI;EIXO: Promoção de Direitos e Proteção Integral;ASS;SUB-EIXO: Assistência Social;NEX;4;Administração;122;Administração Geral;123;Gestão da Política Social;1345;Sistema de Informação para Gestão das Políticas Sociais - SIGPS;1;Implantação do Sistema de Informação e Gestão das Políticas Sociais- SIGPS;0.25;0;38,125.00;0.00;0.00;0.00;0.00;0.00;0.00
PDI;EIXO: Promoção de Direitos e Proteção Integral;ASS;SUB-EIXO: Assistência Social;NEX;4;Administração;122;Administração Geral;123;Gestão da Política Social;1345;Sistema de Informação para Gestão das Políticas Sociais - SIGPS;2;Evolução do Sistema de Informação e Gestão de Políticas Sociais - SIGPS;0.25;0;547,227.00;0.00;99,525.97;107,203.23;174,087.50;107,203.23;107,203.23
PDI;EIXO: Promoção de Direitos e Proteção Integral;ASS;SUB-EIXO: Assistência Social;NEX;4;Administração;122;Administração Geral;123;Gestão da Política Social;2334;Gestão Compartilhada e Participação Social;1;Coordenação e Participação em Fóruns Governamentais e GTs;0.25;0;2,750.00;0.00;0.00;0.00;0.00;0.00;0.00
PDI;EIXO: Promoção de Direitos e Proteção Integral;ASS;SUB-EIXO: Assistência Social;NEX;4;Administração;122;Administração Geral;123;Gestão da Política Social;2334;Gestão Compartilhada e Participação Social;2;Apoio aos Conselhos Municipais;0.25;0;5,000.00;0.00;0.00;0.00;0.00;0.00;0.00
PDI;EIXO: Promoção de Direitos e Proteção Integral;ASS;SUB-EIXO: Assistência Social;NEX;4;Administração;122;Administração Geral;123;Gestão da Política Social;2787;Planejamento e Monitoramento e Divulgação da Política Social;1;Produção de Estudos Técnicos e Diagnósticos Espaciais;0.25;0;14,500.00;0.00;0.00;0.00;0.00;0.00;0.00
PDI;EIXO: Promoção de Direitos e Proteção Integral;ASS;SUB-EIXO: Assistência Social;NEX;4;Administração;122;Administração Geral;123;Gestão da Política Social;2787;Planejamento e Monitoramento e Divulgação da Política Social;2;Realização de Publicações Diversas e Produção de Material Informativo;0.25;0;1,750.00;0.00;0.00;0.00;0.00;0.00;0.00
PDI;EIXO: Promoção de Direitos e Proteção Integral;ASS;SUB-EIXO: Assistência Social;NEX;4;Administração;122;Administração Geral;123;Gestão da Política Social;2787;Planejamento e Monitoramento e Divulgação da Política Social;3;Articulação para Gestão Integrada e Intersetorial das Políticas Sociais;0.25;0;38,750.00;0.00;0.00;0.00;0.00;0.00;0.00
PDI;EIXO: Promoção de Direitos e Proteção Integral;ASS;SUB-EIXO: Assistência Social;NEX;4;Administração;122;Administração Geral;123;Gestão da Política Social;2900;Serviços Administrativos e Financeiros;1;Serviços Administrativos e Financeiros ;0.25;0;1,737,000.00;576,174.87;572,225.58;544,183.76;944,099.44;913,209.42;810,998.63
PDI;EIXO: Promoção de Direitos e Proteção Integral;ASS;SUB-EIXO: Assistência Social;NEX;8;Assistência Social;122;Administração Geral;234;BH Cidadania  e o SUAS - Sistema Único de Assistência Social ;1353;Implantação dos Espaços BH Cidadania;1;Núcleos BH Cidadania Implantados;0.25;0;31,250.00;0.00;0.00;0.00;0.00;0.00;0.00
PDI;EIXO: Promoção de Direitos e Proteção Integral;ASS;SUB-EIXO: Assistência Social;NEX;8;Assistência Social;242;Assistência ao Portador de Deficiência;19;Proteção Social Básica;2879;Serviço de Proteção Social Básica em Domicílio para Pessoas com Deficiência e Idosas;1;Proteção Social à Pessoa com Deficiência;0.25;0;296,000.00;93,658.78;90,389.86;90,389.86;212,775.33;179,145.26;156,956.41
PDI;EIXO: Promoção de Direitos e Proteção Integral;ASS;SUB-EIXO: Assistência Social;NEX;8;Assistência Social;242;Assistência ao Portador de Deficiência;234;BH Cidadania  e o SUAS - Sistema Único de Assistência Social ;2409;Centros de Referência;3;Centro Dia de Referência para Pessoa Adulta com Deficiência Dependente e Família;0.25;0;316,750.00;105,772.88;60,125.16;34,057.38;231,786.55;112,260.72;86,192.94
PDI;EIXO: Promoção de Direitos e Proteção Integral;ASS;SUB-EIXO: Assistência Social;EX;8;Assistência Social;243;Assistência à Criança e ao Adolescente;19;Proteção Social Básica;2401;Serviço de Convivência e Fortalecimento de Vínculos;3;Serviços para Crianças e Adolescentes de 6 a 15 Anos;1;0;970,400.00;181,811.20;181,057.09;194,379.65;409,075.20;349,545.73;317,415.49
PDI;EIXO: Promoção de Direitos e Proteção Integral;ASS;SUB-EIXO: Assistência Social;EX;8;Assistência Social;243;Assistência à Criança e ao Adolescente;19;Proteção Social Básica;2401;Serviço de Convivência e Fortalecimento de Vínculos;4;Serviços para Adolescentes e Jovens de 15 a 17 Anos;1;0;1,964,200.00;322,434.04;449,244.16;433,839.16;753,358.44;689,479.04;603,294.16
PDI;EIXO: Promoção de Direitos e Proteção Integral;ASS;SUB-EIXO: Assistência Social;EX;8;Assistência Social;243;Assistência à Criança e ao Adolescente;20;Proteção Social Especial;2403;Serviço de Proteção Social Especial de Alta Complexidade;3;Acolhimento Institucional para Criança e Adolescente;1;0;21,463,400.00;6,780,881.78;6,694,130.34;6,765,445.84;15,058,995.83;13,127,496.07;12,913,808.59
PDI;EIXO: Promoção de Direitos e Proteção Integral;ASS;SUB-EIXO: Assistência Social;EX;8;Assistência Social;243;Assistência à Criança e ao Adolescente;20;Proteção Social Especial;2403;Serviço de Proteção Social Especial de Alta Complexidade;25;Acolhimento Institucional de Breve Permanencia;1;0;1,884,800.00;151,355.76;201,807.68;201,807.68;403,615.36;403,615.36;403,615.36
PDI;EIXO: Promoção de Direitos e Proteção Integral;ASS;SUB-EIXO: Assistência Social;EX;8;Assistência Social;243;Assistência à Criança e ao Adolescente;163;Promoção e Proteção às Crianças e Adolescentes e suas Famílias ;2859; Ações para a Promoção e Proteção dos Direitos da Criança, Adolescentes e suas Famílias;1;Apoio aos Conselhos Tutelares;1;0;6,312,500.00;1,575,520.06;1,599,374.29;1,617,525.51;3,090,867.89;3,020,757.46;2,733,589.38
PDI;EIXO: Promoção de Direitos e Proteção Integral;ASS;SUB-EIXO: Assistência Social;EX;8;Assistência Social;243;Assistência à Criança e ao Adolescente;163;Promoção e Proteção às Crianças e Adolescentes e suas Famílias ;2859; Ações para a Promoção e Proteção dos Direitos da Criança, Adolescentes e suas Famílias;2;Orientação e Apoio Sociofamiliar;1;0;876,000.00;0.00;0.00;0.00;0.00;0.00;0.00
PDI;EIXO: Promoção de Direitos e Proteção Integral;ASS;SUB-EIXO: Assistência Social;EX;8;Assistência Social;243;Assistência à Criança e ao Adolescente;163;Promoção e Proteção às Crianças e Adolescentes e suas Famílias ;2859; Ações para a Promoção e Proteção dos Direitos da Criança, Adolescentes e suas Famílias;3;Apoio Socioeducativo em Meio Aberto;1;0;2,316,000.00;331,388.08;432,520.96;359,060.96;518,503.84;501,706.16;421,706.16
PDI;EIXO: Promoção de Direitos e Proteção Integral;ASS;SUB-EIXO: Assistência Social;EX;8;Assistência Social;243;Assistência à Criança e ao Adolescente;163;Promoção e Proteção às Crianças e Adolescentes e suas Famílias ;2859; Ações para a Promoção e Proteção dos Direitos da Criança, Adolescentes e suas Famílias;4;Acolhimento Familiar;1;0;2,050,000.00;133,536.83;133,536.83;133,536.83;268,833.62;268,833.62;268,833.62
PDI;EIXO: Promoção de Direitos e Proteção Integral;ASS;SUB-EIXO: Assistência Social;EX;8;Assistência Social;243;Assistência à Criança e ao Adolescente;163;Promoção e Proteção às Crianças e Adolescentes e suas Famílias ;2859; Ações para a Promoção e Proteção dos Direitos da Criança, Adolescentes e suas Famílias;5;Acolhimento Institucional;1;0;739,000.00;384.00;1,329.60;1,329.60;1,329.60;1,329.60;1,329.60
PDI;EIXO: Promoção de Direitos e Proteção Integral;ASS;SUB-EIXO: Assistência Social;EX;8;Assistência Social;243;Assistência à Criança e ao Adolescente;163;Promoção e Proteção às Crianças e Adolescentes e suas Famílias ;2859; Ações para a Promoção e Proteção dos Direitos da Criança, Adolescentes e suas Famílias;11;Apoio às Ações Voltadas para a Crianças e Adolescente;1;0;35,000.00;0.00;0.00;0.00;0.00;0.00;0.00
PDI;EIXO: Promoção de Direitos e Proteção Integral;ASS;SUB-EIXO: Assistência Social;EX;8;Assistência Social;243;Assistência à Criança e ao Adolescente;163;Promoção e Proteção às Crianças e Adolescentes e suas Famílias ;2859; Ações para a Promoção e Proteção dos Direitos da Criança, Adolescentes e suas Famílias;17;Apoio às Ações de Atendimento Socioeducativo;1;0;540,000.00;1,300.00;0.00;0.00;1,300.00;0.00;0.00
PDI;EIXO: Promoção de Direitos e Proteção Integral;ASS;SUB-EIXO: Assistência Social;EX;8;Assistência Social;243;Assistência à Criança e ao Adolescente;163;Promoção e Proteção às Crianças e Adolescentes e suas Famílias ;2859; Ações para a Promoção e Proteção dos Direitos da Criança, Adolescentes e suas Famílias;18;Apoio às Ações de Articulação Regional para a promoção dos Direitos da Criança e do Adolescente;1;0;284,000.00;0.00;1,293.60;1,293.60;1,293.60;1,293.60;1,293.60
PDI;EIXO: Promoção de Direitos e Proteção Integral;ASS;SUB-EIXO: Assistência Social;EX;8;Assistência Social;243;Assistência à Criança e ao Adolescente;163;Promoção e Proteção às Crianças e Adolescentes e suas Famílias ;2859; Ações para a Promoção e Proteção dos Direitos da Criança, Adolescentes e suas Famílias;20;Apoio Administrativo ao Conselho Municipal dos Direitos da Criança e do Adolescente;1;0;115,000.00;0.00;0.00;0.00;0.00;0.00;0.00
PDI;EIXO: Promoção de Direitos e Proteção Integral;ASS;SUB-EIXO: Assistência Social;EX;8;Assistência Social;243;Assistência à Criança e ao Adolescente;163;Promoção e Proteção às Crianças e Adolescentes e suas Famílias ;2860;Ações para o Fortalecimento das Diretrizes do Estatuto da Criança e do Adolescente;1;Assessoria Técnica/Financeira;1;0;460,000.00;0.00;0.00;0.00;0.00;0.00;0.00
PDI;EIXO: Promoção de Direitos e Proteção Integral;ASS;SUB-EIXO: Assistência Social;EX;8;Assistência Social;243;Assistência à Criança e ao Adolescente;163;Promoção e Proteção às Crianças e Adolescentes e suas Famílias ;2860;Ações para o Fortalecimento das Diretrizes do Estatuto da Criança e do Adolescente;2;Vigilância e Defesa de Direitos;1;0;500,000.00;455.40;86,603.40;86,603.40;86,603.40;86,603.40;86,603.40
PDI;EIXO: Promoção de Direitos e Proteção Integral;ASS;SUB-EIXO: Assistência Social;EX;8;Assistência Social;243;Assistência à Criança e ao Adolescente;163;Promoção e Proteção às Crianças e Adolescentes e suas Famílias ;2860;Ações para o Fortalecimento das Diretrizes do Estatuto da Criança e do Adolescente;3;Capacitação e Formatação de Atores de Atendimento e Defesa do Sistema de Garantia de Direitos;1;0;395,000.00;0.00;19,740.00;113,777.00;217,684.00;217,684.00;217,684.00
PDI;EIXO: Promoção de Direitos e Proteção Integral;ASS;SUB-EIXO: Assistência Social;EX;8;Assistência Social;243;Assistência à Criança e ao Adolescente;163;Promoção e Proteção às Crianças e Adolescentes e suas Famílias ;2860;Ações para o Fortalecimento das Diretrizes do Estatuto da Criança e do Adolescente;4;Publicações Diversas;1;0;240,000.00;0.00;0.00;0.00;0.00;0.00;0.00
PDI;EIXO: Promoção de Direitos e Proteção Integral;ASS;SUB-EIXO: Assistência Social;EX;8;Assistência Social;243;Assistência à Criança e ao Adolescente;163;Promoção e Proteção às Crianças e Adolescentes e suas Famílias ;2860;Ações para o Fortalecimento das Diretrizes do Estatuto da Criança e do Adolescente;5;Realização de campanhas na sociedade em prol da garantia de direitos das crianças e adolescentes;1;0;400,000.00;0.00;0.00;0.00;0.00;0.00;0.00
PDI;EIXO: Promoção de Direitos e Proteção Integral;ASS;SUB-EIXO: Assistência Social;EX;8;Assistência Social;243;Assistência à Criança e ao Adolescente;163;Promoção e Proteção às Crianças e Adolescentes e suas Famílias ;2860;Ações para o Fortalecimento das Diretrizes do Estatuto da Criança e do Adolescente;8;Apoio às ações de fortalecimento para a participação de Crianças e Adolescentes;1;0;200,000.00;0.00;0.00;0.00;0.00;0.00;0.00
PDI;EIXO: Promoção de Direitos e Proteção Integral;ASS;SUB-EIXO: Assistência Social;EX;8;Assistência Social;243;Assistência à Criança e ao Adolescente;234;BH Cidadania  e o SUAS - Sistema Único de Assistência Social ;2859; Ações para a Promoção e Proteção dos Direitos da Criança, Adolescentes e suas Famílias;16;Avançar na Padronização e Modernização dos Conselhos Tutelares;1;0;500.00;0.00;0.00;0.00;0.00;0.00;0.00
PDI;EIXO: Promoção de Direitos e Proteção Integral;ASS;SUB-EIXO: Assistência Social;EX;8;Assistência Social;243;Assistência à Criança e ao Adolescente;237;Qualificação, Profissionalização e Emprego;2647;Inserção Social e Produtiva;1;Programa de Intermediação de Mão de Obra para Pessoa com Deficiência - PROMETI;0.25;0;125,000.00;0.00;0.00;0.00;0.00;0.00;0.00
PDI;EIXO: Promoção de Direitos e Proteção Integral;ASS;SUB-EIXO: Assistência Social;EX;8;Assistência Social;243;Assistência à Criança e ao Adolescente;237;Qualificação, Profissionalização e Emprego;2647;Inserção Social e Produtiva;2;Programa de Promoção ao Adolescente Trabalhador;1;0;7,385,000.00;922,683.00;307,561.00;307,561.00;922,683.00;307,561.00;307,561.00
PDI;EIXO: Promoção de Direitos e Proteção Integral;ASS;SUB-EIXO: Assistência Social;EX;8;Assistência Social;244;Assistência Comunitária;19;Proteção Social Básica;2308;Serviço de Proteção e Atendimento Integral à Família ;2;Serviço de Proteção e Atendimento Integral à Família;1;0;34,516,500.00;7,337,564.83;8,256,888.65;8,463,852.11;16,373,050.25;14,926,316.47;13,854,979.64
PDI;EIXO: Promoção de Direitos e Proteção Integral;ASS;SUB-EIXO: Assistência Social;NEX;8;Assistência Social;244;Assistência Comunitária;19;Proteção Social Básica;2401;Serviço de Convivência e Fortalecimento de Vínculos;5;Serviço de Convivência Familiar e Comunitária;0.25;0;673,500.00;223,846.48;223,846.48;223,846.48;503,654.56;447,692.95;391,731.33
PDI;EIXO: Promoção de Direitos e Proteção Integral;ASS;SUB-EIXO: Assistência Social;NEX;8;Assistência Social;244;Assistência Comunitária;19;Proteção Social Básica;2405;Serviços, Benefícios e Transferência de Renda;1;Inserção, Acompanhamento das Famílias Beneficiárias dos Programa de Transferência de Renda e Benefícios Eventuais - Base Regional;0.25;0;790,825.00;172,343.07;173,739.49;171,208.56;342,303.82;339,302.03;298,478.40
PDI;EIXO: Promoção de Direitos e Proteção Integral;ASS;SUB-EIXO: Assistência Social;NEX;8;Assistência Social;244;Assistência Comunitária;19;Proteção Social Básica;2405;Serviços, Benefícios e Transferência de Renda;2;Concessão de Benefícios Eventuais;0.25;0;823,000.00;111,018.49;115,813.41;106,777.68;205,815.32;193,229.14;171,491.66
PDI;EIXO: Promoção de Direitos e Proteção Integral;ASS;SUB-EIXO: Assistência Social;NEX;8;Assistência Social;244;Assistência Comunitária;19;Proteção Social Básica;2405;Serviços, Benefícios e Transferência de Renda;4;Ações Estratégicas de Proteção Social Básica;0.25;0;617,625.00;208,719.49;240,202.19;200,430.35;423,410.29;310,203.25;264,693.81
PDI;EIXO: Promoção de Direitos e Proteção Integral;ASS;SUB-EIXO: Assistência Social;NEX;8;Assistência Social;244;Assistência Comunitária;19;Proteção Social Básica;2647;Inserção Social e Produtiva;3;Programa de Integração ao Mundo do Trabalho/Acessuas;0.25;0;80,250.00;30,000.00;30,000.00;47,500.00;55,000.00;47,500.00;47,500.00
PDI;EIXO: Promoção de Direitos e Proteção Integral;ASS;SUB-EIXO: Assistência Social;NEX;8;Assistência Social;244;Assistência Comunitária;19;Proteção Social Básica;2833;Ações de Assessoramento e de Defesa de Direitos;1;Ações de Assessoramento e de Defesa de Direitos;0.25;0;411,550.00;0.00;0.00;95,495.63;381,982.50;381,982.50;381,982.50
PDI;EIXO: Promoção de Direitos e Proteção Integral;ASS;SUB-EIXO: Assistência Social;NEX;8;Assistência Social;244;Assistência Comunitária;20;Proteção Social Especial;2403;Serviço de Proteção Social Especial de Alta Complexidade;2;Acolhimento Institucional e Unidade de Passagem para Adultos e Famílias;0.25;0;305,875.00;99,061.42;100,124.49;99,046.75;236,980.58;213,271.26;212,193.52
PDI;EIXO: Promoção de Direitos e Proteção Integral;ASS;SUB-EIXO: Assistência Social;NEX;8;Assistência Social;244;Assistência Comunitária;20;Proteção Social Especial;2403;Serviço de Proteção Social Especial de Alta Complexidade;5;Acolhimento Institucional para Famílias;0.25;0;379,175.00;71,767.46;94,112.27;91,793.92;181,737.10;181,062.16;178,743.80
PDI;EIXO: Promoção de Direitos e Proteção Integral;ASS;SUB-EIXO: Assistência Social;NEX;8;Assistência Social;244;Assistência Comunitária;20;Proteção Social Especial;2403;Serviço de Proteção Social Especial de Alta Complexidade;6;Acolhimento Institucional em Unidade de Passagem para População de Rua;0.25;0;625,600.00;153,650.66;256,084.44;164,455.34;409,735.10;409,735.10;318,106.01
PDI;EIXO: Promoção de Direitos e Proteção Integral;ASS;SUB-EIXO: Assistência Social;NEX;8;Assistência Social;244;Assistência Comunitária;20;Proteção Social Especial;2403;Serviço de Proteção Social Especial de Alta Complexidade;8;Serviço de Apoio e Reintegração Familiar;0.25;0;81,725.00;20,428.63;27,238.17;27,238.17;54,476.34;54,476.34;47,666.80
PDI;EIXO: Promoção de Direitos e Proteção Integral;ASS;SUB-EIXO: Assistência Social;EX;8;Assistência Social;244;Assistência Comunitária;20;Proteção Social Especial;2403;Serviço de Proteção Social Especial de Alta Complexidade;11;Central de Vagas;1;0;192,000.00;47,995.41;63,993.88;63,993.88;127,987.76;127,987.76;111,989.29
PDI;EIXO: Promoção de Direitos e Proteção Integral;ASS;SUB-EIXO: Assistência Social;NEX;8;Assistência Social;244;Assistência Comunitária;20;Proteção Social Especial;2403;Serviço de Proteção Social Especial de Alta Complexidade;13;Acolhimento Institucional ao Migrante;0.25;0;422,450.00;102,566.27;136,164.20;162,024.46;267,579.19;267,560.68;266,055.94
PDI;EIXO: Promoção de Direitos e Proteção Integral;ASS;SUB-EIXO: Assistência Social;EX;8;Assistência Social;244;Assistência Comunitária;20;Proteção Social Especial;2409;Centros de Referência;2;Centro de Referência Especializado para População de Rua / Miguilim;1;0;344,500.00;137,814.33;143,511.75;143,511.75;252,527.48;211,891.81;211,891.81
PDI;EIXO: Promoção de Direitos e Proteção Integral;ASS;SUB-EIXO: Assistência Social;EX;8;Assistência Social;244;Assistência Comunitária;20;Proteção Social Especial;2410;Apoio e Assessoria aos Serviços de Proteção Social de Média Complexidade;3;Atendimento Psicossocial a Crianças, Adolescentes e Familiares;1;0;209,400.00;0.00;0.00;0.00;0.00;0.00;0.00
PDI;EIXO: Promoção de Direitos e Proteção Integral;ASS;SUB-EIXO: Assistência Social;EX;8;Assistência Social;244;Assistência Comunitária;20;Proteção Social Especial;2410;Apoio e Assessoria aos Serviços de Proteção Social de Média Complexidade;4;Atendimento à Agressores Intrafamiliares de Crianças e Adolescentes;1;0;209,400.00;0.00;0.00;0.00;0.00;0.00;0.00
PDI;EIXO: Promoção de Direitos e Proteção Integral;ASS;SUB-EIXO: Assistência Social;NEX;8;Assistência Social;244;Assistência Comunitária;20;Proteção Social Especial;2833;Ações de Assessoramento e de Defesa de Direitos;1;Ações de Assessoramento e de Defesa de Direitos;0.25;0;467,625.00;0.00;0.00;142,670.50;428,011.50;428,011.50;428,011.50
PDI;EIXO: Promoção de Direitos e Proteção Integral;ASS;SUB-EIXO: Assistência Social;NEX;8;Assistência Social;244;Assistência Comunitária;20;Proteção Social Especial;2878;Serviço de Proteção Especial de Média Complexidade;1;Serviço de Proteção e Atendimento Especializado às Famílias e Indivíduos - PAEFI/CREAS;0.5;0;13,680,950.00;2,829,075.09;2,861,238.85;2,854,346.92;5,356,410.98;5,322,590.56;4,713,189.69
PDI;EIXO: Promoção de Direitos e Proteção Integral;ASS;SUB-EIXO: Assistência Social;NEX;8;Assistência Social;244;Assistência Comunitária;20;Proteção Social Especial;2878;Serviço de Proteção Especial de Média Complexidade;2;Acompanhamento Sócio Familiar / Bolsa Moradia;0.5;0;25,500.00;8,650.46;10,813.08;8,650.46;15,138.31;15,138.31;12,975.69
PDI;EIXO: Promoção de Direitos e Proteção Integral;ASS;SUB-EIXO: Assistência Social;EX;8;Assistência Social;244;Assistência Comunitária;20;Proteção Social Especial;2878;Serviço de Proteção Especial de Média Complexidade;3;Serviço de Proteção aos Adolescentes em Cumprimento de Medidas Socioeducativas - LA/CREAS;1;0;3,000.00;0.00;0.00;0.00;0.00;0.00;0.00
PDI;EIXO: Promoção de Direitos e Proteção Integral;ASS;SUB-EIXO: Assistência Social;EX;8;Assistência Social;244;Assistência Comunitária;20;Proteção Social Especial;2878;Serviço de Proteção Especial de Média Complexidade;4;Serviço de Proteção aos Adolescentes em Cumprimento de Medidas Socioeducativas - PSC/CREAS;1;0;3,000.00;0.00;0.00;0.00;0.00;0.00;0.00
PDI;EIXO: Promoção de Direitos e Proteção Integral;ASS;SUB-EIXO: Assistência Social;EX;8;Assistência Social;244;Assistência Comunitária;20;Proteção Social Especial;2878;Serviço de Proteção Especial de Média Complexidade;5;Serviço de Proteção aos Adolescentes em Cumprimento de Medidas Socioeducativas - NAMSEP;1;0;6,000.00;0.00;0.00;0.00;0.00;0.00;0.00
PDI;EIXO: Promoção de Direitos e Proteção Integral;ASS;SUB-EIXO: Assistência Social;EX;8;Assistência Social;244;Assistência Comunitária;20;Proteção Social Especial;2878;Serviço de Proteção Especial de Média Complexidade;8;Combate ao Trabalho Infantil;1;0;54,000.00;70,235.11;74,504.80;17,243.84;83,210.80;83,126.72;25,865.76
PDI;EIXO: Promoção de Direitos e Proteção Integral;ASS;SUB-EIXO: Assistência Social;NEX;8;Assistência Social;244;Assistência Comunitária;113;Gestão da Política de Assistência Social;2327;Gestão de Recursos Humanos;2;Proteção Social Básica;0.25;0;1,093,500.00;286,551.31;286,551.31;291,649.90;559,737.91;559,737.91;498,324.41
PDI;EIXO: Promoção de Direitos e Proteção Integral;ASS;SUB-EIXO: Assistência Social;NEX;8;Assistência Social;244;Assistência Comunitária;113;Gestão da Política de Assistência Social;2334;Gestão Compartilhada e Participação Social;2;Apoio aos Conselhos Municipais;0.25;0;82,049.00;7,869.25;9,346.66;8,492.11;13,276.30;12,311.90;11,117.22
PDI;EIXO: Promoção de Direitos e Proteção Integral;ASS;SUB-EIXO: Assistência Social;NEX;8;Assistência Social;244;Assistência Comunitária;113;Gestão da Política de Assistência Social;2334;Gestão Compartilhada e Participação Social;28;Ampliação da participação popular nas Comissões Locais de Assistência Social - CLAS;0.25;0;8,500.00;0.00;0.00;0.00;0.00;0.00;0.00
PDI;EIXO: Promoção de Direitos e Proteção Integral;ASS;SUB-EIXO: Assistência Social;NEX;8;Assistência Social;244;Assistência Comunitária;113;Gestão da Política de Assistência Social;2348;Gestão, Comunicação e Mobilização Social;1;Gestão do Trabalho;0.25;0;140,750.00;0.00;0.00;0.00;0.00;0.00;0.00
PDI;EIXO: Promoção de Direitos e Proteção Integral;ASS;SUB-EIXO: Assistência Social;NEX;8;Assistência Social;244;Assistência Comunitária;113;Gestão da Política de Assistência Social;2348;Gestão, Comunicação e Mobilização Social;2;Produção de Informativos e Peças Publicitárias;0.25;0;23,250.00;0.00;1,125.00;2,207.50;10,728.75;2,471.25;2,471.25
PDI;EIXO: Promoção de Direitos e Proteção Integral;ASS;SUB-EIXO: Assistência Social;NEX;8;Assistência Social;244;Assistência Comunitária;113;Gestão da Política de Assistência Social;2348;Gestão, Comunicação e Mobilização Social;3;Produção de Eventos;0.25;0;0.00;350.00;350.00;7.43;350.00;350.00;7.43
PDI;EIXO: Promoção de Direitos e Proteção Integral;ASS;SUB-EIXO: Assistência Social;NEX;8;Assistência Social;244;Assistência Comunitária;113;Gestão da Política de Assistência Social;2348;Gestão, Comunicação e Mobilização Social;4;Regulação e Regulamentação;0.25;0;250.00;0.00;0.00;0.00;0.00;0.00;0.00
PDI;EIXO: Promoção de Direitos e Proteção Integral;ASS;SUB-EIXO: Assistência Social;NEX;8;Assistência Social;244;Assistência Comunitária;113;Gestão da Política de Assistência Social;2348;Gestão, Comunicação e Mobilização Social;5;Mobilização Social;0.25;0;2,550.00;0.00;0.00;0.00;0.00;0.00;0.00
PDI;EIXO: Promoção de Direitos e Proteção Integral;ASS;SUB-EIXO: Assistência Social;NEX;8;Assistência Social;244;Assistência Comunitária;113;Gestão da Política de Assistência Social;2348;Gestão, Comunicação e Mobilização Social;6;Capacitação de Profissionais de Entidades Socioassistenciais;0.25;0;2,625.00;0.00;0.00;0.00;0.00;0.00;0.00
PDI;EIXO: Promoção de Direitos e Proteção Integral;ASS;SUB-EIXO: Assistência Social;EX;8;Assistência Social;244;Assistência Comunitária;113;Gestão da Política de Assistência Social;2348;Gestão, Comunicação e Mobilização Social;7;Capacitação de Funcionários com Atuação nas Unidades Interligadas de Registro Civil em Maternidades de BH;1;0;20,000.00;0.00;0.00;0.00;0.00;0.00;0.00
PDI;EIXO: Promoção de Direitos e Proteção Integral;ASS;SUB-EIXO: Assistência Social;NEX;8;Assistência Social;244;Assistência Comunitária;113;Gestão da Política de Assistência Social;2350;Vigilância Socioassistencial;1;Sistema de Indicadores;0.25;0;38,500.00;0.00;0.00;0.00;0.00;0.00;0.00
PDI;EIXO: Promoção de Direitos e Proteção Integral;ASS;SUB-EIXO: Assistência Social;NEX;8;Assistência Social;244;Assistência Comunitária;113;Gestão da Política de Assistência Social;2350;Vigilância Socioassistencial;2;Estudos Territoriais e Geoprocessamento;0.25;0;1,250.00;0.00;0.00;0.00;0.00;0.00;0.00
PDI;EIXO: Promoção de Direitos e Proteção Integral;ASS;SUB-EIXO: Assistência Social;NEX;8;Assistência Social;244;Assistência Comunitária;113;Gestão da Política de Assistência Social;2350;Vigilância Socioassistencial;3;Diagnóstico;0.25;0;87,500.00;0.00;0.00;0.00;0.00;0.00;0.00
PDI;EIXO: Promoção de Direitos e Proteção Integral;ASS;SUB-EIXO: Assistência Social;NEX;8;Assistência Social;244;Assistência Comunitária;113;Gestão da Política de Assistência Social;2350;Vigilância Socioassistencial;4;Monitoramento e Acompanhamento;0.25;0;125.00;0.00;0.00;0.00;0.00;0.00;0.00
PDI;EIXO: Promoção de Direitos e Proteção Integral;ASS;SUB-EIXO: Assistência Social;NEX;8;Assistência Social;244;Assistência Comunitária;113;Gestão da Política de Assistência Social;2350;Vigilância Socioassistencial;6;Realização de Estudo de Custo dos Serviços e Benefícios Socioassistenciais no âmbito do SUAS;0.25;0;33,125.00;0.00;0.00;0.00;0.00;0.00;0.00
PDI;EIXO: Promoção de Direitos e Proteção Integral;ASS;SUB-EIXO: Assistência Social;NEX;8;Assistência Social;244;Assistência Comunitária;113;Gestão da Política de Assistência Social;2351;Serviço de Informação e Informatização;1;Serviço Interno de Informação;0.25;0;5,500.00;0.00;0.00;0.00;0.00;0.00;0.00
PDI;EIXO: Promoção de Direitos e Proteção Integral;ASS;SUB-EIXO: Assistência Social;NEX;8;Assistência Social;244;Assistência Comunitária;113;Gestão da Política de Assistência Social;2804;Gestão dos Equipamentos e Promoção Social;1;Gestão dos Equipamentos e Promoção Social;0.25;0;50,750.00;251.25;251.25;33.75;251.25;251.25;33.75
PDI;EIXO: Promoção de Direitos e Proteção Integral;ASS;SUB-EIXO: Assistência Social;NEX;8;Assistência Social;244;Assistência Comunitária;113;Gestão da Política de Assistência Social;2900;Serviços Administrativos e Financeiros;1;Serviços Administrativos e Financeiros ;0.25;0;3,942,750.00;1,028,325.12;1,107,978.13;1,141,169.28;2,203,484.24;2,138,550.80;1,946,492.85
PDI;EIXO: Promoção de Direitos e Proteção Integral;ASS;SUB-EIXO: Assistência Social;NEX;8;Assistência Social;244;Assistência Comunitária;120;Transferência de Renda;2797;Coordenação das Ações de Transferência de Renda -  Programa Bolsa Família;1;Ações Intersetoriais de Atendimento às Famílias;0.25;0;686,500.00;159,471.82;159,471.82;164,079.33;334,840.39;334,840.39;300,537.09
PDI;EIXO: Promoção de Direitos e Proteção Integral;ASS;SUB-EIXO: Assistência Social;NEX;8;Assistência Social;244;Assistência Comunitária;120;Transferência de Renda;2797;Coordenação das Ações de Transferência de Renda -  Programa Bolsa Família;3;Realização do Cadastro das Famílias;0.25;0;12,500.00;0.00;0.00;0.00;0.00;0.00;0.00
PDI;EIXO: Promoção de Direitos e Proteção Integral;ASS;SUB-EIXO: Assistência Social;NEX;8;Assistência Social;244;Assistência Comunitária;123;Gestão da Política Social;2804;Gestão dos Equipamentos e Promoção Social;1;Gestão dos Equipamentos e Promoção Social;0.25;0;4,577,250.00;1,209,418.02;1,209,418.02;1,205,804.79;2,392,396.64;2,392,396.64;2,109,097.85
PDI;EIXO: Promoção de Direitos e Proteção Integral;ASS;SUB-EIXO: Assistência Social;NEX;8;Assistência Social;244;Assistência Comunitária;234;BH Cidadania  e o SUAS - Sistema Único de Assistência Social ;1220;Construção, Ampliação e Reforma de Unidades de Assistência Social;1;Construção, Ampliação e Reforma de Unidades de Assistência Social;0.25;0;930,140.00;0.00;0.00;0.00;0.00;0.00;0.00
PDI;EIXO: Promoção de Direitos e Proteção Integral;ASS;SUB-EIXO: Assistência Social;NEX;8;Assistência Social;244;Assistência Comunitária;234;BH Cidadania  e o SUAS - Sistema Único de Assistência Social ;1220;Construção, Ampliação e Reforma de Unidades de Assistência Social;2;Construção e/ou Reforma de Espaços BH Cidadania;0.25;0;2,612,000.00;179,329.08;242,428.15;126,651.59;326,386.43;318,632.10;126,651.59
PDI;EIXO: Promoção de Direitos e Proteção Integral;ASS;SUB-EIXO: Assistência Social;NEX;8;Assistência Social;244;Assistência Comunitária;234;BH Cidadania  e o SUAS - Sistema Único de Assistência Social ;2403;Serviço de Proteção Social Especial de Alta Complexidade;7;Acolhimento Institucional para Adultos em Situação de Rua e Outros Riscos;0.25;0;537,300.00;57,064.31;105,453.68;104,444.49;206,434.16;206,406.71;205,272.52
PDI;EIXO: Promoção de Direitos e Proteção Integral;ASS;SUB-EIXO: Assistência Social;EX;8;Assistência Social;244;Assistência Comunitária;234;BH Cidadania  e o SUAS - Sistema Único de Assistência Social ;2403;Serviço de Proteção Social Especial de Alta Complexidade;9;Serviço Família Acolhedora;1;0;234,900.00;18,930.00;56,790.00;56,790.00;113,580.00;113,580.00;113,580.00
PDI;EIXO: Promoção de Direitos e Proteção Integral;ASS;SUB-EIXO: Assistência Social;NEX;8;Assistência Social;244;Assistência Comunitária;237;Qualificação, Profissionalização e Emprego;2404;Ações de Qualificação, Profissionalização e Emprego;1;Disponibilização de Vagas para o Programa Municipal de Qualificação, Emprego e Renda;0.25;0;790,775.00;35,716.08;66,120.66;96,081.80;357,164.08;340,341.72;340,341.72
PDI;EIXO: Promoção de Direitos e Proteção Integral;ASS;SUB-EIXO: Assistência Social;EX;8;Assistência Social;244;Assistência Comunitária;241;Recomeço;2403;Serviço de Proteção Social Especial de Alta Complexidade;24;Acolhimento Institucional de Bebes de Mães Usuárias de Drogas;1;0;498,300.00;0.00;0.00;0.00;0.00;0.00;0.00
PDI;EIXO: Promoção de Direitos e Proteção Integral;ASS;SUB-EIXO: Assistência Social;NEX;8;Assistência Social;244;Assistência Comunitária;241;Recomeço;2873;Apoio às Ações de Políticas sobre Drogas;1;Apoio as Ações de Políticas sobre Drogas;0.25;0;2,750.00;0.00;0.00;0.00;0.00;0.00;0.00
PDI;EIXO: Promoção de Direitos e Proteção Integral;ASS;SUB-EIXO: Assistência Social;NEX;8;Assistência Social;244;Assistência Comunitária;241;Recomeço;2873;Apoio às Ações de Políticas sobre Drogas;2;Implantação do Sistema de Informação Compartilhada sobre Usuários de Álcool e Outras Drogas;0.25;0;750.00;0.00;0.00;0.00;0.00;0.00;0.00
PDI;EIXO: Promoção de Direitos e Proteção Integral;ASS;SUB-EIXO: Assistência Social;NEX;8;Assistência Social;244;Assistência Comunitária;241;Recomeço;2873;Apoio às Ações de Políticas sobre Drogas;3;Conferência Municipal de Políticas sobre Drogas de Belo Horizonte;0.25;0;4,000.00;0.00;0.00;0.00;0.00;0.00;0.00
PDI;EIXO: Promoção de Direitos e Proteção Integral;ASS;SUB-EIXO: Assistência Social;NEX;8;Assistência Social;244;Assistência Comunitária;241;Recomeço;2873;Apoio às Ações de Políticas sobre Drogas;5;Suporte Técnico e Administrativo ao Conselho Municipal de Políticas sobre Drogas;0.25;0;1,250.00;0.00;0.00;0.00;0.00;0.00;0.00
PDI;EIXO: Promoção de Direitos e Proteção Integral;ASS;SUB-EIXO: Assistência Social;EX;8;Assistência Social;306;Alimentação e Nutrição;132;Gestão da Política Municipal de Segurança Alimentar e Nutricional;2120;Gestão da Assistência Alimentar e Nutricional às Entidades;3;Gerenciamento da Assistência Alimentar e Nutricional às Creches Conveniadas - Educação Infantil;1;0;5,573,000.00;258,123.27;951,243.41;1,572,544.73;2,240,986.67;2,021,228.49;1,899,236.03
PDI;EIXO: Promoção de Direitos e Proteção Integral;ASS;SUB-EIXO: Assistência Social;EX;8;Assistência Social;306;Alimentação e Nutrição;132;Gestão da Política Municipal de Segurança Alimentar e Nutricional;2120;Gestão da Assistência Alimentar e Nutricional às Entidades;4;Gerenciamento da Assistência Alimentar e Nutricional às Entidades Infanto Juvenis;1;0;1,100,000.00;550,164.99;538,407.93;398,563.05;1,001,869.14;644,859.81;402,495.77
PDI;EIXO: Promoção de Direitos e Proteção Integral;ASS;SUB-EIXO: Assistência Social;NEX;8;Assistência Social;452;Serviços Urbanos;236;Direito de Todos ;2856;Execução do Programa Meio Passe Estudantil;1;Concessão do Benefício para Estudantes Municipais do Ensino Médio e EJA;0.85;0;2,125,000.00;1,446,207.54;1,735,207.54;1,735,207.54;1,914,243.79;1,914,243.79;1,914,243.79
PDI;EIXO: Promoção de Direitos e Proteção Integral;ASS;SUB-EIXO: Assistência Social;EX;11;Trabalho;333;Empregabilidade;236;Direito de Todos ;2331;Centro de Referência em Segurança Alimentar e Nutricional Sustentável;6;Programa Pão Escola;1;0;282,691.00;40,758.64;55,232.86;37,164.70;96,476.64;82,027.38;55,819.23
PDI;EIXO: Promoção de Direitos e Proteção Integral;ASS;SUB-EIXO: Assistência Social;NEX;11;Trabalho;333;Empregabilidade;237;Qualificação, Profissionalização e Emprego;2404;Ações de Qualificação, Profissionalização e Emprego;1;Disponibilização de Vagas para o Programa Municipal de Qualificação, Emprego e Renda;0.25;0;105,000.00;0.00;0.00;0.00;0.00;0.00;0.00
PDI;EIXO: Promoção de Direitos e Proteção Integral;ASS;SUB-EIXO: Assistência Social;NEX;11;Trabalho;334;Fomento ao Trabalho;237;Qualificação, Profissionalização e Emprego;2404;Ações de Qualificação, Profissionalização e Emprego;1;Disponibilização de Vagas para o Programa Municipal de Qualificação, Emprego e Renda;0.25;0;275,000.00;44,753.33;59,671.11;59,671.11;119,342.22;104,424.44;104,424.44
PDI;EIXO: Promoção de Direitos e Proteção Integral;ASS;SUB-EIXO: Assistência Social;NEX;11;Trabalho;334;Fomento ao Trabalho;237;Qualificação, Profissionalização e Emprego;2404;Ações de Qualificação, Profissionalização e Emprego;11;Economia Solidária - Apoio aos Grupos Produtivos e Trabalhadores Autônomos;0.25;0;171,700.00;12,856.99;14,981.43;15,558.90;29,690.15;27,778.20;26,802.64
PDI;EIXO: Promoção de Direitos e Proteção Integral;ASS;SUB-EIXO: Assistência Social;NEX;11;Trabalho;334;Fomento ao Trabalho;237;Qualificação, Profissionalização e Emprego;2404;Ações de Qualificação, Profissionalização e Emprego;12;Manutenção dos Serviços de Intermediação ao Trabalho - Atendimento ao Trabalhador nos SINES;0.25;0;774,235.00;123,237.14;117,507.80;118,320.73;187,184.57;166,474.12;164,622.01
PDI;EIXO: Promoção de Direitos e Proteção Integral;ASS;SUB-EIXO: Assistência Social;NEX;11;Trabalho;334;Fomento ao Trabalho;237;Qualificação, Profissionalização e Emprego;2404;Ações de Qualificação, Profissionalização e Emprego;19;Modernização dos Laboratórios da Escola Raimunda da Silva Soares;0.25;0;98,750.00;19,755.00;30,415.88;31,673.74;57,115.03;49,093.07;48,680.23
PDI;EIXO: Promoção de Direitos e Proteção Integral;ASS;SUB-EIXO: Assistência Social;NEX;14;Direitos da Cidadania;422;Direitos Individuais, Coletivos e Difusos;241;Recomeço;2873;Apoio às Ações de Políticas sobre Drogas;1;Apoio as Ações de Políticas sobre Drogas;0.25;0;128,875.00;0.00;0.00;0.00;0.00;0.00;0.00
PDI;EIXO: Promoção de Direitos e Proteção Integral;ASS;SUB-EIXO: Assistência Social;NEX;19;Ciência e Tecnologia;126;Tecnologia da Informação;85;Gestão da Política de Tecnologia da Informação e Comunicação;2604;Centro de Recondicionamento de Computadores;1;Manutenção dos Centros de Inclusão Digital;0.25;0;1,110,605.00;104,621.88;108,739.85;111,721.68;253,847.19;243,908.02;217,532.38
PDI;EIXO: Promoção de Direitos e Proteção Integral;ASS;SUB-EIXO: Assistência Social;NEX;19;Ciência e Tecnologia;126;Tecnologia da Informação;85;Gestão da Política de Tecnologia da Informação e Comunicação;2604;Centro de Recondicionamento de Computadores;2;Recondicionamento de Computadores;0.25;0;1,250.00;0.00;0.00;0.00;0.00;0.00;0.00
PDI;EIXO: Promoção de Direitos e Proteção Integral;ASS;SUB-EIXO: Assistência Social;NEX;19;Ciência e Tecnologia;126;Tecnologia da Informação;85;Gestão da Política de Tecnologia da Informação e Comunicação;2604;Centro de Recondicionamento de Computadores;3;Qualificação em TIC - Tecnologia da Informação e Comunicação;0.25;0;3,142.00;62.70;62.70;62.70;62.70;62.70;62.70
PDI;EIXO: Promoção de Direitos e Proteção Integral;ASS;SUB-EIXO: Assistência Social;NEX;19;Ciência e Tecnologia;572;Desenvolvimento Tecnológico e Engenharia;85;Gestão da Política de Tecnologia da Informação e Comunicação;2602;Gerenciamento, Implantação e Atendimento de Serviços na RMI;1;Melhoria dos Processos de Suporte e Entrega a Serviços de TIC;0.25;0;1,778,183.00;669,960.82;1,080,600.95;1,100,908.92;1,785,366.74;1,621,628.43;1,417,038.82
PDI;EIXO: Promoção de Direitos e Proteção Integral;ASS;SUB-EIXO: Assistência Social;NEX;19;Ciência e Tecnologia;572;Desenvolvimento Tecnológico e Engenharia;85;Gestão da Política de Tecnologia da Informação e Comunicação;2602;Gerenciamento, Implantação e Atendimento de Serviços na RMI;2;Adequação do Datacenter às Demandas de Serviços de TIC da PBH;0.25;0;5,839,937.00;1,857,827.19;1,832,259.30;1,812,979.29;3,771,842.86;3,403,743.50;3,016,105.17
PDI;EIXO: Promoção de Direitos e Proteção Integral;ASS;SUB-EIXO: Assistência Social;NEX;19;Ciência e Tecnologia;572;Desenvolvimento Tecnológico e Engenharia;85;Gestão da Política de Tecnologia da Informação e Comunicação;2603;Implantação de Soluções e Modernização de Sistemas ;4;Estruturação de Ambientes para Desenvolvimento de Software;0.25;0;9,383,499.00;1,980,844.32;1,992,551.10;2,050,812.81;4,185,572.30;3,779,577.69;3,382,001.83
PDI;EIXO: Promoção de Direitos e Proteção Integral;ASS;SUB-EIXO: Assistência Social;NEX;19;Ciência e Tecnologia;572;Desenvolvimento Tecnológico e Engenharia;85;Gestão da Política de Tecnologia da Informação e Comunicação;2603;Implantação de Soluções e Modernização de Sistemas ;5;Processo de Software da PBH;0.25;0;250.00;0.00;0.00;0.00;0.00;0.00;0.00
PDI;EIXO: Promoção de Direitos e Proteção Integral;ASS;SUB-EIXO: Assistência Social;NEX;19;Ciência e Tecnologia;572;Desenvolvimento Tecnológico e Engenharia;221;BH Digital;1373;Gestão do Plano Diretor de Informática;5;Internet Banda Larga Disponibilizada em Áreas de Vilas e Favelas ;0.25;0;2,164,771.00;496,416.64;188,392.17;180,640.14;525,749.14;205,649.67;197,622.69
PDI;EIXO: Promoção de Direitos e Proteção Integral;DCI;SUB-EIXO: Direitos da Cidadania;NEX;14;Direitos da Cidadania;422;Direitos Individuais, Coletivos e Difusos;127;Promoção e Defesa de Direitos Humanos e Cidadania ;2334;Gestão Compartilhada e Participação Social;1;Coordenação e Participação em Fóruns Governamentais e GTs;0.25;0;500.00;0.00;0.00;0.00;0.00;0.00;0.00
PDI;EIXO: Promoção de Direitos e Proteção Integral;DCI;SUB-EIXO: Direitos da Cidadania;NEX;14;Direitos da Cidadania;422;Direitos Individuais, Coletivos e Difusos;127;Promoção e Defesa de Direitos Humanos e Cidadania ;2334;Gestão Compartilhada e Participação Social;2;Apoio aos Conselhos Municipais;0.25;0;5,500.00;0.00;0.00;0.00;0.00;0.00;0.00
PDI;EIXO: Promoção de Direitos e Proteção Integral;DCI;SUB-EIXO: Direitos da Cidadania;NEX;14;Direitos da Cidadania;422;Direitos Individuais, Coletivos e Difusos;127;Promoção e Defesa de Direitos Humanos e Cidadania ;2334;Gestão Compartilhada e Participação Social;13;Implantação do Observatório de Direitos Humanos de Belo Horizonte;0.25;0;500.00;0.00;0.00;0.00;0.00;0.00;0.00
PDI;EIXO: Promoção de Direitos e Proteção Integral;DCI;SUB-EIXO: Direitos da Cidadania;NEX;14;Direitos da Cidadania;422;Direitos Individuais, Coletivos e Difusos;127;Promoção e Defesa de Direitos Humanos e Cidadania ;2335;Educação Política em Direitos Humanos e Cidadania;1;Sensibilização de Agentes Públicos e Sociedade Civil;0.25;0;56,750.00;12,044.18;14,618.69;11,694.95;24,088.35;22,621.64;19,697.91
PDI;EIXO: Promoção de Direitos e Proteção Integral;DCI;SUB-EIXO: Direitos da Cidadania;NEX;14;Direitos da Cidadania;422;Direitos Individuais, Coletivos e Difusos;127;Promoção e Defesa de Direitos Humanos e Cidadania ;2335;Educação Política em Direitos Humanos e Cidadania;2;Orientação em Direitos Humanos;0.25;0;3,750.00;0.00;0.00;0.00;0.00;0.00;0.00
PDI;EIXO: Promoção de Direitos e Proteção Integral;DCI;SUB-EIXO: Direitos da Cidadania;NEX;14;Direitos da Cidadania;422;Direitos Individuais, Coletivos e Difusos;127;Promoção e Defesa de Direitos Humanos e Cidadania ;2335;Educação Política em Direitos Humanos e Cidadania;3;Realização de Atividade de Orientação à Agentes Públicos para Melhor Atendimento ao Cidadão;0.25;0;1,250.00;0.00;0.00;0.00;0.00;0.00;0.00
PDI;EIXO: Promoção de Direitos e Proteção Integral;DCI;SUB-EIXO: Direitos da Cidadania;NEX;14;Direitos da Cidadania;422;Direitos Individuais, Coletivos e Difusos;127;Promoção e Defesa de Direitos Humanos e Cidadania ;2900;Serviços Administrativos e Financeiros;1;Serviços Administrativos e Financeiros ;0.25;0;2,151,250.00;493,777.46;500,785.62;531,679.95;1,067,079.50;1,058,228.37;954,603.06
PDI;EIXO: Promoção de Direitos e Proteção Integral;DCI;SUB-EIXO: Direitos da Cidadania;EX;14;Direitos da Cidadania;422;Direitos Individuais, Coletivos e Difusos;163;Promoção e Proteção às Crianças e Adolescentes e suas Famílias ;2884;Programa BH: Crianças e Adolescentes Protegidos;1;Capacitação da Rede de Atenção à Criança e ao Adolescente, Sociedade Civil, Fóruns e Afins ;1;0;3,500.00;0.00;0.00;0.00;0.00;0.00;0.00
PDI;EIXO: Promoção de Direitos e Proteção Integral;DCI;SUB-EIXO: Direitos da Cidadania;EX;14;Direitos da Cidadania;422;Direitos Individuais, Coletivos e Difusos;163;Promoção e Proteção às Crianças e Adolescentes e suas Famílias ;2884;Programa BH: Crianças e Adolescentes Protegidos;3;Realização de Eventos e Campanhas para Mobilização Social e Informação;1;0;51,000.00;0.00;0.00;0.00;0.00;0.00;0.00
PDI;EIXO: Promoção de Direitos e Proteção Integral;DCI;SUB-EIXO: Direitos da Cidadania;EX;14;Direitos da Cidadania;422;Direitos Individuais, Coletivos e Difusos;163;Promoção e Proteção às Crianças e Adolescentes e suas Famílias ;2884;Programa BH: Crianças e Adolescentes Protegidos;6;Reestruturação e Aperfeiçoamento do Programa de Enfrentamento ao Abuso e Exploração Sexual;1;0;4,500.00;0.00;0.00;0.00;0.00;0.00;0.00
PDI;EIXO: Promoção de Direitos e Proteção Integral;DCI;SUB-EIXO: Direitos da Cidadania;NEX;14;Direitos da Cidadania;422;Direitos Individuais, Coletivos e Difusos;236;Direito de Todos ;2333;Promoção de Ações Afirmativas dos Movimentos Sociais;2;Apoio e Acompanhamento de Grupos da Economia Solidária;0.25;0;132,625.00;0.00;735.00;735.00;1,260.00;1,155.00;1,155.00
PDI;EIXO: Promoção de Direitos e Proteção Integral;DCI;SUB-EIXO: Direitos da Cidadania;NEX;14;Direitos da Cidadania;422;Direitos Individuais, Coletivos e Difusos;236;Direito de Todos ;2333;Promoção de Ações Afirmativas dos Movimentos Sociais;3;Ações Afirmativas em Prol de Comunidades Tradicionais;0.25;0;2,875.00;0.00;0.00;0.00;0.00;0.00;0.00
PDI;EIXO: Promoção de Direitos e Proteção Integral;DCI;SUB-EIXO: Direitos da Cidadania;NEX;14;Direitos da Cidadania;422;Direitos Individuais, Coletivos e Difusos;236;Direito de Todos ;2333;Promoção de Ações Afirmativas dos Movimentos Sociais;4;Ações Afirmativas em Prol da Pessoa com Deficiência;0.25;0;9,500.00;1,225.25;1,355.06;1,815.78;2,475.25;1,996.46;1,996.46
PDI;EIXO: Promoção de Direitos e Proteção Integral;DCI;SUB-EIXO: Direitos da Cidadania;NEX;14;Direitos da Cidadania;422;Direitos Individuais, Coletivos e Difusos;236;Direito de Todos ;2333;Promoção de Ações Afirmativas dos Movimentos Sociais;5;Ações Afirmativas de Promoção de Direitos e Combate à Violência Contra a Mulher;0.25;0;5,250.00;0.00;0.00;0.00;0.00;0.00;0.00
PDI;EIXO: Promoção de Direitos e Proteção Integral;DCI;SUB-EIXO: Direitos da Cidadania;NEX;14;Direitos da Cidadania;422;Direitos Individuais, Coletivos e Difusos;236;Direito de Todos ;2333;Promoção de Ações Afirmativas dos Movimentos Sociais;6;Realização de Atividades de Articulação das Redes de Direitos;0.25;0;2,500.00;0.00;0.00;0.00;0.00;0.00;0.00
PDI;EIXO: Promoção de Direitos e Proteção Integral;DCI;SUB-EIXO: Direitos da Cidadania;NEX;14;Direitos da Cidadania;422;Direitos Individuais, Coletivos e Difusos;236;Direito de Todos ;2333;Promoção de Ações Afirmativas dos Movimentos Sociais;8;Ações Afirmativas BH Cidadã: Sem Homofobia;0.25;0;32,750.00;15,987.50;15,987.50;7,325.00;15,987.50;15,987.50;7,325.00
PDI;EIXO: Promoção de Direitos e Proteção Integral;DCI;SUB-EIXO: Direitos da Cidadania;NEX;14;Direitos da Cidadania;422;Direitos Individuais, Coletivos e Difusos;236;Direito de Todos ;2333;Promoção de Ações Afirmativas dos Movimentos Sociais;9;Instituição do Selo Promoção da Igualdade Racial;0.25;0;750.00;0.00;0.00;0.00;0.00;0.00;0.00
PDI;EIXO: Promoção de Direitos e Proteção Integral;DCI;SUB-EIXO: Direitos da Cidadania;NEX;14;Direitos da Cidadania;422;Direitos Individuais, Coletivos e Difusos;236;Direito de Todos ;2333;Promoção de Ações Afirmativas dos Movimentos Sociais;11;Realização de Diagnósticos sobre a Realidade das Comunidades Indígenas e Quilombolas da Cidade;0.25;0;250.00;0.00;0.00;0.00;0.00;0.00;0.00
PDI;EIXO: Promoção de Direitos e Proteção Integral;DCI;SUB-EIXO: Direitos da Cidadania;NEX;14;Direitos da Cidadania;422;Direitos Individuais, Coletivos e Difusos;236;Direito de Todos ;2335;Educação Política em Direitos Humanos e Cidadania;4;Orientação a Grupos Étnicos e Comunidades Raciais;0.25;0;1,500.00;0.00;0.00;0.00;0.00;0.00;0.00
PDI;EIXO: Promoção de Direitos e Proteção Integral;DCI;SUB-EIXO: Direitos da Cidadania;NEX;14;Direitos da Cidadania;422;Direitos Individuais, Coletivos e Difusos;236;Direito de Todos ;2345;Atendimento e Orientação Psicossocial e Jurídico ;2;Atendimento na Área de Orientação Jurídica e Conciliação de Conflitos no Âmbito do Juizado de Conciliação nos Espaços BH Cidadania;0.25;0;500.00;0.00;0.00;0.00;0.00;0.00;0.00
PDI;EIXO: Promoção de Direitos e Proteção Integral;DCI;SUB-EIXO: Direitos da Cidadania;NEX;14;Direitos da Cidadania;422;Direitos Individuais, Coletivos e Difusos;236;Direito de Todos ;2345;Atendimento e Orientação Psicossocial e Jurídico ;5;Atendimento Psicossocial e Jurídico à População LGBT;0.25;0;2,500.00;0.00;0.00;0.00;0.00;0.00;0.00
PDI;EIXO: Promoção de Direitos e Proteção Integral;DCI;SUB-EIXO: Direitos da Cidadania;NEX;14;Direitos da Cidadania;422;Direitos Individuais, Coletivos e Difusos;236;Direito de Todos ;2345;Atendimento e Orientação Psicossocial e Jurídico ;7;Atendimento psicossocial e jurídico à mulher em situação de violência de gênero - Benvinda;0.25;0;13,000.00;230.00;405.75;531.28;905.00;753.10;644.83
PDI;EIXO: Promoção de Direitos e Proteção Integral;DCI;SUB-EIXO: Direitos da Cidadania;NEX;14;Direitos da Cidadania;422;Direitos Individuais, Coletivos e Difusos;236;Direito de Todos ;2819;Apoio à Promoção das Políticas da Juventude;1;Apoio à Promoção das Políticas da Juventude;0.25;0;212,500.00;10,578.79;10,578.79;10,578.79;23,917.98;23,917.98;21,599.39
PDI;EIXO: Promoção de Direitos e Proteção Integral;DCI;SUB-EIXO: Direitos da Cidadania;NEX;14;Direitos da Cidadania;422;Direitos Individuais, Coletivos e Difusos;236;Direito de Todos ;2819;Apoio à Promoção das Políticas da Juventude;4;Realização de Fóruns da Juventude;0.25;0;1,250.00;0.00;0.00;0.00;0.00;0.00;0.00
PDI;EIXO: Promoção de Direitos e Proteção Integral;DCI;SUB-EIXO: Direitos da Cidadania;NEX;14;Direitos da Cidadania;422;Direitos Individuais, Coletivos e Difusos;236;Direito de Todos ;2819;Apoio à Promoção das Políticas da Juventude;6;Operacionalização do Centro de Referência da Juventude;0.25;0;1,601,446.00;18,720.74;20,775.74;20,184.99;46,912.48;40,419.52;38,302.81
PVS;EIXO: Promovendo Vidas Saudavéis;HAB;SUB-EIXO: Habitação;NEX;16;Habitação;482;Habitação Urbana;64;Geração e Qualificação Habitacional em Áreas de Interesse Social;1207;Produção de Moradias;8;Gestão da Política Municipal de Habitação-PMH e Participação Popular;0.25;0;665,000.00;0.00;0.00;0.00;0.00;0.00;0.00
PVS;EIXO: Promovendo Vidas Saudavéis;HAB;SUB-EIXO: Habitação;NEX;16;Habitação;482;Habitação Urbana;64;Geração e Qualificação Habitacional em Áreas de Interesse Social;1207;Produção de Moradias;10;Intervenções Especiais em Conjuntos Habitacionais;0.25;0;139,250.00;49,123.45;41,733.95;41,733.95;88,321.50;80,932.00;80,932.00
PVS;EIXO: Promovendo Vidas Saudavéis;HAB;SUB-EIXO: Habitação;NEX;16;Habitação;482;Habitação Urbana;64;Geração e Qualificação Habitacional em Áreas de Interesse Social;1231;Melhorias Urbanas em Assentamentos Precários;1;Melhorias Urbanas em Assentamentos Precários;0.25;0;1,268,834.00;72,140.94;127,329.91;125,660.22;214,294.63;201,086.24;182,357.36
PVS;EIXO: Promovendo Vidas Saudavéis;HAB;SUB-EIXO: Habitação;NEX;16;Habitação;482;Habitação Urbana;64;Geração e Qualificação Habitacional em Áreas de Interesse Social;1231;Melhorias Urbanas em Assentamentos Precários;3;Outras Intervenções em Assentamentos Precários;0.25;0;513,000.00;0.00;0.00;0.00;0.00;0.00;0.00
PVS;EIXO: Promovendo Vidas Saudavéis;HAB;SUB-EIXO: Habitação;NEX;16;Habitação;482;Habitação Urbana;64;Geração e Qualificação Habitacional em Áreas de Interesse Social;1231;Melhorias Urbanas em Assentamentos Precários;8;Ações Sociais em Assentamentos Precários;0.25;0;1,250.00;0.00;0.00;0.00;0.00;0.00;0.00
PVS;EIXO: Promovendo Vidas Saudavéis;HAB;SUB-EIXO: Habitação;NEX;16;Habitação;482;Habitação Urbana;64;Geração e Qualificação Habitacional em Áreas de Interesse Social;1231;Melhorias Urbanas em Assentamentos Precários;25;Reassentamento/Indenizações;0.25;0;689,302.00;27,235.35;27,235.35;27,235.35;44,502.47;44,502.47;44,502.47
PVS;EIXO: Promovendo Vidas Saudavéis;HAB;SUB-EIXO: Habitação;NEX;16;Habitação;482;Habitação Urbana;64;Geração e Qualificação Habitacional em Áreas de Interesse Social;2792;Programa Bolsa Moradia;1;Programa Bolsa Moradia;0.25;0;2,171,875.00;140,500.00;127,625.00;127,625.00;289,625.00;271,750.00;271,750.00
PVS;EIXO: Promovendo Vidas Saudavéis;HAB;SUB-EIXO: Habitação;NEX;16;Habitação;482;Habitação Urbana;64;Geração e Qualificação Habitacional em Áreas de Interesse Social;2792;Programa Bolsa Moradia;2;Programa Bolsa Moradia - Risco;0.25;0;884,375.00;96,125.00;96,250.00;96,250.00;222,375.00;213,750.00;213,750.00
PVS;EIXO: Promovendo Vidas Saudavéis;HAB;SUB-EIXO: Habitação;NEX;16;Habitação;482;Habitação Urbana;64;Geração e Qualificação Habitacional em Áreas de Interesse Social;2792;Programa Bolsa Moradia;3;Programa Bolsa Moradia - Obras Vila Viva;0.25;0;1,165,700.00;305,312.75;268,912.50;268,912.50;603,312.75;554,712.50;554,712.50
PVS;EIXO: Promovendo Vidas Saudavéis;HAB;SUB-EIXO: Habitação;NEX;16;Habitação;482;Habitação Urbana;64;Geração e Qualificação Habitacional em Áreas de Interesse Social;2792;Programa Bolsa Moradia;5;Programa Bolsa Moradia - Implantação do Corta Caminho;0.25;0;251,000.00;17,500.00;14,000.00;14,000.00;30,000.00;26,375.00;26,375.00
PVS;EIXO: Promovendo Vidas Saudavéis;HAB;SUB-EIXO: Habitação;NEX;16;Habitação;482;Habitação Urbana;209;Implantação do Corta Caminho ;1330;Implantação do Corta Caminho;1;Ações Sociais;0.25;0;750.00;0.00;0.00;0.00;0.00;0.00;0.00
PVS;EIXO: Promovendo Vidas Saudavéis;HAB;SUB-EIXO: Habitação;NEX;16;Habitação;482;Habitação Urbana;209;Implantação do Corta Caminho ;1330;Implantação do Corta Caminho;2; Construção de Unidades Habitacionais - Anel Rodoviário;0.25;0;835,750.00;0.00;0.00;0.00;0.00;0.00;0.00
PVS;EIXO: Promovendo Vidas Saudavéis;HAB;SUB-EIXO: Habitação;NEX;16;Habitação;482;Habitação Urbana;209;Implantação do Corta Caminho ;1330;Implantação do Corta Caminho;3;Via 710 - Reassentamento/Indenizações;0.25;0;388,100.00;22,278.17;22,278.17;0.00;57,157.13;57,157.13;34,878.96
PVS;EIXO: Promovendo Vidas Saudavéis;HAB;SUB-EIXO: Habitação;NEX;16;Habitação;482;Habitação Urbana;209;Implantação do Corta Caminho ;1330;Implantação do Corta Caminho;6;Consultoria e Serviços Técnicos;0.25;0;69,000.00;0.00;0.00;0.00;0.00;0.00;0.00
PVS;EIXO: Promovendo Vidas Saudavéis;HAB;SUB-EIXO: Habitação;NEX;16;Habitação;482;Habitação Urbana;209;Implantação do Corta Caminho ;1330;Implantação do Corta Caminho;8;Revitalização Anel Rodoviário - Recuperação Assentamentos Precários;0.25;0;750.00;0.00;0.00;0.00;0.00;0.00;0.00
PVS;EIXO: Promovendo Vidas Saudavéis;HAB;SUB-EIXO: Habitação;NEX;16;Habitação;482;Habitação Urbana;225;Vila Viva;1231;Melhorias Urbanas em Assentamentos Precários;1;Melhorias Urbanas em Assentamentos Precários;0.25;0;13,077,241.00;620,249.67;794,310.04;650,596.09;1,740,528.84;1,611,851.31;1,214,568.80
PVS;EIXO: Promovendo Vidas Saudavéis;HAB;SUB-EIXO: Habitação;NEX;16;Habitação;482;Habitação Urbana;225;Vila Viva;1231;Melhorias Urbanas em Assentamentos Precários;3;Outras Intervenções em Assentamentos Precários;0.25;0;426,500.00;6,914.39;17,647.70;17,647.70;39,296.92;39,296.87;39,296.87
PVS;EIXO: Promovendo Vidas Saudavéis;HAB;SUB-EIXO: Habitação;NEX;16;Habitação;482;Habitação Urbana;225;Vila Viva;1231;Melhorias Urbanas em Assentamentos Precários;4;Orçamento Participativo - Empreendimento;0.25;0;7,270,636.00;181,223.04;366,058.06;355,430.16;711,624.55;706,723.72;696,095.83
PVS;EIXO: Promovendo Vidas Saudavéis;HAB;SUB-EIXO: Habitação;NEX;16;Habitação;482;Habitação Urbana;225;Vila Viva;1231;Melhorias Urbanas em Assentamentos Precários;5;Planos Globais Específicos;0.25;0;211,975.00;-18,286.15;16,718.27;16,718.27;52,791.99;47,624.39;47,624.39
PVS;EIXO: Promovendo Vidas Saudavéis;HAB;SUB-EIXO: Habitação;NEX;16;Habitação;482;Habitação Urbana;225;Vila Viva;1231;Melhorias Urbanas em Assentamentos Precários;6;Apoio Técnico a Projeto ou Obra;0.25;0;163,000.00;-117,655.97;0.00;0.00;39,844.03;39,844.03;39,844.03
PVS;EIXO: Promovendo Vidas Saudavéis;HAB;SUB-EIXO: Habitação;NEX;16;Habitação;482;Habitação Urbana;225;Vila Viva;1231;Melhorias Urbanas em Assentamentos Precários;7;Plano de Regularização Urbanística;0.25;0;382,750.00;-9,044.52;41,960.36;41,960.36;170,443.76;170,443.75;170,443.75
PVS;EIXO: Promovendo Vidas Saudavéis;HAB;SUB-EIXO: Habitação;NEX;16;Habitação;482;Habitação Urbana;225;Vila Viva;1231;Melhorias Urbanas em Assentamentos Precários;8;Ações Sociais em Assentamentos Precários;0.25;0;1,499,500.00;44,909.63;95,629.24;95,986.54;187,409.63;134,516.12;118,090.89
PVS;EIXO: Promovendo Vidas Saudavéis;HAB;SUB-EIXO: Habitação;NEX;16;Habitação;482;Habitação Urbana;225;Vila Viva;1231;Melhorias Urbanas em Assentamentos Precários;9;Implantação do Vila Viva - Morro das Pedras;0.25;0;1,137,619.00;368,817.34;368,817.34;311,444.65;368,817.34;368,817.34;311,444.65
PVS;EIXO: Promovendo Vidas Saudavéis;HAB;SUB-EIXO: Habitação;NEX;16;Habitação;482;Habitação Urbana;225;Vila Viva;1231;Melhorias Urbanas em Assentamentos Precários;10;Implantação do Vila Viva - Taquaril;0.25;0;8,417,500.00;1,229,682.10;1,369,096.36;1,371,360.75;1,504,682.10;1,503,676.73;1,503,676.73
PVS;EIXO: Promovendo Vidas Saudavéis;HAB;SUB-EIXO: Habitação;NEX;16;Habitação;482;Habitação Urbana;225;Vila Viva;1231;Melhorias Urbanas em Assentamentos Precários;11;Implantação do Vila Viva - Califórnia;0.25;0;45,500.00;0.00;0.00;0.00;70,123.14;70,123.14;70,123.14
PVS;EIXO: Promovendo Vidas Saudavéis;HAB;SUB-EIXO: Habitação;NEX;16;Habitação;482;Habitação Urbana;225;Vila Viva;1231;Melhorias Urbanas em Assentamentos Precários;13;Implantação do Vila Viva - Vila Pedreira Prado Lopes;0.25;0;1,451,375.00;-137,605.30;48,126.66;48,126.66;137,394.70;137,394.70;137,394.70
PVS;EIXO: Promovendo Vidas Saudavéis;HAB;SUB-EIXO: Habitação;NEX;16;Habitação;482;Habitação Urbana;225;Vila Viva;1231;Melhorias Urbanas em Assentamentos Precários;14;Implantação do Vila Viva - Vila Cemig/Alto das Antenas;0.25;0;944,043.00;-82,928.61;85,599.66;85,599.66;229,571.39;229,571.39;229,571.39
PVS;EIXO: Promovendo Vidas Saudavéis;HAB;SUB-EIXO: Habitação;NEX;16;Habitação;482;Habitação Urbana;225;Vila Viva;1231;Melhorias Urbanas em Assentamentos Precários;15;Implantação do Vila Viva - Aglomerado Aeroporto/São Tomaz;0.25;0;3,030,250.00;433,686.39;433,686.39;375,451.69;433,686.39;433,686.39;375,451.69
PVS;EIXO: Promovendo Vidas Saudavéis;HAB;SUB-EIXO: Habitação;NEX;16;Habitação;482;Habitação Urbana;225;Vila Viva;1231;Melhorias Urbanas em Assentamentos Precários;18;Implantação do Vila Viva - Aglomerado da Serra;0.25;0;1,527,725.00;17,839.94;19,600.17;61,845.51;61,845.51;61,845.51;61,845.51
PVS;EIXO: Promovendo Vidas Saudavéis;HAB;SUB-EIXO: Habitação;NEX;16;Habitação;482;Habitação Urbana;225;Vila Viva;1231;Melhorias Urbanas em Assentamentos Precários;19;Implantação do Vila Viva - Aglomerado Santa Lúcia;0.25;0;9,487,502.00;1,393,347.10;1,402,051.94;1,911,272.68;2,158,903.75;2,158,903.75;2,158,903.75
PVS;EIXO: Promovendo Vidas Saudavéis;HAB;SUB-EIXO: Habitação;NEX;16;Habitação;482;Habitação Urbana;225;Vila Viva;1231;Melhorias Urbanas em Assentamentos Precários;20;Regularização de Domícílios;0.25;0;1,339,000.00;0.00;0.00;0.00;0.00;0.00;0.00
PVS;EIXO: Promovendo Vidas Saudavéis;HAB;SUB-EIXO: Habitação;NEX;16;Habitação;482;Habitação Urbana;225;Vila Viva;1231;Melhorias Urbanas em Assentamentos Precários;22;Eliminação das Situações de Risco Muito Alto e Alto;0.25;0;5,720,750.00;510,741.06;664,763.65;645,441.23;990,141.50;975,609.93;947,804.99
PVS;EIXO: Promovendo Vidas Saudavéis;HAB;SUB-EIXO: Habitação;NEX;16;Habitação;482;Habitação Urbana;225;Vila Viva;1231;Melhorias Urbanas em Assentamentos Precários;23;Obras de Manutenção em Assentamentos Precários;0.25;0;2,250,250.00;0.00;0.00;0.00;0.00;0.00;0.00
PVS;EIXO: Promovendo Vidas Saudavéis;HAB;SUB-EIXO: Habitação;NEX;16;Habitação;482;Habitação Urbana;225;Vila Viva;1231;Melhorias Urbanas em Assentamentos Precários;25;Reassentamento/Indenizações;0.25;0;1,768,500.00;40,734.55;40,734.55;37,992.68;68,390.40;68,390.40;65,648.53
PVS;EIXO: Promovendo Vidas Saudavéis;HAB;SUB-EIXO: Habitação;NEX;16;Habitação;482;Habitação Urbana;225;Vila Viva;1231;Melhorias Urbanas em Assentamentos Precários;26;Reassentamento/Indenizações - Programa Vila Viva;0.25;0;1,284,000.00;102,309.53;97,725.46;26,926.33;260,856.22;256,272.13;26,926.33
PVS;EIXO: Promovendo Vidas Saudavéis;HAB;SUB-EIXO: Habitação;NEX;16;Habitação;482;Habitação Urbana;226;Habitação ;1207;Produção de Moradias;3;Produção de Moradias do Programa Minha Casa Minha Vida;0.25;0;21,998,100.00;23,375.00;21,500.00;21,500.00;92,239.92;89,214.69;89,214.69
PVS;EIXO: Promovendo Vidas Saudavéis;HAB;SUB-EIXO: Habitação;NEX;16;Habitação;482;Habitação Urbana;226;Habitação ;1207;Produção de Moradias;7;Acompanhamento Social de Famílias do Programa Minha Casa Minha Vida;0.25;0;1,884,000.00;79,935.63;77,523.03;65,258.38;79,935.63;77,523.03;65,258.38
PVS;EIXO: Promovendo Vidas Saudavéis;HAB;SUB-EIXO: Habitação;NEX;16;Habitação;482;Habitação Urbana;226;Habitação ;1207;Produção de Moradias;8;Gestão da Política Municipal de Habitação-PMH e Participação Popular;0.25;0;208,000.00;5,457.93;45,165.48;65,428.23;65,428.23;65,428.23;65,428.23
PVS;EIXO: Promovendo Vidas Saudavéis;HAB;SUB-EIXO: Habitação;NEX;16;Habitação;482;Habitação Urbana;226;Habitação ;1207;Produção de Moradias;11;Regularização de Moradias implantadas pela PBH no período de 1993 a 2012;0.25;0;37,500.00;1,888.33;1,888.33;1,888.33;43,301.38;42,681.91;42,681.91
PVS;EIXO: Promovendo Vidas Saudavéis;HAB;SUB-EIXO: Habitação;NEX;16;Habitação;482;Habitação Urbana;226;Habitação ;1207;Produção de Moradias;12;Titulação de Moradias implantadas pela PBH no período 1993-2012;0.25;0;37,500.00;0.00;0.00;0.00;0.00;0.00;0.00
PVS;EIXO: Promovendo Vidas Saudavéis;HAB;SUB-EIXO: Habitação;NEX;16;Habitação;482;Habitação Urbana;226;Habitação ;1207;Produção de Moradias;18; Reassentamento/Indenizações;0.25;0;353,000.00;0.00;0.00;0.00;0.00;0.00;0.00
PVS;EIXO: Promovendo Vidas Saudavéis;HAB;SUB-EIXO: Habitação;NEX;16;Habitação;482;Habitação Urbana;234;BH Cidadania  e o SUAS - Sistema Único de Assistência Social ;1231;Melhorias Urbanas em Assentamentos Precários;1;Melhorias Urbanas em Assentamentos Precários;0.25;0;5,750.00;0.00;0.00;0.00;0.00;0.00;0.00
PVS;EIXO: Promovendo Vidas Saudavéis;HAB;SUB-EIXO: Habitação;NEX;16;Habitação;482;Habitação Urbana;234;BH Cidadania  e o SUAS - Sistema Único de Assistência Social ;1231;Melhorias Urbanas em Assentamentos Precários;32;Projetos e Obras de Melhorias Habitacionais;0.25;0;100,401.00;0.00;0.00;0.00;0.00;0.00;0.00
PVS;EIXO: Promovendo Vidas Saudavéis;HAB;SUB-EIXO: Habitação;NEX;16;Habitação;482;Habitação Urbana;234;BH Cidadania  e o SUAS - Sistema Único de Assistência Social ;1231;Melhorias Urbanas em Assentamentos Precários;34;"Atendimento ampliado kit de acessibilidade ""kit Idoso"" às famílias de pessoas com deficiência ";0.25;0;100,000.00;0.00;0.00;0.00;0.00;0.00;0.00
PVS;EIXO: Promovendo Vidas Saudavéis;SAN;SUB-EIXO: Saneamento;NEX;17;Saneamento;512;Saneamento Básico Urbano;46;Operacionalização e Modernização da Limpeza Pública;2537;Tratamento e Destinação de Resíduos Sólidos;1;Serviços de Operação de Áreas de Manejo, de Remoção e Destinação de Resíduos de Construção Civil;0.25;0;3,954,049.00;820,747.75;621,607.27;718,862.32;2,127,315.25;882,549.82;882,549.82
PVS;EIXO: Promovendo Vidas Saudavéis;SAN;SUB-EIXO: Saneamento;NEX;17;Saneamento;512;Saneamento Básico Urbano;46;Operacionalização e Modernização da Limpeza Pública;2537;Tratamento e Destinação de Resíduos Sólidos;2;Reestruturação da Infraestrutura para Triagem de Materiais Recicláveis;0.25;0;150,000.00;0.00;0.00;0.00;0.00;0.00;0.00
PVS;EIXO: Promovendo Vidas Saudavéis;SAN;SUB-EIXO: Saneamento;NEX;17;Saneamento;512;Saneamento Básico Urbano;46;Operacionalização e Modernização da Limpeza Pública;2537;Tratamento e Destinação de Resíduos Sólidos;3;Transbordo de Resíduos Sólidos;0.25;0;1,672,595.00;-28,801.65;0.00;11,348.99;106,505.35;106,505.35;106,505.35
PVS;EIXO: Promovendo Vidas Saudavéis;SAN;SUB-EIXO: Saneamento;NEX;17;Saneamento;512;Saneamento Básico Urbano;46;Operacionalização e Modernização da Limpeza Pública;2537;Tratamento e Destinação de Resíduos Sólidos;11;Aterragem de Resíduos Sólidos;0.25;0;6,540,657.00;2,016,508.25;2,533,224.55;2,873,541.94;4,957,814.25;3,915,477.39;3,915,477.39
PVS;EIXO: Promovendo Vidas Saudavéis;SAN;SUB-EIXO: Saneamento;NEX;17;Saneamento;512;Saneamento Básico Urbano;46;Operacionalização e Modernização da Limpeza Pública;2539;Execução dos Serviços de Limpeza Urbana;3;Limpeza de Áreas Públicas Decorrentes de Grandes Eventos;0.25;0;771,047.00;209,805.11;199,616.06;199,616.06;340,171.36;315,470.11;315,470.11
PVS;EIXO: Promovendo Vidas Saudavéis;SAN;SUB-EIXO: Saneamento;NEX;17;Saneamento;512;Saneamento Básico Urbano;46;Operacionalização e Modernização da Limpeza Pública;2539;Execução dos Serviços de Limpeza Urbana;4;Cobertura dos Serviços de Limpeza de Vias em Áreas Urbanas;0.25;0;23,607,927.00;6,021,885.25;6,475,828.27;7,774,744.98;14,401,964.60;12,850,781.81;12,850,781.81
PVS;EIXO: Promovendo Vidas Saudavéis;SAN;SUB-EIXO: Saneamento;NEX;17;Saneamento;512;Saneamento Básico Urbano;46;Operacionalização e Modernização da Limpeza Pública;2539;Execução dos Serviços de Limpeza Urbana;5;Gerenciamento da Central de Tratamento de Resíduos Sólidos;0.25;0;1,798,750.00;396,907.86;564,025.36;592,002.16;946,145.59;881,694.19;881,694.19
PVS;EIXO: Promovendo Vidas Saudavéis;SAN;SUB-EIXO: Saneamento;NEX;17;Saneamento;512;Saneamento Básico Urbano;46;Operacionalização e Modernização da Limpeza Pública;2539;Execução dos Serviços de Limpeza Urbana;7;Execução de Serviços de Limpeza Urbana - Multitarefa;0.25;0;9,364,273.00;1,464,098.07;1,910,408.97;2,390,251.19;4,236,337.10;3,707,532.48;3,707,532.48
PVS;EIXO: Promovendo Vidas Saudavéis;SAN;SUB-EIXO: Saneamento;NEX;17;Saneamento;512;Saneamento Básico Urbano;46;Operacionalização e Modernização da Limpeza Pública;2900;Serviços Administrativos e Financeiros;1;Serviços Administrativos e Financeiros ;0.25;0;31,868,713.00;8,838,030.60;8,654,655.97;8,678,780.58;19,550,969.07;18,981,266.72;18,953,846.46
PVS;EIXO: Promovendo Vidas Saudavéis;SAN;SUB-EIXO: Saneamento;NEX;17;Saneamento;512;Saneamento Básico Urbano;66;Saneamento e Tratamento de Fundos de Vale;1203;Drenagem e Tratamento de Fundos de Vale;1;Drenagem e Tratamento de Fundos de Vale   ;0.25;0;10,554,088.00;583,294.79;890,013.61;1,086,127.40;1,426,611.79;1,210,992.98;1,166,967.32
PVS;EIXO: Promovendo Vidas Saudavéis;SAN;SUB-EIXO: Saneamento;NEX;17;Saneamento;512;Saneamento Básico Urbano;225;Vila Viva;1231;Melhorias Urbanas em Assentamentos Precários;16;Implantação do Vila Viva - Complexo Várzea da Palma;0.25;0;2,004,246.00;475,230.82;898,657.06;122,482.48;1,282,342.29;1,161,640.33;329,558.09
PVS;EIXO: Promovendo Vidas Saudavéis;SAN;SUB-EIXO: Saneamento;NEX;17;Saneamento;512;Saneamento Básico Urbano;228;Coleta, Destinação e Tratamento de Resíduos Sólidos ;2538;Execução dos Serviços de Coleta de Resíduos;1;Coleta de Resíduos Sólidos;0.25;0;25,163,097.00;6,076,013.41;6,570,918.98;6,710,761.16;13,028,083.59;11,455,837.55;11,455,837.55
PVS;EIXO: Promovendo Vidas Saudavéis;SAN;SUB-EIXO: Saneamento;NEX;17;Saneamento;512;Saneamento Básico Urbano;228;Coleta, Destinação e Tratamento de Resíduos Sólidos ;2538;Execução dos Serviços de Coleta de Resíduos;2;Serviços de Coleta Seletiva na modalidade ponto a ponto;0.25;0;2,500.00;0.00;0.00;0.00;0.00;0.00;0.00
PVS;EIXO: Promovendo Vidas Saudavéis;SAN;SUB-EIXO: Saneamento;NEX;17;Saneamento;512;Saneamento Básico Urbano;228;Coleta, Destinação e Tratamento de Resíduos Sólidos ;2539;Execução dos Serviços de Limpeza Urbana;2;Instalação e Manutenção de Cestos Coletores;0.25;0;510,842.00;158,312.25;142,721.21;155,089.63;240,709.91;207,376.74;207,376.74
PVS;EIXO: Promovendo Vidas Saudavéis;SAN;SUB-EIXO: Saneamento;NEX;17;Saneamento;512;Saneamento Básico Urbano;233;Manutenção da Cidade;1203;Drenagem e Tratamento de Fundos de Vale;3;Serviços e Obras de Conteção e Manutenção em Redes de Drenagem Pluvial;0.25;0;6,502,741.00;593,267.15;986,975.47;1,034,373.68;1,749,447.15;1,384,312.57;1,384,312.57
PVS;EIXO: Promovendo Vidas Saudavéis;SAN;SUB-EIXO: Saneamento;NEX;17;Saneamento;512;Saneamento Básico Urbano;243;Gestão Ambiental;1203;Drenagem e Tratamento de Fundos de Vale;1;Drenagem e Tratamento de Fundos de Vale   ;0.25;0;112,673,280.00;1,373,502.93;3,413,780.30;2,840,550.99;6,282,076.13;4,787,240.40;3,661,557.16
PVS;EIXO: Promovendo Vidas Saudavéis;SAN;SUB-EIXO: Saneamento;NEX;17;Saneamento;512;Saneamento Básico Urbano;243;Gestão Ambiental;1307;Implantação do Programa DRENURBS;1;Implantação do Programa DRENURBS;0.25;0;283,678.00;118,480.78;158,291.64;93,280.67;193,118.89;161,158.70;93,280.67
PVS;EIXO: Promovendo Vidas Saudavéis;SAN;SUB-EIXO: Saneamento;NEX;17;Saneamento;512;Saneamento Básico Urbano;243;Gestão Ambiental;1307;Implantação do Programa DRENURBS;2;Recuperação Ambiental do Córrego Bonsucesso;0.25;0;11,186,679.00;319,617.37;391,268.51;409,451.21;620,875.42;472,193.10;409,451.21
PVS;EIXO: Promovendo Vidas Saudavéis;SAN;SUB-EIXO: Saneamento;NEX;17;Saneamento;512;Saneamento Básico Urbano;243;Gestão Ambiental;1307;Implantação do Programa DRENURBS;3;Implantação do Drenurbs - custeios gerais;0.25;0;16,250.00;0.00;0.00;0.00;0.00;0.00;0.00
PVS;EIXO: Promovendo Vidas Saudavéis;SAU;SUB-EIXO: Saúde;NEX;10;Saúde;122;Administração Geral;30;Atendimento Ambulatorial, Emergencial e Hospitalar;2900;Serviços Administrativos e Financeiros;1;Serviços Administrativos e Financeiros ;0.25;0;8,642,050.00;2,151,059.47;2,315,030.44;2,075,358.54;4,624,762.98;3,679,586.83;3,026,718.94
PVS;EIXO: Promovendo Vidas Saudavéis;SAU;SUB-EIXO: Saúde;NEX;10;Saúde;122;Administração Geral;114;Rede de Cuidados Especializados Complementares à Saúde;2891;Rede Própria de Cuidados Especializados Complementares à Saúde - Ambulatorial;6;Gestão de Recursos Humanos;0.25;0;28,065,250.00;8,553,817.33;8,553,817.33;8,602,752.18;16,516,730.88;16,516,730.88;14,589,195.37
PVS;EIXO: Promovendo Vidas Saudavéis;SAU;SUB-EIXO: Saúde;NEX;10;Saúde;122;Administração Geral;117;Gestão do SUS-BH;2662;Gestão do SUS-BH;1;Manutenção e Modernização dos Sistemas de Informação em Saúde na PBH;0.25;0;2,821,600.00;96,814.93;101,129.78;101,129.78;226,924.34;182,116.25;122,372.13
PVS;EIXO: Promovendo Vidas Saudavéis;SAU;SUB-EIXO: Saúde;NEX;10;Saúde;122;Administração Geral;117;Gestão do SUS-BH;2662;Gestão do SUS-BH;5;Incorporação de Tecnologia de Informação e Comunicação para Área de Urgência da SMSA-PMAT IV. ;0.25;0;115,000.00;0.00;0.00;0.00;0.00;0.00;0.00
PVS;EIXO: Promovendo Vidas Saudavéis;SAU;SUB-EIXO: Saúde;NEX;10;Saúde;122;Administração Geral;117;Gestão do SUS-BH;2662;Gestão do SUS-BH;6;Sitema de Gestão da Regulação - PMAT IV;0.25;0;1,427,500.00;0.00;133,126.41;125,416.84;174,087.50;134,405.95;125,416.84
PVS;EIXO: Promovendo Vidas Saudavéis;SAU;SUB-EIXO: Saúde;NEX;10;Saúde;122;Administração Geral;117;Gestão do SUS-BH;2662;Gestão do SUS-BH;7;Evolução Tecnológica do SISREDE - PMAT IV.;0.25;0;206,822.00;780,640.51;520,976.56;0.00;780,640.51;520,976.56;0.00
PVS;EIXO: Promovendo Vidas Saudavéis;SAU;SUB-EIXO: Saúde;NEX;10;Saúde;122;Administração Geral;117;Gestão do SUS-BH;2662;Gestão do SUS-BH;8;Coleta Móvel de Dados pelos ACS's - PMAT IV.;0.25;0;375,000.00;0.00;0.00;0.00;0.00;0.00;0.00
PVS;EIXO: Promovendo Vidas Saudavéis;SAU;SUB-EIXO: Saúde;NEX;10;Saúde;122;Administração Geral;117;Gestão do SUS-BH;2662;Gestão do SUS-BH;9;Infraestrutura de Tecnologia de Informação e Comunicação do Hospital Metropolitano.;0.25;0;183,750.00;0.00;0.00;0.00;71,125.00;71,125.00;71,125.00
PVS;EIXO: Promovendo Vidas Saudavéis;SAU;SUB-EIXO: Saúde;NEX;10;Saúde;122;Administração Geral;117;Gestão do SUS-BH;2895;Suporte Logístico;3;Serviços de Apoio à Rede Própria do SUS-BH;0.25;0;34,448,798.00;9,920,332.39;9,149,727.25;6,924,502.34;19,890,537.06;15,609,619.63;9,486,405.61
PVS;EIXO: Promovendo Vidas Saudavéis;SAU;SUB-EIXO: Saúde;NEX;10;Saúde;122;Administração Geral;117;Gestão do SUS-BH;2895;Suporte Logístico;4;Manutenção dos Equipamentos, Mobiliários e Prediais;0.25;0;1,103,050.00;0.00;0.00;0.00;0.00;0.00;0.00
PVS;EIXO: Promovendo Vidas Saudavéis;SAU;SUB-EIXO: Saúde;NEX;10;Saúde;122;Administração Geral;117;Gestão do SUS-BH;2895;Suporte Logístico;5;Gestão dos Recursos Humanos;0.25;0;74,856,500.00;18,598,512.57;24,012,958.01;23,679,128.93;45,841,082.24;43,985,235.32;38,890,202.83
PVS;EIXO: Promovendo Vidas Saudavéis;SAU;SUB-EIXO: Saúde;NEX;10;Saúde;122;Administração Geral;157;Atenção Primária à Saúde (APS);2690;Saúde da Família;10;Gestão de Recursos Humanos;0.25;0;131,553,000.00;41,719,530.72;41,719,530.72;41,870,187.13;80,015,663.20;80,015,663.20;70,684,821.20
PVS;EIXO: Promovendo Vidas Saudavéis;SAU;SUB-EIXO: Saúde;NEX;10;Saúde;122;Administração Geral;204;Gestão e Regionalização da Saúde ;1216;Construção, Ampliação e Reforma de Unidades de Saúde;1;Construção, Ampliação e Reforma de Unidades de Saúde;0.25;0;18,196,025.00;412,371.46;405,760.12;285,615.61;946,250.44;900,296.50;603,345.00
PVS;EIXO: Promovendo Vidas Saudavéis;SAU;SUB-EIXO: Saúde;NEX;10;Saúde;122;Administração Geral;204;Gestão e Regionalização da Saúde ;2334;Gestão Compartilhada e Participação Social;2;Apoio aos Conselhos Municipais;0.25;0;262,594.00;8,549.50;7,583.59;7,583.59;34,554.23;17,983.28;17,983.28
PVS;EIXO: Promovendo Vidas Saudavéis;SAU;SUB-EIXO: Saúde;NEX;10;Saúde;122;Administração Geral;204;Gestão e Regionalização da Saúde ;2334;Gestão Compartilhada e Participação Social;24;Capacitação de Conselheiros ;0.25;0;141,750.00;0.00;0.00;0.00;0.00;0.00;0.00
PVS;EIXO: Promovendo Vidas Saudavéis;SAU;SUB-EIXO: Saúde;NEX;10;Saúde;128;Formação de Recursos Humanos;30;Atendimento Ambulatorial, Emergencial e Hospitalar;2176;Gestão do Trabalho, Ensino e Pesquisa;1;Gerenciamento do Sistema de Recursos Humanos;0.25;0;3,907,459.00;1,098,829.05;1,193,192.80;1,185,488.94;2,634,361.08;1,994,121.35;1,975,668.70
PVS;EIXO: Promovendo Vidas Saudavéis;SAU;SUB-EIXO: Saúde;NEX;10;Saúde;301;Atenção Básica;157;Atenção Primária à Saúde (APS);2690;Saúde da Família;1;Atendimento da População na Atenção Primária à Saúde do SUS-BH;0.25;0;23,593,273.00;11,156,868.74;9,534,294.09;7,410,030.37;18,348,851.69;13,406,563.94;8,320,578.35
PVS;EIXO: Promovendo Vidas Saudavéis;SAU;SUB-EIXO: Saúde;NEX;10;Saúde;301;Atenção Básica;157;Atenção Primária à Saúde (APS);2690;Saúde da Família;10;Gestão de Recursos Humanos;0.25;0;31,416,186.00;3,453,503.42;3,961,987.53;3,963,053.16;8,317,041.98;7,901,890.79;6,935,253.16
PVS;EIXO: Promovendo Vidas Saudavéis;SAU;SUB-EIXO: Saúde;NEX;10;Saúde;301;Atenção Básica;202;Saúde da Família ;1371;Parcerias Público Privadas, Concessões e Operações Urbanas;6;Centros de Saúde/Unidades Básicas de Saúde em Funcionamento - Qualificação da infraestrutura;0.25;0;12,696,975.00;0.00;0.00;0.00;0.00;0.00;0.00
PVS;EIXO: Promovendo Vidas Saudavéis;SAU;SUB-EIXO: Saúde;NEX;10;Saúde;302;Assistência Hospitalar e Ambulatorial;30;Atendimento Ambulatorial, Emergencial e Hospitalar;2616;Gestão da Assistência Hospitalar e Ambulatorial;1;Assistência Hospitalar e Ambulatorial;0.25;0;17,142,909.00;4,468,557.50;4,900,426.05;4,342,167.52;10,527,629.97;7,980,465.36;7,281,931.28
PVS;EIXO: Promovendo Vidas Saudavéis;SAU;SUB-EIXO: Saúde;EX;10;Saúde;302;Assistência Hospitalar e Ambulatorial;30;Atendimento Ambulatorial, Emergencial e Hospitalar;2616;Gestão da Assistência Hospitalar e Ambulatorial;2;Unidade Materno Infantil;1;0;13,200,000.00;0.00;0.00;0.00;0.00;0.00;0.00
PVS;EIXO: Promovendo Vidas Saudavéis;SAU;SUB-EIXO: Saúde;NEX;10;Saúde;302;Assistência Hospitalar e Ambulatorial;30;Atendimento Ambulatorial, Emergencial e Hospitalar;2620;Gestão Técnico-Hospitalar;1;Gestão Técnico-Hospitalar;0.25;0;12,364,744.00;3,134,847.27;2,954,848.67;2,756,707.10;6,818,533.55;4,869,027.16;4,197,666.52
PVS;EIXO: Promovendo Vidas Saudavéis;SAU;SUB-EIXO: Saúde;NEX;10;Saúde;302;Assistência Hospitalar e Ambulatorial;30;Atendimento Ambulatorial, Emergencial e Hospitalar;2875;Gestão da Atenção à Urgência;1;Pronto Socorro do HOB;0.25;0;30,027,248.00;10,176,320.62;11,244,906.80;10,707,206.32;25,031,766.90;18,361,371.25;17,505,767.43
PVS;EIXO: Promovendo Vidas Saudavéis;SAU;SUB-EIXO: Saúde;NEX;10;Saúde;302;Assistência Hospitalar e Ambulatorial;30;Atendimento Ambulatorial, Emergencial e Hospitalar;2875;Gestão da Atenção à Urgência;2;Unidade Nossa Senhora Aparecida;0.25;0;1,752,459.00;439,188.84;345,272.96;245,835.83;808,230.91;508,335.76;270,569.57
PVS;EIXO: Promovendo Vidas Saudavéis;SAU;SUB-EIXO: Saúde;NEX;10;Saúde;302;Assistência Hospitalar e Ambulatorial;30;Atendimento Ambulatorial, Emergencial e Hospitalar;2875;Gestão da Atenção à Urgência;3;Hospital Dia;0.25;0;468,219.00;158,648.74;131,148.10;79,909.23;312,376.01;176,789.46;81,307.83
PVS;EIXO: Promovendo Vidas Saudavéis;SAU;SUB-EIXO: Saúde;NEX;10;Saúde;302;Assistência Hospitalar e Ambulatorial;30;Atendimento Ambulatorial, Emergencial e Hospitalar;2875;Gestão da Atenção à Urgência;4;UPA HOB;0.25;0;4,600,800.00;70,288.34;34,942.71;36,302.22;105,926.62;66,562.71;36,797.22
PVS;EIXO: Promovendo Vidas Saudavéis;SAU;SUB-EIXO: Saúde;NEX;10;Saúde;302;Assistência Hospitalar e Ambulatorial;114;Rede de Cuidados Especializados Complementares à Saúde;2891;Rede Própria de Cuidados Especializados Complementares à Saúde - Ambulatorial;1;Atendimento da População na Rede Complementar Própria do SUS-BH;0.25;0;1,373,975.00;88,580.17;115,882.63;109,878.15;144,493.87;124,059.32;112,259.10
PVS;EIXO: Promovendo Vidas Saudavéis;SAU;SUB-EIXO: Saúde;NEX;10;Saúde;302;Assistência Hospitalar e Ambulatorial;114;Rede de Cuidados Especializados Complementares à Saúde;2891;Rede Própria de Cuidados Especializados Complementares à Saúde - Ambulatorial;9;Hospital Odilon Behrens;0.25;0;2,491,250.00;532,750.00;1,027,743.86;1,025,347.11;1,709,500.00;1,548,418.91;1,539,235.40
PVS;EIXO: Promovendo Vidas Saudavéis;SAU;SUB-EIXO: Saúde;NEX;10;Saúde;302;Assistência Hospitalar e Ambulatorial;114;Rede de Cuidados Especializados Complementares à Saúde;2891;Rede Própria de Cuidados Especializados Complementares à Saúde - Ambulatorial;10;Atendimentos em Saúde Mental;0.25;0;1,199,975.00;240,367.97;249,540.20;230,553.41;529,492.10;444,868.17;274,895.17
PVS;EIXO: Promovendo Vidas Saudavéis;SAU;SUB-EIXO: Saúde;NEX;10;Saúde;302;Assistência Hospitalar e Ambulatorial;114;Rede de Cuidados Especializados Complementares à Saúde;2892;Rede Contratada de Cuidados Especializados Complementares à Saúde - Ambulatorial;1;Atendimento da População na Rede Complementar Contratada do SUS-BH;0.25;0;1,484,350.00;454,539.06;286,638.30;214,122.59;612,059.57;323,988.12;240,315.98
PVS;EIXO: Promovendo Vidas Saudavéis;SAU;SUB-EIXO: Saúde;NEX;10;Saúde;302;Assistência Hospitalar e Ambulatorial;114;Rede de Cuidados Especializados Complementares à Saúde;2892;Rede Contratada de Cuidados Especializados Complementares à Saúde - Ambulatorial;2;Procedimentos Ambulatoriais Processados na Rede Complementar Contratada do SUS-BH;0.25;0;81,640,000.00;5,311,028.85;22,956,781.16;23,583,968.63;45,826,028.85;42,883,840.72;42,194,586.80
PVS;EIXO: Promovendo Vidas Saudavéis;SAU;SUB-EIXO: Saúde;NEX;10;Saúde;302;Assistência Hospitalar e Ambulatorial;114;Rede de Cuidados Especializados Complementares à Saúde;2892;Rede Contratada de Cuidados Especializados Complementares à Saúde - Ambulatorial;3;Cirurgias Eletivas SUS-BH;0.25;0;1,683,000.00;-68,606.42;121,226.62;151,650.90;311,393.58;311,393.58;284,083.52
PVS;EIXO: Promovendo Vidas Saudavéis;SAU;SUB-EIXO: Saúde;NEX;10;Saúde;302;Assistência Hospitalar e Ambulatorial;114;Rede de Cuidados Especializados Complementares à Saúde;2892;Rede Contratada de Cuidados Especializados Complementares à Saúde - Ambulatorial;4;Ações de Saúde Mental;0.25;0;4,393,400.00;1,134,313.27;1,309,156.56;947,749.72;2,470,224.53;1,587,459.71;992,499.72
PVS;EIXO: Promovendo Vidas Saudavéis;SAU;SUB-EIXO: Saúde;NEX;10;Saúde;302;Assistência Hospitalar e Ambulatorial;114;Rede de Cuidados Especializados Complementares à Saúde;2893;Rede de Urgência;1;Atendimento da População na Rede de Urgência do SUS-BH;0.25;0;17,341,850.00;6,644,856.17;4,780,840.83;2,651,005.57;10,605,310.53;8,315,244.52;5,134,916.86
PVS;EIXO: Promovendo Vidas Saudavéis;SAU;SUB-EIXO: Saúde;NEX;10;Saúde;302;Assistência Hospitalar e Ambulatorial;201;Hospital Metropolitano;2896;Operacionalização do Hospital Metropolitano;1;Operacionalização do Hospital Metropolitano;0.25;0;38,253,884.00;1,422,159.70;2,747,271.88;2,611,596.03;3,027,753.87;3,004,276.32;2,866,649.05
PVS;EIXO: Promovendo Vidas Saudavéis;SAU;SUB-EIXO: Saúde;NEX;10;Saúde;302;Assistência Hospitalar e Ambulatorial;203;Melhoria do Atendimento Hospitalar e Especializado;2894;Rede Hospitalar;1;Atendimento da População na Rede Hospitalar do SUS-BH;0.25;0;234,465,000.00;60,240,714.78;68,556,872.46;69,269,941.60;125,577,214.78;125,428,773.14;119,039,814.65
PVS;EIXO: Promovendo Vidas Saudavéis;SAU;SUB-EIXO: Saúde;NEX;10;Saúde;302;Assistência Hospitalar e Ambulatorial;203;Melhoria do Atendimento Hospitalar e Especializado;2894;Rede Hospitalar;2;Cirurgias Eletivas no SUS-BH;0.25;0;12,870,000.00;1,182,258.18;1,760,565.79;2,801,965.04;4,347,258.18;4,347,258.18;3,909,429.02
PVS;EIXO: Promovendo Vidas Saudavéis;SAU;SUB-EIXO: Saúde;NEX;10;Saúde;302;Assistência Hospitalar e Ambulatorial;203;Melhoria do Atendimento Hospitalar e Especializado;2894;Rede Hospitalar;3;Hospital Odilon Behrens;0.25;0;68,601,108.00;15,978,960.80;16,834,987.42;19,457,118.33;36,281,667.24;34,251,319.67;31,668,743.23
PVS;EIXO: Promovendo Vidas Saudavéis;SAU;SUB-EIXO: Saúde;NEX;10;Saúde;303;Suporte Profilático e Terapêutico;204;Gestão e Regionalização da Saúde ;2895;Suporte Logístico;1;Assistência Farmacêutica;0.25;0;7,000,000.00;-208,339.16;225,849.29;303,890.21;1,197,292.65;596,067.97;308,408.33
PVS;EIXO: Promovendo Vidas Saudavéis;SAU;SUB-EIXO: Saúde;NEX;10;Saúde;304;Vigilância Sanitária;28;Vigilância em Saúde;2829;Vigilância em Saúde;2;Ações de Vigilância Sanitária e Saúde do Trabalhador;0.25;0;116,500.00;9,440.00;6,565.00;5,815.00;11,815.00;6,565.00;5,815.00
PVS;EIXO: Promovendo Vidas Saudavéis;SAU;SUB-EIXO: Saúde;NEX;10;Saúde;304;Vigilância Sanitária;28;Vigilância em Saúde;2829;Vigilância em Saúde;7;Campanha de Prevenção de Leishmaniose em Centros de Saúde;0.25;0;5,000.00;0.00;0.00;0.00;0.00;0.00;0.00
PVS;EIXO: Promovendo Vidas Saudavéis;SAU;SUB-EIXO: Saúde;NEX;10;Saúde;305;Vigilância Epidemiológica;28;Vigilância em Saúde;2829;Vigilância em Saúde;1;Ações de Vigilância, Prevenção e Controle de Doenças e Agravos - Zoonozes;0.25;0;2,300,000.00;-77,980.51;212,744.45;73,333.97;714,426.84;651,823.60;84,589.66
PVS;EIXO: Promovendo Vidas Saudavéis;SAU;SUB-EIXO: Saúde;NEX;10;Saúde;305;Vigilância Epidemiológica;28;Vigilância em Saúde;2829;Vigilância em Saúde;3;Ações de Vigilância Epidemiológica;0.25;0;1,200,000.00;547,997.23;495,021.96;154,075.69;740,705.01;571,477.71;197,154.96
PVS;EIXO: Promovendo Vidas Saudavéis;SAU;SUB-EIXO: Saúde;NEX;10;Saúde;305;Vigilância Epidemiológica;28;Vigilância em Saúde;2829;Vigilância em Saúde;5;Gestão de Recursos Humanos;0.25;0;12,674,842.00;735,192.94;1,108,080.95;1,178,597.53;2,751,442.94;2,112,460.26;1,910,052.19
PVS;EIXO: Promovendo Vidas Saudavéis;SAU;SUB-EIXO: Saúde;NEX;10;Saúde;305;Vigilância Epidemiológica;28;Vigilância em Saúde;2829;Vigilância em Saúde;8;Ações de Vigilância da Dengue;0.25;0;512,500.00;699,604.92;920,605.19;639,019.50;2,690,896.57;2,620,341.97;1,924,056.52
PVS;EIXO: Promovendo Vidas Saudavéis;SAU;SUB-EIXO: Saúde;NEX;10;Saúde;305;Vigilância Epidemiológica;28;Vigilância em Saúde;2829;Vigilância em Saúde;9;Ações de Atenção DST e AIDS - Prevenção, Assistência e Capacitação de multiplicadores.;0.25;0;956,750.00;145,011.03;115,198.86;121,481.68;306,128.16;245,374.68;209,229.18
PVS;EIXO: Promovendo Vidas Saudavéis;SAU;SUB-EIXO: Saúde;NEX;19;Ciência e Tecnologia;302;Assistência Hospitalar e Ambulatorial;85;Gestão da Política de Tecnologia da Informação e Comunicação;2605;Evolução da Rede de Telecomunicações da PBH ;2;Serviços de Informática - Saúde;0.25;0;694,248.00;138,321.79;178,863.03;178,397.63;317,099.18;290,258.89;269,535.17
;;;;;;;;;;;;;;;;;3,317,389,453.00;763,828,921.53;856,696,041.18;845,259,203.61;1,628,912,683.70;1,542,115,479.33;1,370,430,808.54
