Demonstrativo do Orçamento OCA 3º Quadrimestre 2016;;;;;;;;;;;;;;;;;;;
Eixo;Nome;Sub eixo;Nome;classif03;Função;Nome;Sub função;Nome;programa;Nome;Ação;Nome;Sub ação;Nome;indice_proporcionalidade; Orçado ; Empenhado ; Liquidado  ; Pago 
AEQ;EIXO: Acesso à Educação de Qualidade;CUL;SUB-EIXO: Cultura;NEX;12;Educação;361;Ensino Fundamental;85;Gestão da Política de Tecnologia da Informação e Comunicação;2605;Evolução da Rede de Telecomunicações da PBH ;1;Serviços de Informática - Educação ;0,25; 299.499,00 ; 263.535,81 ; 249.190,35 ; 213.584,79 
AEQ;EIXO: Acesso à Educação de Qualidade;CUL;SUB-EIXO: Cultura;EX;12;Educação;361;Ensino Fundamental;154;Fomento, Incentivo e Desenvolvimento Cultural;2371;Fomento e Estímulo à Cultura;26;Projeto Arte na Escola;1; 200.000,00 ; 184.200,00 ; 184.200,00 ; 184.200,00 
AEQ;EIXO: Acesso à Educação de Qualidade;CUL;SUB-EIXO: Cultura;EX;12;Educação;392;Difusão Cultural;154;Fomento, Incentivo e Desenvolvimento Cultural;2371;Fomento e Estímulo à Cultura;3;Projeto Arena da Cultura / Escola Livre de Artes;1; 1.902.200,00 ; 740.878,38 ; -   ; -   
AEQ;EIXO: Acesso à Educação de Qualidade;CUL;SUB-EIXO: Cultura;NEX;13;Cultura;122;Administração Geral;146;Gestão da Política Cultural;2334;Gestão Compartilhada e Participação Social;2;Apoio aos Conselhos Municipais;0,25; 4.875,00 ; 1.457,80 ; 1.457,80 ; 1.457,80 
AEQ;EIXO: Acesso à Educação de Qualidade;CUL;SUB-EIXO: Cultura;NEX;13;Cultura;122;Administração Geral;146;Gestão da Política Cultural;2338;Gestão, Planejamento e Administração Cultural;1;Gerenciamento da Infraestrutura;0,25; 3.350.085,00 ; 2.366.321,76 ; 2.146.550,25 ; 2.145.285,25 
AEQ;EIXO: Acesso à Educação de Qualidade;CUL;SUB-EIXO: Cultura;NEX;13;Cultura;122;Administração Geral;146;Gestão da Política Cultural;2338;Gestão, Planejamento e Administração Cultural;2;Participação da Fundação em Eventos Locais, Nacionais e Internacionais;0,25; 136.750,00 ; 19.023,88 ; 18.904,60 ; 18.573,88 
AEQ;EIXO: Acesso à Educação de Qualidade;CUL;SUB-EIXO: Cultura;NEX;13;Cultura;122;Administração Geral;146;Gestão da Política Cultural;2338;Gestão, Planejamento e Administração Cultural;3;Ações de Divulgação e Comunicação Institucional;0,25; 84.250,00 ; 51.900,00 ; 34.486,38 ; 18.639,38 
AEQ;EIXO: Acesso à Educação de Qualidade;CUL;SUB-EIXO: Cultura;NEX;13;Cultura;122;Administração Geral;146;Gestão da Política Cultural;2338;Gestão, Planejamento e Administração Cultural;4;Gerenciamento de Programas e Informações Culturais;0,25; 561.300,00 ; -   ; -   ; -   
AEQ;EIXO: Acesso à Educação de Qualidade;CUL;SUB-EIXO: Cultura;NEX;13;Cultura;122;Administração Geral;146;Gestão da Política Cultural;2338;Gestão, Planejamento e Administração Cultural;5;Desenvolvimento Organizacional e Capacitação de Recursos Humanos;0,25; 2.135.075,00 ; 1.826.788,36 ; 1.817.617,93 ; 1.816.247,37 
AEQ;EIXO: Acesso à Educação de Qualidade;CUL;SUB-EIXO: Cultura;NEX;13;Cultura;122;Administração Geral;146;Gestão da Política Cultural;2900;Serviços Administrativos e Financeiros;1;Serviços Administrativos e Financeiros ;0,25; 2.687.242,00 ; 2.990.500,80 ; 2.710.212,71 ; 2.684.923,86 
AEQ;EIXO: Acesso à Educação de Qualidade;CUL;SUB-EIXO: Cultura;NEX;13;Cultura;122;Administração Geral;239;Rede BH Cultural ;2338;Gestão, Planejamento e Administração Cultural;4;Gerenciamento de Programas e Informações Culturais;0,25; 39.000,00 ; -   ; -   ; -   
AEQ;EIXO: Acesso à Educação de Qualidade;CUL;SUB-EIXO: Cultura;NEX;13;Cultura;391;Patrimônio Histórico, Artístico e Arqueológico;155;História, Memória e Patrimônio Cultural de Belo Horizonte;2375;Identificação e Valorização do Patrimônio e das Identidades Culturais;1;Preservação do Patrimônio Cultural;0,25; 1.631.000,00 ; 1.465.099,44 ; 1.465.099,44 ; 1.465.099,44 
AEQ;EIXO: Acesso à Educação de Qualidade;CUL;SUB-EIXO: Cultura;NEX;13;Cultura;391;Patrimônio Histórico, Artístico e Arqueológico;155;História, Memória e Patrimônio Cultural de Belo Horizonte;2375;Identificação e Valorização do Patrimônio e das Identidades Culturais;2;Educação Patrimonial e Preservação da Memória Coletiva;0,25; 452.000,00 ; 38.875,00 ; 38.875,00 ; 38.875,00 
AEQ;EIXO: Acesso à Educação de Qualidade;CUL;SUB-EIXO: Cultura;NEX;13;Cultura;391;Patrimônio Histórico, Artístico e Arqueológico;155;História, Memória e Patrimônio Cultural de Belo Horizonte;2375;Identificação e Valorização do Patrimônio e das Identidades Culturais;3;Atendimento aos Usuários de Serviços de Patrimônio;0,25; 1.250,00 ; -   ; -   ; -   
AEQ;EIXO: Acesso à Educação de Qualidade;CUL;SUB-EIXO: Cultura;NEX;13;Cultura;391;Patrimônio Histórico, Artístico e Arqueológico;155;História, Memória e Patrimônio Cultural de Belo Horizonte;2375;Identificação e Valorização do Patrimônio e das Identidades Culturais;4;Aquisição e Desenvolvimento de Acervos;0,25; 17.500,00 ; -   ; -   ; -   
AEQ;EIXO: Acesso à Educação de Qualidade;CUL;SUB-EIXO: Cultura;NEX;13;Cultura;391;Patrimônio Histórico, Artístico e Arqueológico;155;História, Memória e Patrimônio Cultural de Belo Horizonte;2375;Identificação e Valorização do Patrimônio e das Identidades Culturais;5;Tratamento e Preservação de Acervos;0,25; 74.400,00 ; 5.187,50 ; 5.187,50 ; 5.187,50 
AEQ;EIXO: Acesso à Educação de Qualidade;CUL;SUB-EIXO: Cultura;NEX;13;Cultura;391;Patrimônio Histórico, Artístico e Arqueológico;155;História, Memória e Patrimônio Cultural de Belo Horizonte;2872;Gestão do Fundo de Proteção do Patrimônio Cultural de BH;1;Preservação do Patrimônio Cultural;0,25; 595.050,00 ; -   ; -   ; -   
AEQ;EIXO: Acesso à Educação de Qualidade;CUL;SUB-EIXO: Cultura;NEX;13;Cultura;391;Patrimônio Histórico, Artístico e Arqueológico;239;Rede BH Cultural ;1339;Requalificação dos Espaços e Serviços da Cultura;8;Implantação do CINEMIS Santa Tereza;0,25; 188.750,00 ; -   ; -   ; -   
AEQ;EIXO: Acesso à Educação de Qualidade;CUL;SUB-EIXO: Cultura;NEX;13;Cultura;391;Patrimônio Histórico, Artístico e Arqueológico;239;Rede BH Cultural ;2375;Identificação e Valorização do Patrimônio e das Identidades Culturais;2;Educação Patrimonial e Preservação da Memória Coletiva;0,25; 87.750,00 ; 37.500,00 ; 37.500,00 ; 37.500,00 
AEQ;EIXO: Acesso à Educação de Qualidade;CUL;SUB-EIXO: Cultura;NEX;13;Cultura;391;Patrimônio Histórico, Artístico e Arqueológico;239;Rede BH Cultural ;2375;Identificação e Valorização do Patrimônio e das Identidades Culturais;10;Presépios e Folias;0,25; 42.000,00 ; -   ; -   ; -   
AEQ;EIXO: Acesso à Educação de Qualidade;CUL;SUB-EIXO: Cultura;NEX;13;Cultura;392;Difusão Cultural;154;Fomento, Incentivo e Desenvolvimento Cultural;2369;Gestão da Lei Municipal de Incentivo à Cultura;1;Incentivos a Projetos Culturais;0,25; 3.175.000,00 ; 553.064,87 ; 553.064,87 ; 553.064,87 
AEQ;EIXO: Acesso à Educação de Qualidade;CUL;SUB-EIXO: Cultura;NEX;13;Cultura;392;Difusão Cultural;154;Fomento, Incentivo e Desenvolvimento Cultural;2371;Fomento e Estímulo à Cultura;1;Fomento à Produção e Difusão Cultural;0,25; 1.795.250,00 ; 1.520.619,73 ; 1.515.894,73 ; 1.508.565,98 
AEQ;EIXO: Acesso à Educação de Qualidade;CUL;SUB-EIXO: Cultura;NEX;13;Cultura;392;Difusão Cultural;154;Fomento, Incentivo e Desenvolvimento Cultural;2371;Fomento e Estímulo à Cultura;2;Iniciativas de Formação e Qualificação na Área Cultural;0,25; 83.750,00 ; -   ; -   ; -   
AEQ;EIXO: Acesso à Educação de Qualidade;CUL;SUB-EIXO: Cultura;EX;13;Cultura;392;Difusão Cultural;154;Fomento, Incentivo e Desenvolvimento Cultural;2371;Fomento e Estímulo à Cultura;3;Projeto Arena da Cultura / Escola Livre de Artes;0,85; 4.999.700,00 ; 1.507.631,62 ; 1.154.717,04 ; 990.388,42 
AEQ;EIXO: Acesso à Educação de Qualidade;CUL;SUB-EIXO: Cultura;NEX;13;Cultura;392;Difusão Cultural;154;Fomento, Incentivo e Desenvolvimento Cultural;2371;Fomento e Estímulo à Cultura;5;Promoção de Festival, Encontro e Mostra de Arte e Cultura;0,25; 172.500,00 ; 35.500,00 ; 35.500,00 ; 35.500,00 
AEQ;EIXO: Acesso à Educação de Qualidade;CUL;SUB-EIXO: Cultura;NEX;13;Cultura;392;Difusão Cultural;239;Rede BH Cultural ;1215;Construção, Ampliação e Reforma de Unidades de Cultura;2;Espaço Multiuso do Parque Municipal Américo Rene Gianneti;0,25; 1.416.989,00 ; 32.149,46 ; 29.921,71 ; 29.921,71 
AEQ;EIXO: Acesso à Educação de Qualidade;CUL;SUB-EIXO: Cultura;NEX;13;Cultura;392;Difusão Cultural;239;Rede BH Cultural ;1339;Requalificação dos Espaços e Serviços da Cultura;2;Implantação do Espaço Cênico Alípio de Melo;0,25; 2.250,00 ; 178,50 ; 178,50 ; 178,50 
AEQ;EIXO: Acesso à Educação de Qualidade;CUL;SUB-EIXO: Cultura;NEX;13;Cultura;392;Difusão Cultural;239;Rede BH Cultural ;1339;Requalificação dos Espaços e Serviços da Cultura;4;Implantação do Centro Cultural Bairro das Indústrias;0,25; 2.500,00 ; -   ; -   ; -   
AEQ;EIXO: Acesso à Educação de Qualidade;CUL;SUB-EIXO: Cultura;NEX;13;Cultura;392;Difusão Cultural;239;Rede BH Cultural ;1339;Requalificação dos Espaços e Serviços da Cultura;6;Implantação do Espaço Multiuso no Parque Municipal;0,25; 18.750,00 ; -   ; -   ; -   
AEQ;EIXO: Acesso à Educação de Qualidade;CUL;SUB-EIXO: Cultura;NEX;13;Cultura;392;Difusão Cultural;239;Rede BH Cultural ;2371;Fomento e Estímulo à Cultura;7;"Realização do Concurso  de Literatura  ""Cidade de Belo Horizonte """;0,25; 34.000,00 ; 9.000,00 ; 9.000,00 ; 7.500,00 
AEQ;EIXO: Acesso à Educação de Qualidade;CUL;SUB-EIXO: Cultura;NEX;13;Cultura;392;Difusão Cultural;239;Rede BH Cultural ;2371;Fomento e Estímulo à Cultura;8;"Realização do Concurso de Literatura ""João de Barro""";0,25; 34.000,00 ; 9.000,00 ; 9.000,00 ; 7.500,00 
AEQ;EIXO: Acesso à Educação de Qualidade;CUL;SUB-EIXO: Cultura;NEX;13;Cultura;392;Difusão Cultural;239;Rede BH Cultural ;2371;Fomento e Estímulo à Cultura;11;Implantação do Projeto Música para Cidadania;0,25; 5.250,00 ; -   ; -   ; -   
AEQ;EIXO: Acesso à Educação de Qualidade;CUL;SUB-EIXO: Cultura;NEX;13;Cultura;392;Difusão Cultural;239;Rede BH Cultural ;2371;Fomento e Estímulo à Cultura;17;Realização do Festival Internacional de Teatro Palco e Rua de BH - FIT;0,25; 1.500.000,00 ; 725.000,00 ; 725.000,00 ; 725.000,00 
AEQ;EIXO: Acesso à Educação de Qualidade;CUL;SUB-EIXO: Cultura;NEX;13;Cultura;392;Difusão Cultural;239;Rede BH Cultural ;2371;Fomento e Estímulo à Cultura;18;Realização da Virada Cultural;0,25; 375.000,00 ; 375.000,00 ; 375.000,00 ; 375.000,00 
AEQ;EIXO: Acesso à Educação de Qualidade;CUL;SUB-EIXO: Cultura;NEX;13;Cultura;392;Difusão Cultural;239;Rede BH Cultural ;2371;Fomento e Estímulo à Cultura;21;Criação do Cadastro Único de Cultura;0,25; 50.000,00 ; -   ; -   ; -   
AEQ;EIXO: Acesso à Educação de Qualidade;CUL;SUB-EIXO: Cultura;NEX;13;Cultura;392;Difusão Cultural;239;Rede BH Cultural ;2371;Fomento e Estímulo à Cultura;27;Pré-Produção de Grandes Eventos;0,25; 100.000,00 ; -   ; -   ; -   
AEQ;EIXO: Acesso à Educação de Qualidade;CUL;SUB-EIXO: Cultura;NEX;27;Desporto e Lazer;812;Desporto Comunitário;238;Promoção do Esporte e do Lazer;2534;Implantação, Manutenção e Recuperação de Equipamentos Esportivos e Áreas de Lazer;6;Manutenção e Custeio das Academias a Céu Aberto;0,25; 11.250,00 ; 5.532,52 ; 5.532,52 ; 5.532,52 
AEQ;EIXO: Acesso à Educação de Qualidade;DLA;SUB-EIXO: Desporto e Lazer;EX;27;Desporto e Lazer;811;Desporto de Rendimento;101;Promoção e Democratização das Práticas de Esportes e Lazer;2866;Esporte de Rendimento;4;BH Descobrindo Talentos no Futebol;1; 1.355.000,00 ; 567.000,00 ; 567.000,00 ; 567.000,00 
AEQ;EIXO: Acesso à Educação de Qualidade;DLA;SUB-EIXO: Desporto e Lazer;NEX;27;Desporto e Lazer;811;Desporto de Rendimento;101;Promoção e Democratização das Práticas de Esportes e Lazer;2866;Esporte de Rendimento;15;Programa Minas Olímpica Oficina de Esportes;0,25; 12.500,00 ; -   ; -   ; -   
AEQ;EIXO: Acesso à Educação de Qualidade;DLA;SUB-EIXO: Desporto e Lazer;NEX;27;Desporto e Lazer;811;Desporto de Rendimento;238;Promoção do Esporte e do Lazer;2866;Esporte de Rendimento;3;Copa Centenário de Futebol Amador Wadson Lima;0,25; 71.250,00 ; 32.176,85 ; 23.925,00 ; 23.925,00 
AEQ;EIXO: Acesso à Educação de Qualidade;DLA;SUB-EIXO: Desporto e Lazer;NEX;27;Desporto e Lazer;811;Desporto de Rendimento;238;Promoção do Esporte e do Lazer;2866;Esporte de Rendimento;5;BH Descobrindo Talentos no Esporte;0,25; 1.250,00 ; -   ; -   ; -   
AEQ;EIXO: Acesso à Educação de Qualidade;DLA;SUB-EIXO: Desporto e Lazer;NEX;27;Desporto e Lazer;812;Desporto Comunitário;101;Promoção e Democratização das Práticas de Esportes e Lazer;2106;Gestão da Política de Esporte e Lazer;1;Apoio a Entidades nas Ações Esportivas e de Lazer;0,25; 2.500,00 ; -   ; -   ; -   
AEQ;EIXO: Acesso à Educação de Qualidade;DLA;SUB-EIXO: Desporto e Lazer;NEX;27;Desporto e Lazer;812;Desporto Comunitário;101;Promoção e Democratização das Práticas de Esportes e Lazer;2106;Gestão da Política de Esporte e Lazer;2;Patrocínio;0,25; 2.500,00 ; -   ; -   ; -   
AEQ;EIXO: Acesso à Educação de Qualidade;DLA;SUB-EIXO: Desporto e Lazer;NEX;27;Desporto e Lazer;812;Desporto Comunitário;101;Promoção e Democratização das Práticas de Esportes e Lazer;2106;Gestão da Política de Esporte e Lazer;3;Serviços Administrativos e Financeiros;0,25; 2.495.750,00 ; 1.584.105,00 ; 1.489.462,63 ; 1.483.365,60 
AEQ;EIXO: Acesso à Educação de Qualidade;DLA;SUB-EIXO: Desporto e Lazer;NEX;27;Desporto e Lazer;812;Desporto Comunitário;101;Promoção e Democratização das Práticas de Esportes e Lazer;2106;Gestão da Política de Esporte e Lazer;4;Centro de Memória do Esporte e do Lazer da Cidade;0,25; 1.250,00 ; -   ; -   ; -   
AEQ;EIXO: Acesso à Educação de Qualidade;DLA;SUB-EIXO: Desporto e Lazer;EX;27;Desporto e Lazer;812;Desporto Comunitário;101;Promoção e Democratização das Práticas de Esportes e Lazer;2531;Programas de Esporte Educacional;1;Programa Segundo Tempo;1; 4.513.000,00 ; 5.763.099,87 ; 5.744.614,14 ; 5.712.997,21 
AEQ;EIXO: Acesso à Educação de Qualidade;DLA;SUB-EIXO: Desporto e Lazer;EX;27;Desporto e Lazer;812;Desporto Comunitário;101;Promoção e Democratização das Práticas de Esportes e Lazer;2531;Programas de Esporte Educacional;4;Programa Esporte Esperança / BH Cidadania;1; 442.000,00 ; 516.832,69 ; 503.192,79 ; 503.192,79 
AEQ;EIXO: Acesso à Educação de Qualidade;DLA;SUB-EIXO: Desporto e Lazer;EX;27;Desporto e Lazer;812;Desporto Comunitário;101;Promoção e Democratização das Práticas de Esportes e Lazer;2531;Programas de Esporte Educacional;12;Festival de Atletismo;1; 45.000,00 ; -   ; -   ; -   
AEQ;EIXO: Acesso à Educação de Qualidade;DLA;SUB-EIXO: Desporto e Lazer;NEX;27;Desporto e Lazer;812;Desporto Comunitário;101;Promoção e Democratização das Práticas de Esportes e Lazer;2534;Implantação, Manutenção e Recuperação de Equipamentos Esportivos e Áreas de Lazer;1;Manutenção, Conservação, Pequenas Reformas e Custeio de Equipamentos Esportivos;0,25; 1.701.500,00 ; 1.028.332,59 ; 925.121,66 ; 908.378,91 
AEQ;EIXO: Acesso à Educação de Qualidade;DLA;SUB-EIXO: Desporto e Lazer;NEX;27;Desporto e Lazer;812;Desporto Comunitário;101;Promoção e Democratização das Práticas de Esportes e Lazer;2545;Promoções e Eventos Esportivos e Gestão de Áreas de Lazer;1;Promoções e Eventos Esportivos e Gestão de Áreas de Lazer;0,5; 1.367.000,00 ; 661.828,25 ; 661.828,25 ; 661.828,25 
AEQ;EIXO: Acesso à Educação de Qualidade;DLA;SUB-EIXO: Desporto e Lazer;NEX;27;Desporto e Lazer;812;Desporto Comunitário;101;Promoção e Democratização das Práticas de Esportes e Lazer;2757;Programas e Atividades  Esportivas;1;Programas Esportivos Sociais e Atividades de Lazer Comunitárias;0,5; 2.482.500,00 ; 2.168.838,19 ; 2.168.838,19 ; 2.168.838,19 
AEQ;EIXO: Acesso à Educação de Qualidade;DLA;SUB-EIXO: Desporto e Lazer;NEX;27;Desporto e Lazer;812;Desporto Comunitário;238;Promoção do Esporte e do Lazer;1213;Construção, Ampliação e Reforma de Equipamentos Esportivos e Áreas de Lazer;1;Construção, Ampliação e Reforma de Equipamentos Esportivos e Áreas de Lazer;0,25; 6.611.617,00 ; 599.982,98 ; 573.486,93 ; 565.721,89 
AEQ;EIXO: Acesso à Educação de Qualidade;DLA;SUB-EIXO: Desporto e Lazer;EX;27;Desporto e Lazer;812;Desporto Comunitário;238;Promoção do Esporte e do Lazer;2531;Programas de Esporte Educacional;6;Programa de Atletismo;1; 101.000,00 ; -   ; -   ; -   
AEQ;EIXO: Acesso à Educação de Qualidade;DLA;SUB-EIXO: Desporto e Lazer;NEX;27;Desporto e Lazer;812;Desporto Comunitário;238;Promoção do Esporte e do Lazer;2534;Implantação, Manutenção e Recuperação de Equipamentos Esportivos e Áreas de Lazer;5;Ampliação do Programa Academias a Céu Aberto ;0,25; 500.000,00 ; -   ; -   ; -   
AEQ;EIXO: Acesso à Educação de Qualidade;DLA;SUB-EIXO: Desporto e Lazer;NEX;27;Desporto e Lazer;812;Desporto Comunitário;238;Promoção do Esporte e do Lazer;2534;Implantação, Manutenção e Recuperação de Equipamentos Esportivos e Áreas de Lazer;6;Manutenção e Custeio das Academias a Céu Aberto;0,25; 11.250,00 ; 5.532,52 ; 5.532,52 ; 5.532,52 
AEQ;EIXO: Acesso à Educação de Qualidade;DLA;SUB-EIXO: Desporto e Lazer;EX;27;Desporto e Lazer;812;Desporto Comunitário;238;Promoção do Esporte e do Lazer;2536;Programa Superar;1;Superar Educacional / BH Cidadania;1; 680.000,00 ; 95.603,94 ; 85.123,84 ; 85.123,84 
AEQ;EIXO: Acesso à Educação de Qualidade;DLA;SUB-EIXO: Desporto e Lazer;NEX;27;Desporto e Lazer;812;Desporto Comunitário;238;Promoção do Esporte e do Lazer;2536;Programa Superar;5;Incentivo ao Esporte da Pessoa com Deficiência;0,25; 250.000,00 ; -   ; -   ; -   
AEQ;EIXO: Acesso à Educação de Qualidade;DLA;SUB-EIXO: Desporto e Lazer;NEX;27;Desporto e Lazer;812;Desporto Comunitário;238;Promoção do Esporte e do Lazer;2536;Programa Superar;6;Participação de atleta com deficiência em competições paradesportivas;0,25; 50.000,00 ; -   ; -   ; -   
AEQ;EIXO: Acesso à Educação de Qualidade;DLA;SUB-EIXO: Desporto e Lazer;NEX;27;Desporto e Lazer;813;Lazer;101;Promoção e Democratização das Práticas de Esportes e Lazer;2869;Programas e Atividades de Lazer;1;Programas e Atividades de Lazer;0,85; 2.105.450,00 ; 1.813.587,41 ; 1.813.587,41 ; 1.813.587,41 
AEQ;EIXO: Acesso à Educação de Qualidade;DLA;SUB-EIXO: Desporto e Lazer;EX;27;Desporto e Lazer;813;Lazer;101;Promoção e Democratização das Práticas de Esportes e Lazer;2869;Programas e Atividades de Lazer;3;Recrear;1; 457.000,00 ; 30.200,16 ; 30.200,16 ; 30.200,16 
AEQ;EIXO: Acesso à Educação de Qualidade;DLA;SUB-EIXO: Desporto e Lazer;NEX;27;Desporto e Lazer;813;Lazer;101;Promoção e Democratização das Práticas de Esportes e Lazer;2869;Programas e Atividades de Lazer;10;Promoção de Eventos de Lazer;0,25; 98.750,00 ; -   ; -   ; -   
AEQ;EIXO: Acesso à Educação de Qualidade;DLA;SUB-EIXO: Desporto e Lazer;NEX;27;Desporto e Lazer;813;Lazer;238;Promoção do Esporte e do Lazer;2869;Programas e Atividades de Lazer;2;Caminhar / BH Cidadania;0,25; 106.250,00 ; 39.789,92 ; 39.789,92 ; 39.789,92 
AEQ;EIXO: Acesso à Educação de Qualidade;DLA;SUB-EIXO: Desporto e Lazer;NEX;27;Desporto e Lazer;813;Lazer;238;Promoção do Esporte e do Lazer;2869;Programas e Atividades de Lazer;5;Domingo a Rua é Nossa;0,25; 25.000,00 ; -   ; -   ; -   
AEQ;EIXO: Acesso à Educação de Qualidade;DLA;SUB-EIXO: Desporto e Lazer;EX;27;Desporto e Lazer;813;Lazer;238;Promoção do Esporte e do Lazer;2869;Programas e Atividades de Lazer;8;Brincando na Vila;1; 87.000,00 ; -   ; -   ; -   
AEQ;EIXO: Acesso à Educação de Qualidade;EDU;SUB-EIXO: Educação;EX;4;Administração;122;Administração Geral;227;Orçamento Participativo e Gestão Compartilhada;2334;Gestão Compartilhada e Participação Social;11;Implantação do Orçamento Participativo Criança e Adolescente - OPCA nas Escolas Municipais;1; -   ; 3.160,00 ; -   ; -   
AEQ;EIXO: Acesso à Educação de Qualidade;EDU;SUB-EIXO: Educação;EX;8;Assistência Social;306;Alimentação e Nutrição;132;Gestão da Política Municipal de Segurança Alimentar e Nutricional;2761;Gestão da Assistência Alimentar e Nutricional à Rede Municipal de Ensino;1;Gerenciamento da Assistência Alimentar e Nutricional às Escolas de Ensino Fundamental ;1; 9.425.400,00 ; 7.415.628,69 ; 5.984.611,56 ; 5.664.002,80 
AEQ;EIXO: Acesso à Educação de Qualidade;EDU;SUB-EIXO: Educação;EX;8;Assistência Social;306;Alimentação e Nutrição;132;Gestão da Política Municipal de Segurança Alimentar e Nutricional;2761;Gestão da Assistência Alimentar e Nutricional à Rede Municipal de Ensino;2;Gerenciamento da Assistência Alimentar e Nutricional às UMEIS;1; 6.800.000,00 ; 7.966.434,48 ; 6.710.681,96 ; 5.993.962,52 
AEQ;EIXO: Acesso à Educação de Qualidade;EDU;SUB-EIXO: Educação;EX;8;Assistência Social;306;Alimentação e Nutrição;132;Gestão da Política Municipal de Segurança Alimentar e Nutricional;2761;Gestão da Assistência Alimentar e Nutricional à Rede Municipal de Ensino;3;Gerenciamento da Assistência Alimentar e Nutricional às Escolas Integradas;1; 6.624.920,00 ; 10.607.301,79 ; 9.165.871,73 ; 8.507.481,66 
AEQ;EIXO: Acesso à Educação de Qualidade;EDU;SUB-EIXO: Educação;EX;8;Assistência Social;306;Alimentação e Nutrição;132;Gestão da Política Municipal de Segurança Alimentar e Nutricional;2761;Gestão da Assistência Alimentar e Nutricional à Rede Municipal de Ensino;4;Gerenciamento da Assistência Alimentar e Nutricional aos alunos do Ensino de Jovens e Adultos - EJA;1; 1.021.980,00 ; 1.053.208,99 ; 876.825,09 ; 838.670,74 
AEQ;EIXO: Acesso à Educação de Qualidade;EDU;SUB-EIXO: Educação;EX;8;Assistência Social;306;Alimentação e Nutrição;132;Gestão da Política Municipal de Segurança Alimentar e Nutricional;2761;Gestão da Assistência Alimentar e Nutricional à Rede Municipal de Ensino;8;Gerenciamento da Assistência Alimentar e Nutricional às Creches Conveniadas;1; 4.428.600,00 ; 5.125.213,41 ; 4.042.775,73 ; 3.718.190,82 
AEQ;EIXO: Acesso à Educação de Qualidade;EDU;SUB-EIXO: Educação;EX;8;Assistência Social;306;Alimentação e Nutrição;132;Gestão da Política Municipal de Segurança Alimentar e Nutricional;2761;Gestão da Assistência Alimentar e Nutricional à Rede Municipal de Ensino;10;Gerenciamento da Assistência Alimentar e Nutricional à Rede Municipal;1; 3.323.500,00 ; 3.189.091,63 ; 2.809.761,56 ; 2.539.944,82 
AEQ;EIXO: Acesso à Educação de Qualidade;EDU;SUB-EIXO: Educação;EX;8;Assistência Social;306;Alimentação e Nutrição;207;Melhoria da Qualidade da Educação;2761;Gestão da Assistência Alimentar e Nutricional à Rede Municipal de Ensino;6;Atendimento das Demandas de Dietas Especiais;1; 30.000,00 ; -   ; -   ; -   
AEQ;EIXO: Acesso à Educação de Qualidade;EDU;SUB-EIXO: Educação;NEX;8;Assistência Social;306;Alimentação e Nutrição;236;Direito de Todos ;2331;Centro de Referência em Segurança Alimentar e Nutricional Sustentável;1;Implantação do Centro Metropolitano de Referência em Segurança Alimentar e Nutricional Sustentável;0,25; 500,00 ; 390,00 ; 185,25 ; 185,25 
AEQ;EIXO: Acesso à Educação de Qualidade;EDU;SUB-EIXO: Educação;NEX;8;Assistência Social;306;Alimentação e Nutrição;236;Direito de Todos ;2331;Centro de Referência em Segurança Alimentar e Nutricional Sustentável;2;Promoção da Alimentação Saudável por meio da Educação Alimentar e Nutricional;0,25; 40.227,00 ; 10.232,11 ; 9.103,91 ; 6.744,24 
AEQ;EIXO: Acesso à Educação de Qualidade;EDU;SUB-EIXO: Educação;NEX;8;Assistência Social;306;Alimentação e Nutrição;236;Direito de Todos ;2331;Centro de Referência em Segurança Alimentar e Nutricional Sustentável;3;Educação Alimentar e Nutricional com Atividades Lúdicas Educativas;0,85; 850,00 ; -   ; -   ; -   
AEQ;EIXO: Acesso à Educação de Qualidade;EDU;SUB-EIXO: Educação;NEX;8;Assistência Social;306;Alimentação e Nutrição;236;Direito de Todos ;2331;Centro de Referência em Segurança Alimentar e Nutricional Sustentável;4;Campanhas Educativas de Mobilização Social;0,85; 850,00 ; -   ; -   ; -   
AEQ;EIXO: Acesso à Educação de Qualidade;EDU;SUB-EIXO: Educação;EX;8;Assistência Social;306;Alimentação e Nutrição;236;Direito de Todos ;2331;Centro de Referência em Segurança Alimentar e Nutricional Sustentável;5;Formação de Profissionais de Manipulação de Alimentos para a Rede Pública Conveniada e Não Conveniada;1; 3.000,00 ; 72.124,43 ; 69.253,60 ; 54.842,84 
AEQ;EIXO: Acesso à Educação de Qualidade;EDU;SUB-EIXO: Educação;EX;12;Educação;122;Administração Geral;140;Gestão e Operacionalização da Política Educacional;2317;Gestão Administrativa e Pedagógica;1;Gestão Administrativa;1; 104.726.438,00 ; 80.709.050,37 ; 78.195.839,81 ; 77.626.135,52 
AEQ;EIXO: Acesso à Educação de Qualidade;EDU;SUB-EIXO: Educação;EX;12;Educação;122;Administração Geral;140;Gestão e Operacionalização da Política Educacional;2317;Gestão Administrativa e Pedagógica;2;Gestão Pedagógica;1; 350.000,00 ; -   ; -   ; -   
AEQ;EIXO: Acesso à Educação de Qualidade;EDU;SUB-EIXO: Educação;EX;12;Educação;122;Administração Geral;140;Gestão e Operacionalização da Política Educacional;2334;Gestão Compartilhada e Participação Social;1;Coordenação e Participação em Fóruns Governamentais e GTs;1; 9.000,00 ; -   ; -   ; -   
AEQ;EIXO: Acesso à Educação de Qualidade;EDU;SUB-EIXO: Educação;EX;12;Educação;122;Administração Geral;140;Gestão e Operacionalização da Política Educacional;2334;Gestão Compartilhada e Participação Social;2;Apoio aos Conselhos Municipais;1; 52.000,00 ; 8.880,00 ; 8.880,00 ; 8.880,00 
AEQ;EIXO: Acesso à Educação de Qualidade;EDU;SUB-EIXO: Educação;EX;12;Educação;361;Ensino Fundamental;85;Gestão da Política de Tecnologia da Informação e Comunicação;2605;Evolução da Rede de Telecomunicações da PBH ;1;Serviços de Informática - Educação ;1; 1.198.000,00 ; 1.054.143,23 ; 996.761,41 ; 854.339,15 
AEQ;EIXO: Acesso à Educação de Qualidade;EDU;SUB-EIXO: Educação;EX;12;Educação;361;Ensino Fundamental;140;Gestão e Operacionalização da Política Educacional;2041;Formação para Profissionais da Educação;10;Formação de Professores do Ensino Fundamental em Cursos de Pós-graduação Lato Sensu e Stricto Sensu ;1; 1.000,00 ; -   ; -   ; -   
AEQ;EIXO: Acesso à Educação de Qualidade;EDU;SUB-EIXO: Educação;EX;12;Educação;361;Ensino Fundamental;140;Gestão e Operacionalização da Política Educacional;2046;Gestão Descentralizada da Educação;2;Subvenção Regular de Unidades Escolares do Ensino Fundamental;1; 29.128.516,00 ; 26.968.751,00 ; 26.968.751,00 ; 24.548.243,00 
AEQ;EIXO: Acesso à Educação de Qualidade;EDU;SUB-EIXO: Educação;EX;12;Educação;361;Ensino Fundamental;140;Gestão e Operacionalização da Política Educacional;2046;Gestão Descentralizada da Educação;5;PAP - Projeto de Ação Pedagógica - Ensino Fudamental;1; 6.339.827,00 ; 5.008.930,00 ; 5.008.930,00 ; 5.008.930,00 
AEQ;EIXO: Acesso à Educação de Qualidade;EDU;SUB-EIXO: Educação;EX;12;Educação;361;Ensino Fundamental;140;Gestão e Operacionalização da Política Educacional;2046;Gestão Descentralizada da Educação;10;Adequação dos Espaços Escolares do Ensino Fundamental;1; 9.754.000,00 ; 7.753.000,00 ; 7.753.000,00 ; 2.140.000,00 
AEQ;EIXO: Acesso à Educação de Qualidade;EDU;SUB-EIXO: Educação;EX;12;Educação;361;Ensino Fundamental;140;Gestão e Operacionalização da Política Educacional;2046;Gestão Descentralizada da Educação;13;Contratação de Apoio Administrativo - Ensino Fundamental;1; 206.084.849,00 ; 187.193.802,00 ; 187.193.802,00 ; 169.698.574,00 
AEQ;EIXO: Acesso à Educação de Qualidade;EDU;SUB-EIXO: Educação;EX;12;Educação;361;Ensino Fundamental;140;Gestão e Operacionalização da Política Educacional;2046;Gestão Descentralizada da Educação;14;Orçamento Participativo da Criança e do Adolescente - OPCA;1; 540.000,00 ; 540.000,00 ; 540.000,00 ; 540.000,00 
AEQ;EIXO: Acesso à Educação de Qualidade;EDU;SUB-EIXO: Educação;EX;12;Educação;361;Ensino Fundamental;140;Gestão e Operacionalização da Política Educacional;2080;Administração do Ensino Fundamental;1;Administração do Ensino Fundamental;1; 735.100.503,00 ; 618.702.358,26 ; 616.503.942,16 ; 615.962.832,37 
AEQ;EIXO: Acesso à Educação de Qualidade;EDU;SUB-EIXO: Educação;EX;12;Educação;361;Ensino Fundamental;140;Gestão e Operacionalização da Política Educacional;2317;Gestão Administrativa e Pedagógica;1;Gestão Administrativa;1; 6.453.000,00 ; 6.029.861,43 ; 6.029.861,43 ; 6.029.861,43 
AEQ;EIXO: Acesso à Educação de Qualidade;EDU;SUB-EIXO: Educação;EX;12;Educação;361;Ensino Fundamental;140;Gestão e Operacionalização da Política Educacional;2503;Gestão do Programa Bolsa Escola;1;Gestão do Programa Bolsa Escola;1; 3.068.000,00 ; 2.428.871,50 ; 2.427.769,90 ; 2.427.769,90 
AEQ;EIXO: Acesso à Educação de Qualidade;EDU;SUB-EIXO: Educação;EX;12;Educação;361;Ensino Fundamental;140;Gestão e Operacionalização da Política Educacional;2503;Gestão do Programa Bolsa Escola;2;Manutenção das Atividades do Bolsa Escola Municipal;1; 533.112,00 ; 41.005,00 ; 41.005,00 ; 39.510,00 
AEQ;EIXO: Acesso à Educação de Qualidade;EDU;SUB-EIXO: Educação;EX;12;Educação;361;Ensino Fundamental;140;Gestão e Operacionalização da Política Educacional;2700;Operação e Manutenção da Educação;2;Fornecimento de Kits Escolares - Ensino Fundamental;1; 24.786.895,00 ; 15.847.261,00 ; 13.827.762,34 ; 13.667.262,61 
AEQ;EIXO: Acesso à Educação de Qualidade;EDU;SUB-EIXO: Educação;EX;12;Educação;361;Ensino Fundamental;140;Gestão e Operacionalização da Política Educacional;2700;Operação e Manutenção da Educação;10;Operação e Manutenção da Educação -  Ensino Fundamental;1; 18.300.887,00 ; 8.042.396,34 ; 7.690.378,82 ; 7.343.020,86 
AEQ;EIXO: Acesso à Educação de Qualidade;EDU;SUB-EIXO: Educação;EX;12;Educação;361;Ensino Fundamental;140;Gestão e Operacionalização da Política Educacional;2700;Operação e Manutenção da Educação;16;Fórum de Educação Integral;1; 498.560,00 ; -   ; -   ; -   
AEQ;EIXO: Acesso à Educação de Qualidade;EDU;SUB-EIXO: Educação;EX;12;Educação;361;Ensino Fundamental;140;Gestão e Operacionalização da Política Educacional;2885;Transporte Escolar;1;Transporte Escolar;1; 13.273.387,00 ; 11.618.751,31 ; 10.523.493,26 ; 9.543.596,71 
AEQ;EIXO: Acesso à Educação de Qualidade;EDU;SUB-EIXO: Educação;EX;12;Educação;361;Ensino Fundamental;140;Gestão e Operacionalização da Política Educacional;2886;Gestão da Melhoria da Qualidade da Educação;11;Ações Intersetoriais da Educação;1; 6.000,00 ; -   ; -   ; -   
AEQ;EIXO: Acesso à Educação de Qualidade;EDU;SUB-EIXO: Educação;EX;12;Educação;361;Ensino Fundamental;206;Expansão da Escola Integrada ;1211;Construção, Ampliação e Reforma de Unidades de Ensino;4;Construção, Ampliação e Reforma de Unidades de Ensino;1; 29.108.212,00 ; 1.130.825,10 ; 1.130.825,10 ; 1.130.825,10 
AEQ;EIXO: Acesso à Educação de Qualidade;EDU;SUB-EIXO: Educação;EX;12;Educação;361;Ensino Fundamental;206;Expansão da Escola Integrada ;2702;Gestão do Programa Escola Integrada;2;Atendimento do Programa Escola Integrada;1; 24.864.000,00 ; 10.089.481,24 ; 10.089.481,24 ; 9.126.932,24 
AEQ;EIXO: Acesso à Educação de Qualidade;EDU;SUB-EIXO: Educação;EX;12;Educação;361;Ensino Fundamental;206;Expansão da Escola Integrada ;2702;Gestão do Programa Escola Integrada;3;Publicações de Cadernos sobre o Programa;1; 6.000,00 ; -   ; -   ; -   
AEQ;EIXO: Acesso à Educação de Qualidade;EDU;SUB-EIXO: Educação;EX;12;Educação;361;Ensino Fundamental;206;Expansão da Escola Integrada ;2702;Gestão do Programa Escola Integrada;4;Manutenção de Convênios com Instituições - Ensino Fundamental;1; 7.151.778,00 ; 4.948.061,00 ; 4.888.621,00 ; 4.349.741,00 
AEQ;EIXO: Acesso à Educação de Qualidade;EDU;SUB-EIXO: Educação;EX;12;Educação;361;Ensino Fundamental;206;Expansão da Escola Integrada ;2702;Gestão do Programa Escola Integrada;5;Programa Escola Aberta - Ampliação do Atendimento ;1; 7.230.361,00 ; 4.863.292,00 ; 4.863.292,00 ; 4.731.208,00 
AEQ;EIXO: Acesso à Educação de Qualidade;EDU;SUB-EIXO: Educação;EX;12;Educação;361;Ensino Fundamental;206;Expansão da Escola Integrada ;2702;Gestão do Programa Escola Integrada;6;Programa Escola nas Férias;1; 3.009.015,00 ; 608.640,00 ; 608.640,00 ; -   
AEQ;EIXO: Acesso à Educação de Qualidade;EDU;SUB-EIXO: Educação;EX;12;Educação;361;Ensino Fundamental;206;Expansão da Escola Integrada ;2702;Gestão do Programa Escola Integrada;7;Consolidação e Ampliação de Parcerias;1; 29.530.250,00 ; 17.294.252,92 ; 16.294.252,92 ; 16.294.252,92 
AEQ;EIXO: Acesso à Educação de Qualidade;EDU;SUB-EIXO: Educação;EX;12;Educação;361;Ensino Fundamental;206;Expansão da Escola Integrada ;2702;Gestão do Programa Escola Integrada;12;Projeto BH para Crianças;1; 2.538.251,00 ; 2.648.593,43 ; 2.415.516,09 ; 2.296.304,95 
AEQ;EIXO: Acesso à Educação de Qualidade;EDU;SUB-EIXO: Educação;EX;12;Educação;361;Ensino Fundamental;206;Expansão da Escola Integrada ;2702;Gestão do Programa Escola Integrada;14;Disponibilização de Vagas para o Ensino de Música em Escolas de Música;1; 4.000.000,00 ; 3.406.555,34 ; 3.103.869,34 ; 3.103.869,34 
AEQ;EIXO: Acesso à Educação de Qualidade;EDU;SUB-EIXO: Educação;EX;12;Educação;361;Ensino Fundamental;207;Melhoria da Qualidade da Educação;2041;Formação para Profissionais da Educação;3;Formação dos Professores do Ensino Fundamental em Cursos/Oficinas Específicas para Alfabetização e Matemática;1; 418.400,00 ; 10.732,00 ; 10.732,00 ; 10.732,00 
AEQ;EIXO: Acesso à Educação de Qualidade;EDU;SUB-EIXO: Educação;EX;12;Educação;361;Ensino Fundamental;207;Melhoria da Qualidade da Educação;2705;Mobilização da Comunidade Escolar;1;Formação e Mobilização da Comunidade Escolar;1; 147.000,00 ; 1.606,06 ; 1.606,06 ; 1.606,06 
AEQ;EIXO: Acesso à Educação de Qualidade;EDU;SUB-EIXO: Educação;EX;12;Educação;361;Ensino Fundamental;207;Melhoria da Qualidade da Educação;2705;Mobilização da Comunidade Escolar;2;Realização do Fórum Família Escola;1; 110.000,00 ; 6.618,00 ; 6.618,00 ; 6.618,00 
AEQ;EIXO: Acesso à Educação de Qualidade;EDU;SUB-EIXO: Educação;EX;12;Educação;361;Ensino Fundamental;207;Melhoria da Qualidade da Educação;2705;Mobilização da Comunidade Escolar;4;Publicação de Jornal Família Escola do Ensino Fundamental;1; 120.000,00 ; 10.000,00 ; 10.000,00 ; 10.000,00 
AEQ;EIXO: Acesso à Educação de Qualidade;EDU;SUB-EIXO: Educação;EX;12;Educação;361;Ensino Fundamental;207;Melhoria da Qualidade da Educação;2706;Melhoria da Aprendizagem e Avaliação de Desempenho Escolar;3;Avaliação de Aprendizagem dos Alunos - Avalia BH e Avalia EJA;1; 4.000.000,00 ; -   ; -   ; -   
AEQ;EIXO: Acesso à Educação de Qualidade;EDU;SUB-EIXO: Educação;EX;12;Educação;361;Ensino Fundamental;207;Melhoria da Qualidade da Educação;2706;Melhoria da Aprendizagem e Avaliação de Desempenho Escolar;6;Ação de incentivo à Educação Especializada complementar para Garantia da Aprendizagem da Pessoa com Deficiência;1; 500.000,00 ; -   ; -   ; -   
AEQ;EIXO: Acesso à Educação de Qualidade;EDU;SUB-EIXO: Educação;EX;12;Educação;361;Ensino Fundamental;207;Melhoria da Qualidade da Educação;2886;Gestão da Melhoria da Qualidade da Educação;4;Implantação do Observatório do Clima Escolar;1; 232.627,00 ; -   ; -   ; -   
AEQ;EIXO: Acesso à Educação de Qualidade;EDU;SUB-EIXO: Educação;EX;12;Educação;361;Ensino Fundamental;207;Melhoria da Qualidade da Educação;2886;Gestão da Melhoria da Qualidade da Educação;5;Implementação da Política de Alfabetização;1; 10.000,00 ; -   ; -   ; -   
AEQ;EIXO: Acesso à Educação de Qualidade;EDU;SUB-EIXO: Educação;EX;12;Educação;361;Ensino Fundamental;207;Melhoria da Qualidade da Educação;2886;Gestão da Melhoria da Qualidade da Educação;8;"Publicação da Revista ""Pensar Educação""";1; 238.140,00 ; -   ; -   ; -   
AEQ;EIXO: Acesso à Educação de Qualidade;EDU;SUB-EIXO: Educação;EX;12;Educação;361;Ensino Fundamental;207;Melhoria da Qualidade da Educação;2886;Gestão da Melhoria da Qualidade da Educação;10;Cidades Educadoras;1; 9.000,00 ; -   ; -   ; -   
AEQ;EIXO: Acesso à Educação de Qualidade;EDU;SUB-EIXO: Educação;EX;12;Educação;361;Ensino Fundamental;233;Manutenção da Cidade;1211;Construção, Ampliação e Reforma de Unidades de Ensino;3;Construção, Ampliação e Reforma de Unidades de Ensino;1; 9.204.694,00 ; 2.380.327,77 ; 2.380.327,77 ; 2.380.327,77 
AEQ;EIXO: Acesso à Educação de Qualidade;EDU;SUB-EIXO: Educação;EX;12;Educação;361;Ensino Fundamental;236;Direito de Todos ;2041;Formação para Profissionais da Educação;6;Qualificar Professores em História Indígena e Afro-brasileira;1; 24.000,00 ; -   ; -   ; -   
AEQ;EIXO: Acesso à Educação de Qualidade;EDU;SUB-EIXO: Educação;EX;12;Educação;361;Ensino Fundamental;236;Direito de Todos ;2041;Formação para Profissionais da Educação;8;Formação de professores no projeto Educação para a Diversidade;1; 8.000,00 ; -   ; -   ; -   
AEQ;EIXO: Acesso à Educação de Qualidade;EDU;SUB-EIXO: Educação;EX;12;Educação;361;Ensino Fundamental;236;Direito de Todos ;2386;Programa Municipal de Igualdade Racial;1;Atividades do Grupo de Promoção de Igualdade Racial na SMED;1; 33.000,00 ; -   ; -   ; -   
AEQ;EIXO: Acesso à Educação de Qualidade;EDU;SUB-EIXO: Educação;EX;12;Educação;361;Ensino Fundamental;237;Qualificação, Profissionalização e Emprego;2404;Ações de Qualificação, Profissionalização e Emprego;13;Disponibilização de Vagas para o Programa Municipal de Qualificação - EDUCAÇÃO;1; 40.000,00 ; -   ; -   ; -   
AEQ;EIXO: Acesso à Educação de Qualidade;EDU;SUB-EIXO: Educação;EX;12;Educação;361;Ensino Fundamental;237;Qualificação, Profissionalização e Emprego;2702;Gestão do Programa Escola Integrada;10;Formação de Educadores do Programa;1; 50.000,00 ; -   ; -   ; -   
AEQ;EIXO: Acesso à Educação de Qualidade;EDU;SUB-EIXO: Educação;EX;12;Educação;361;Ensino Fundamental;241;Recomeço;2886;Gestão da Melhoria da Qualidade da Educação;6;Publicação de Material de Prevenção ao Uso de Drogas;1; 110.250,00 ; -   ; -   ; -   
AEQ;EIXO: Acesso à Educação de Qualidade;EDU;SUB-EIXO: Educação;EX;12;Educação;365;Educação Infantil;140;Gestão e Operacionalização da Política Educacional;2041;Formação para Profissionais da Educação;2;Formação de Professores da Educação Infantil;1; 74.600,00 ; 200,00 ; 200,00 ; 200,00 
AEQ;EIXO: Acesso à Educação de Qualidade;EDU;SUB-EIXO: Educação;EX;12;Educação;365;Educação Infantil;140;Gestão e Operacionalização da Política Educacional;2046;Gestão Descentralizada da Educação;1;Subvenção Regular de Unidades Escolares da Educação Infantil;1; 12.789.473,00 ; 11.130.169,00 ; 11.130.169,00 ; 9.961.262,00 
AEQ;EIXO: Acesso à Educação de Qualidade;EDU;SUB-EIXO: Educação;EX;12;Educação;365;Educação Infantil;140;Gestão e Operacionalização da Política Educacional;2046;Gestão Descentralizada da Educação;4;PAP - Projeto de Ação Pedagógica - Educação Infantil;1; 2.563.916,00 ; 3.149.803,00 ; 3.149.803,00 ; 3.149.803,00 
AEQ;EIXO: Acesso à Educação de Qualidade;EDU;SUB-EIXO: Educação;EX;12;Educação;365;Educação Infantil;140;Gestão e Operacionalização da Política Educacional;2046;Gestão Descentralizada da Educação;9;Adequação dos Espaços Escolares da Educação Infantil;1; 1.746.000,00 ; 910.000,00 ; 910.000,00 ; 360.000,00 
AEQ;EIXO: Acesso à Educação de Qualidade;EDU;SUB-EIXO: Educação;EX;12;Educação;365;Educação Infantil;140;Gestão e Operacionalização da Política Educacional;2046;Gestão Descentralizada da Educação;12;Contratação de Apoio Administrativo - Educação Infantil;1; 7.370.102,00 ; 10.087.494,00 ; 10.087.494,00 ; 9.156.418,00 
AEQ;EIXO: Acesso à Educação de Qualidade;EDU;SUB-EIXO: Educação;EX;12;Educação;365;Educação Infantil;140;Gestão e Operacionalização da Política Educacional;2542;Administração da Educação Infantil;1;Administração da Educação Infantil;1; 289.952.107,00 ; 292.702.258,15 ; 292.117.754,31 ; 291.959.402,13 
AEQ;EIXO: Acesso à Educação de Qualidade;EDU;SUB-EIXO: Educação;EX;12;Educação;365;Educação Infantil;140;Gestão e Operacionalização da Política Educacional;2700;Operação e Manutenção da Educação;1;Fornecimento de Kits Escolares - Educação Infantil;1; 13.999.631,00 ; 6.675.658,95 ; 5.934.776,75 ; 5.934.776,75 
AEQ;EIXO: Acesso à Educação de Qualidade;EDU;SUB-EIXO: Educação;EX;12;Educação;365;Educação Infantil;140;Gestão e Operacionalização da Política Educacional;2700;Operação e Manutenção da Educação;8;Operação e Manutenção da Educação - Educação Infantil;1; 8.724.706,00 ; 3.598.406,64 ; 3.470.603,43 ; 3.332.840,04 
AEQ;EIXO: Acesso à Educação de Qualidade;EDU;SUB-EIXO: Educação;EX;12;Educação;365;Educação Infantil;140;Gestão e Operacionalização da Política Educacional;2888;Conveniamento com Instituições de Educação Infantil;2;Gestão de Convênio com Instituições de Educação Infantil;1; 92.850.452,00 ; 86.598.975,27 ; 86.421.109,08 ; 85.139.300,08 
AEQ;EIXO: Acesso à Educação de Qualidade;EDU;SUB-EIXO: Educação;EX;12;Educação;365;Educação Infantil;205;Expansão da Educação Infantil ;1211;Construção, Ampliação e Reforma de Unidades de Ensino;1;Construção, Ampliação e Reforma de Unidades de Ensino;1; 10.064.243,00 ; 2.610.866,96 ; 2.610.866,96 ; 2.538.385,32 
AEQ;EIXO: Acesso à Educação de Qualidade;EDU;SUB-EIXO: Educação;EX;12;Educação;365;Educação Infantil;205;Expansão da Educação Infantil ;2707;Aquisição e Instalação de Equipamentos;1;Aquisição e Instalação de Equipamentos;1; 2.417.350,00 ; 85.132,55 ; 85.132,55 ; 85.132,55 
AEQ;EIXO: Acesso à Educação de Qualidade;EDU;SUB-EIXO: Educação;EX;12;Educação;365;Educação Infantil;205;Expansão da Educação Infantil ;2888;Conveniamento com Instituições de Educação Infantil;3;Aquisição de Materiais para Creches Conveniadas - Termos de Compromisso;1; 7.230.185,00 ; 2.852.776,29 ; 2.163.051,16 ; 1.083.428,35 
AEQ;EIXO: Acesso à Educação de Qualidade;EDU;SUB-EIXO: Educação;EX;12;Educação;365;Educação Infantil;207;Melhoria da Qualidade da Educação;2705;Mobilização da Comunidade Escolar;3;Publicação de Jornal Família Escola da Educação Infantil;1; 33.000,00 ; 5.000,00 ; 5.000,00 ; 5.000,00 
AEQ;EIXO: Acesso à Educação de Qualidade;EDU;SUB-EIXO: Educação;EX;12;Educação;366;Educação de Jovens e Adultos;140;Gestão e Operacionalização da Política Educacional;2041;Formação para Profissionais da Educação;4;Formação de Professores da Educação de Jovens e Adultos;1; 4.000,00 ; -   ; -   ; -   
AEQ;EIXO: Acesso à Educação de Qualidade;EDU;SUB-EIXO: Educação;EX;12;Educação;366;Educação de Jovens e Adultos;140;Gestão e Operacionalização da Política Educacional;2046;Gestão Descentralizada da Educação;3;Subvenção Regular de Unidades Escolares da Educação de Jovens e Adultos;1; 1.309.011,00 ; 1.284.107,00 ; 1.284.107,00 ; 1.168.384,00 
AEQ;EIXO: Acesso à Educação de Qualidade;EDU;SUB-EIXO: Educação;EX;12;Educação;366;Educação de Jovens e Adultos;140;Gestão e Operacionalização da Política Educacional;2046;Gestão Descentralizada da Educação;6;PAP - Projeto de Ação Pedagógica - EJA;1; 482.257,00 ; 363.923,00 ; 363.923,00 ; 363.923,00 
AEQ;EIXO: Acesso à Educação de Qualidade;EDU;SUB-EIXO: Educação;EX;12;Educação;366;Educação de Jovens e Adultos;140;Gestão e Operacionalização da Política Educacional;2080;Administração do Ensino Fundamental;1;Administração do Ensino Fundamental;1; 33.468.000,00 ; 41.920.451,50 ; 41.920.451,50 ; 41.920.451,50 
AEQ;EIXO: Acesso à Educação de Qualidade;EDU;SUB-EIXO: Educação;EX;12;Educação;366;Educação de Jovens e Adultos;140;Gestão e Operacionalização da Política Educacional;2700;Operação e Manutenção da Educação;3;Fornecimento de Kits Escolares - EJA;1; 1.520.106,00 ; 612.966,68 ; 533.440,90 ; 527.117,74 
AEQ;EIXO: Acesso à Educação de Qualidade;EDU;SUB-EIXO: Educação;EX;12;Educação;366;Educação de Jovens e Adultos;140;Gestão e Operacionalização da Política Educacional;2700;Operação e Manutenção da Educação;9;Operação e Manutenção da Educação - Educação de Jovens e Adultos;1; 237.666,00 ; 13.459,86 ; 13.459,86 ; 13.459,86 
AEQ;EIXO: Acesso à Educação de Qualidade;EDU;SUB-EIXO: Educação;EX;12;Educação;367;Educação Especial;140;Gestão e Operacionalização da Política Educacional;2700;Operação e Manutenção da Educação;10;Operação e Manutenção da Educação -  Ensino Fundamental;1; 750.000,00 ; -   ; -   ; -   
AEQ;EIXO: Acesso à Educação de Qualidade;EDU;SUB-EIXO: Educação;EX;12;Educação;367;Educação Especial;140;Gestão e Operacionalização da Política Educacional;2701;Apoio a inclusão de alunos com deficiência no cotidiano escolar;1;Atendimento Educacional Especializado na Rede Privada;1; 529.389,00 ; 450.001,80 ; 411.794,10 ; 411.794,10 
AEQ;EIXO: Acesso à Educação de Qualidade;EDU;SUB-EIXO: Educação;EX;12;Educação;367;Educação Especial;140;Gestão e Operacionalização da Política Educacional;2701;Apoio a inclusão de alunos com deficiência no cotidiano escolar;5;Administração e Manutenção de Frota de Ônibus Acessíveis;1; 1.977.996,00 ; 1.923.121,42 ; 1.753.489,26 ; 1.753.489,26 
AEQ;EIXO: Acesso à Educação de Qualidade;EDU;SUB-EIXO: Educação;EX;12;Educação;367;Educação Especial;207;Melhoria da Qualidade da Educação;2701;Apoio a inclusão de alunos com deficiência no cotidiano escolar;4;Formação de Professores de Educação Especial;1; 429.100,00 ; -   ; -   ; -   
AEQ;EIXO: Acesso à Educação de Qualidade;EDU;SUB-EIXO: Educação;EX;12;Educação;367;Educação Especial;207;Melhoria da Qualidade da Educação;2885;Transporte Escolar;2;Transporte Acessível;1; 6.453.883,00 ; 6.704.073,67 ; 6.135.291,04 ; 5.812.946,68 
AEQ;EIXO: Acesso à Educação de Qualidade;EDU;SUB-EIXO: Educação;EX;12;Educação;367;Educação Especial;207;Melhoria da Qualidade da Educação;2886;Gestão da Melhoria da Qualidade da Educação;9;Ampliação de Alunos no Atendimento Educacional Especializado - AEE;1; 74.000,00 ; -   ; -   ; -   
AEQ;EIXO: Acesso à Educação de Qualidade;EDU;SUB-EIXO: Educação;EX;12;Educação;367;Educação Especial;207;Melhoria da Qualidade da Educação;2886;Gestão da Melhoria da Qualidade da Educação;14;Realização da Mostra Literatura Afro-Brasileira;1; 300.000,00 ; -   ; -   ; -   
AEQ;EIXO: Acesso à Educação de Qualidade;EDU;SUB-EIXO: Educação;NEX;18;Gestão Ambiental;541;Preservação e Conservação Ambiental;69;Gestão da Política Ambiental;2564;Operacionalização das Políticas Ambientais;2;Gestão da Política de Educação Ambiental;0,25; 3.865.450,00 ; 3.264.634,27 ; 3.264.634,27 ; 3.264.634,27 
AEQ;EIXO: Acesso à Educação de Qualidade;EDU;SUB-EIXO: Educação;NEX;18;Gestão Ambiental;541;Preservação e Conservação Ambiental;69;Gestão da Política Ambiental;2564;Operacionalização das Políticas Ambientais;4;Reestruturação dos Centros Regionais de Educação Ambiental - CEAs;0,25; 7.250,00 ; 10,00 ; 10,00 ; -   
AEQ;EIXO: Acesso à Educação de Qualidade;EDU;SUB-EIXO: Educação;NEX;18;Gestão Ambiental;541;Preservação e Conservação Ambiental;69;Gestão da Política Ambiental;2564;Operacionalização das Políticas Ambientais;8;Educação Ambiental - Programa Pampulha;0,25; 1.500,00 ; -   ; -   ; -   
AEQ;EIXO: Acesso à Educação de Qualidade;EDU;SUB-EIXO: Educação;NEX;18;Gestão Ambiental;541;Preservação e Conservação Ambiental;69;Gestão da Política Ambiental;2564;Operacionalização das Políticas Ambientais;9;Gestão Operacional do Centro de Educação Ambiental - CEA/PROPAN;0,25; 31.250,00 ; 26.464,78 ; 26.303,57 ; 24.618,53 
AEQ;EIXO: Acesso à Educação de Qualidade;EDU;SUB-EIXO: Educação;NEX;18;Gestão Ambiental;541;Preservação e Conservação Ambiental;72;Planejamento, Monitoramento e Gerenciamento dos Parques e Necrópoles;2817;Educação Ambiental e Promoção de Eventos;1;Realização de Atividades de Educação Ambiental e Eventos;0,25; 122.901,00 ; -   ; -   ; -   
AEQ;EIXO: Acesso à Educação de Qualidade;EDU;SUB-EIXO: Educação;NEX;18;Gestão Ambiental;541;Preservação e Conservação Ambiental;72;Planejamento, Monitoramento e Gerenciamento dos Parques e Necrópoles;2817;Educação Ambiental e Promoção de Eventos;2;Desenvolvimento de Material Educativo e de Comunicação;0,25; 56.500,00 ; -   ; -   ; -   
AEQ;EIXO: Acesso à Educação de Qualidade;EDU;SUB-EIXO: Educação;NEX;20;Agricultura;608;Promoção da Produção Agropecuária;132;Gestão da Política Municipal de Segurança Alimentar e Nutricional;2121;Fomento e Gerenciamento da Comercialização Direta da Agricultura Urbana e Familiar;7;Hortas Escolares e Comunitárias;0,85; 14.535,00 ; 15.215,68 ; 15.215,68 ; 15.215,68 
AEQ;EIXO: Acesso à Educação de Qualidade;EDU;SUB-EIXO: Educação;NEX;20;Agricultura;608;Promoção da Produção Agropecuária;236;Direito de Todos ;2331;Centro de Referência em Segurança Alimentar e Nutricional Sustentável;9;Oficinas de Plantio em Espaços Alternativos;0,25; 500,00 ; -   ; -   ; -   
PDI;EIXO: Promoção de Direitos e Proteção Integral;ASS;SUB-EIXO: Assistência Social;NEX;4;Administração;122;Administração Geral;123;Gestão da Política Social;1345;Sistema de Informação para Gestão das Políticas Sociais - SIGPS;1;Implantação do Sistema de Informação e Gestão das Políticas Sociais- SIGPS;0,25; 38.125,00 ; -   ; -   ; -   
PDI;EIXO: Promoção de Direitos e Proteção Integral;ASS;SUB-EIXO: Assistência Social;NEX;4;Administração;122;Administração Geral;123;Gestão da Política Social;1345;Sistema de Informação para Gestão das Políticas Sociais - SIGPS;2;Evolução do Sistema de Informação e Gestão de Políticas Sociais - SIGPS;0,25; 547.227,00 ; 583.832,73 ; 397.825,95 ; 397.825,95 
PDI;EIXO: Promoção de Direitos e Proteção Integral;ASS;SUB-EIXO: Assistência Social;NEX;4;Administração;122;Administração Geral;123;Gestão da Política Social;2334;Gestão Compartilhada e Participação Social;1;Coordenação e Participação em Fóruns Governamentais e GTs;0,25; 2.750,00 ; -   ; -   ; -   
PDI;EIXO: Promoção de Direitos e Proteção Integral;ASS;SUB-EIXO: Assistência Social;NEX;4;Administração;122;Administração Geral;123;Gestão da Política Social;2334;Gestão Compartilhada e Participação Social;2;Apoio aos Conselhos Municipais;0,25; 5.000,00 ; -   ; -   ; -   
PDI;EIXO: Promoção de Direitos e Proteção Integral;ASS;SUB-EIXO: Assistência Social;NEX;4;Administração;122;Administração Geral;123;Gestão da Política Social;2787;Planejamento e Monitoramento e Divulgação da Política Social;1;Produção de Estudos Técnicos e Diagnósticos Espaciais;0,25; 14.500,00 ; -   ; -   ; -   
PDI;EIXO: Promoção de Direitos e Proteção Integral;ASS;SUB-EIXO: Assistência Social;NEX;4;Administração;122;Administração Geral;123;Gestão da Política Social;2787;Planejamento e Monitoramento e Divulgação da Política Social;2;Realização de Publicações Diversas e Produção de Material Informativo;0,25; 1.750,00 ; -   ; -   ; -   
PDI;EIXO: Promoção de Direitos e Proteção Integral;ASS;SUB-EIXO: Assistência Social;NEX;4;Administração;122;Administração Geral;123;Gestão da Política Social;2787;Planejamento e Monitoramento e Divulgação da Política Social;3;Articulação para Gestão Integrada e Intersetorial das Políticas Sociais;0,25; 38.750,00 ; -   ; -   ; -   
PDI;EIXO: Promoção de Direitos e Proteção Integral;ASS;SUB-EIXO: Assistência Social;NEX;4;Administração;122;Administração Geral;123;Gestão da Política Social;2900;Serviços Administrativos e Financeiros;1;Serviços Administrativos e Financeiros ;0,25; 1.737.000,00 ; 1.454.533,97 ; 1.404.467,47 ; 1.399.330,05 
PDI;EIXO: Promoção de Direitos e Proteção Integral;ASS;SUB-EIXO: Assistência Social;NEX;8;Assistência Social;122;Administração Geral;234;BH Cidadania  e o SUAS - Sistema Único de Assistência Social ;1353;Implantação dos Espaços BH Cidadania;1;Núcleos BH Cidadania Implantados;0,25; 31.250,00 ; -   ; -   ; -   
PDI;EIXO: Promoção de Direitos e Proteção Integral;ASS;SUB-EIXO: Assistência Social;NEX;8;Assistência Social;242;Assistência ao Portador de Deficiência;19;Proteção Social Básica;2879;Serviço de Proteção Social Básica em Domicílio para Pessoas com Deficiência e Idosas;1;Proteção Social à Pessoa com Deficiência;0,25; 296.000,00 ; 277.523,10 ; 275.888,64 ; 252.368,46 
PDI;EIXO: Promoção de Direitos e Proteção Integral;ASS;SUB-EIXO: Assistência Social;NEX;8;Assistência Social;242;Assistência ao Portador de Deficiência;234;BH Cidadania  e o SUAS - Sistema Único de Assistência Social ;2409;Centros de Referência;3;Centro Dia de Referência para Pessoa Adulta com Deficiência Dependente e Família;0,25; 316.750,00 ; 314.180,67 ; 214.550,00 ; 210.540,00 
PDI;EIXO: Promoção de Direitos e Proteção Integral;ASS;SUB-EIXO: Assistência Social;EX;8;Assistência Social;243;Assistência à Criança e ao Adolescente;19;Proteção Social Básica;2401;Serviço de Convivência e Fortalecimento de Vínculos;3;Serviços para Crianças e Adolescentes de 6 a 15 Anos;1; 970.400,00 ; 574.652,40 ; 485.498,02 ; 472.929,57 
PDI;EIXO: Promoção de Direitos e Proteção Integral;ASS;SUB-EIXO: Assistência Social;EX;8;Assistência Social;243;Assistência à Criança e ao Adolescente;19;Proteção Social Básica;2401;Serviço de Convivência e Fortalecimento de Vínculos;4;Serviços para Adolescentes e Jovens de 15 a 17 Anos;1; 1.964.200,00 ; 1.198.626,04 ; 892.208,84 ; 875.879,54 
PDI;EIXO: Promoção de Direitos e Proteção Integral;ASS;SUB-EIXO: Assistência Social;EX;8;Assistência Social;243;Assistência à Criança e ao Adolescente;20;Proteção Social Especial;2403;Serviço de Proteção Social Especial de Alta Complexidade;3;Acolhimento Institucional para Criança e Adolescente;1; 21.463.400,00 ; 20.043.440,45 ; 19.759.333,01 ; 19.075.736,76 
PDI;EIXO: Promoção de Direitos e Proteção Integral;ASS;SUB-EIXO: Assistência Social;EX;8;Assistência Social;243;Assistência à Criança e ao Adolescente;20;Proteção Social Especial;2403;Serviço de Proteção Social Especial de Alta Complexidade;25;Acolhimento Institucional de Breve Permanencia;1; 1.884.800,00 ; 614.050,98 ; 614.050,98 ; 563.599,06 
PDI;EIXO: Promoção de Direitos e Proteção Integral;ASS;SUB-EIXO: Assistência Social;EX;8;Assistência Social;243;Assistência à Criança e ao Adolescente;163;Promoção e Proteção às Crianças e Adolescentes e suas Famílias ;2859; Ações para a Promoção e Proteção dos Direitos da Criança, Adolescentes e suas Famílias;1;Apoio aos Conselhos Tutelares;1; 6.312.500,00 ; 4.762.371,56 ; 4.662.666,61 ; 4.640.639,11 
PDI;EIXO: Promoção de Direitos e Proteção Integral;ASS;SUB-EIXO: Assistência Social;EX;8;Assistência Social;243;Assistência à Criança e ao Adolescente;163;Promoção e Proteção às Crianças e Adolescentes e suas Famílias ;2859; Ações para a Promoção e Proteção dos Direitos da Criança, Adolescentes e suas Famílias;2;Orientação e Apoio Sociofamiliar;1; 876.000,00 ; 459.790,24 ; 459.790,24 ; 459.790,24 
PDI;EIXO: Promoção de Direitos e Proteção Integral;ASS;SUB-EIXO: Assistência Social;EX;8;Assistência Social;243;Assistência à Criança e ao Adolescente;163;Promoção e Proteção às Crianças e Adolescentes e suas Famílias ;2859; Ações para a Promoção e Proteção dos Direitos da Criança, Adolescentes e suas Famílias;3;Apoio Socioeducativo em Meio Aberto;1; 2.316.000,00 ; 2.376.258,49 ; 2.368.958,83 ; 2.362.532,35 
PDI;EIXO: Promoção de Direitos e Proteção Integral;ASS;SUB-EIXO: Assistência Social;EX;8;Assistência Social;243;Assistência à Criança e ao Adolescente;163;Promoção e Proteção às Crianças e Adolescentes e suas Famílias ;2859; Ações para a Promoção e Proteção dos Direitos da Criança, Adolescentes e suas Famílias;4;Acolhimento Familiar;1; 2.050.000,00 ; 488.381,20 ; 488.381,20 ; 488.381,20 
PDI;EIXO: Promoção de Direitos e Proteção Integral;ASS;SUB-EIXO: Assistência Social;EX;8;Assistência Social;243;Assistência à Criança e ao Adolescente;163;Promoção e Proteção às Crianças e Adolescentes e suas Famílias ;2859; Ações para a Promoção e Proteção dos Direitos da Criança, Adolescentes e suas Famílias;5;Acolhimento Institucional;1; 739.000,00 ; 99.264,48 ; 95.748,00 ; 95.748,00 
PDI;EIXO: Promoção de Direitos e Proteção Integral;ASS;SUB-EIXO: Assistência Social;EX;8;Assistência Social;243;Assistência à Criança e ao Adolescente;163;Promoção e Proteção às Crianças e Adolescentes e suas Famílias ;2859; Ações para a Promoção e Proteção dos Direitos da Criança, Adolescentes e suas Famílias;11;Apoio às Ações Voltadas para a Crianças e Adolescente;1; 35.000,00 ; -   ; -   ; -   
PDI;EIXO: Promoção de Direitos e Proteção Integral;ASS;SUB-EIXO: Assistência Social;EX;8;Assistência Social;243;Assistência à Criança e ao Adolescente;163;Promoção e Proteção às Crianças e Adolescentes e suas Famílias ;2859; Ações para a Promoção e Proteção dos Direitos da Criança, Adolescentes e suas Famílias;17;Apoio às Ações de Atendimento Socioeducativo;1; 540.000,00 ; 2.252,21 ; 2.252,21 ; 2.252,21 
PDI;EIXO: Promoção de Direitos e Proteção Integral;ASS;SUB-EIXO: Assistência Social;EX;8;Assistência Social;243;Assistência à Criança e ao Adolescente;163;Promoção e Proteção às Crianças e Adolescentes e suas Famílias ;2859; Ações para a Promoção e Proteção dos Direitos da Criança, Adolescentes e suas Famílias;18;Apoio às Ações de Articulação Regional para a promoção dos Direitos da Criança e do Adolescente;1; 284.000,00 ; 1.293,60 ; 1.293,60 ; 1.293,60 
PDI;EIXO: Promoção de Direitos e Proteção Integral;ASS;SUB-EIXO: Assistência Social;EX;8;Assistência Social;243;Assistência à Criança e ao Adolescente;163;Promoção e Proteção às Crianças e Adolescentes e suas Famílias ;2859; Ações para a Promoção e Proteção dos Direitos da Criança, Adolescentes e suas Famílias;20;Apoio Administrativo ao Conselho Municipal dos Direitos da Criança e do Adolescente;1; 115.000,00 ; -   ; -   ; -   
PDI;EIXO: Promoção de Direitos e Proteção Integral;ASS;SUB-EIXO: Assistência Social;EX;8;Assistência Social;243;Assistência à Criança e ao Adolescente;163;Promoção e Proteção às Crianças e Adolescentes e suas Famílias ;2860;Ações para o Fortalecimento das Diretrizes do Estatuto da Criança e do Adolescente;1;Assessoria Técnica/Financeira;1; 460.000,00 ; 24.400,00 ; 24.400,00 ; 24.400,00 
PDI;EIXO: Promoção de Direitos e Proteção Integral;ASS;SUB-EIXO: Assistência Social;EX;8;Assistência Social;243;Assistência à Criança e ao Adolescente;163;Promoção e Proteção às Crianças e Adolescentes e suas Famílias ;2860;Ações para o Fortalecimento das Diretrizes do Estatuto da Criança e do Adolescente;2;Vigilância e Defesa de Direitos;1; 500.000,00 ; 86.603,40 ; 86.603,40 ; 86.603,40 
PDI;EIXO: Promoção de Direitos e Proteção Integral;ASS;SUB-EIXO: Assistência Social;EX;8;Assistência Social;243;Assistência à Criança e ao Adolescente;163;Promoção e Proteção às Crianças e Adolescentes e suas Famílias ;2860;Ações para o Fortalecimento das Diretrizes do Estatuto da Criança e do Adolescente;3;Capacitação e Formatação de Atores de Atendimento e Defesa do Sistema de Garantia de Direitos;1; 395.000,00 ; 220.668,46 ; 220.668,46 ; 220.668,46 
PDI;EIXO: Promoção de Direitos e Proteção Integral;ASS;SUB-EIXO: Assistência Social;EX;8;Assistência Social;243;Assistência à Criança e ao Adolescente;163;Promoção e Proteção às Crianças e Adolescentes e suas Famílias ;2860;Ações para o Fortalecimento das Diretrizes do Estatuto da Criança e do Adolescente;4;Publicações Diversas;1; 240.000,00 ; -   ; -   ; -   
PDI;EIXO: Promoção de Direitos e Proteção Integral;ASS;SUB-EIXO: Assistência Social;EX;8;Assistência Social;243;Assistência à Criança e ao Adolescente;163;Promoção e Proteção às Crianças e Adolescentes e suas Famílias ;2860;Ações para o Fortalecimento das Diretrizes do Estatuto da Criança e do Adolescente;5;Realização de campanhas na sociedade em prol da garantia de direitos das crianças e adolescentes;1; 400.000,00 ; -   ; -   ; -   
PDI;EIXO: Promoção de Direitos e Proteção Integral;ASS;SUB-EIXO: Assistência Social;EX;8;Assistência Social;243;Assistência à Criança e ao Adolescente;163;Promoção e Proteção às Crianças e Adolescentes e suas Famílias ;2860;Ações para o Fortalecimento das Diretrizes do Estatuto da Criança e do Adolescente;8;Apoio às ações de fortalecimento para a participação de Crianças e Adolescentes;1; 200.000,00 ; -   ; -   ; -   
PDI;EIXO: Promoção de Direitos e Proteção Integral;ASS;SUB-EIXO: Assistência Social;EX;8;Assistência Social;243;Assistência à Criança e ao Adolescente;234;BH Cidadania  e o SUAS - Sistema Único de Assistência Social ;2859; Ações para a Promoção e Proteção dos Direitos da Criança, Adolescentes e suas Famílias;16;Avançar na Padronização e Modernização dos Conselhos Tutelares;1; 500,00 ; -   ; -   ; -   
PDI;EIXO: Promoção de Direitos e Proteção Integral;ASS;SUB-EIXO: Assistência Social;EX;8;Assistência Social;243;Assistência à Criança e ao Adolescente;237;Qualificação, Profissionalização e Emprego;2647;Inserção Social e Produtiva;1;Programa de Intermediação de Mão de Obra para Pessoa com Deficiência - PROMETI;0,25; 125.000,00 ; -   ; -   ; -   
PDI;EIXO: Promoção de Direitos e Proteção Integral;ASS;SUB-EIXO: Assistência Social;EX;8;Assistência Social;243;Assistência à Criança e ao Adolescente;237;Qualificação, Profissionalização e Emprego;2647;Inserção Social e Produtiva;2;Programa de Promoção ao Adolescente Trabalhador;1; 7.385.000,00 ; 1.845.366,00 ; 1.845.366,00 ; 1.537.805,00 
PDI;EIXO: Promoção de Direitos e Proteção Integral;ASS;SUB-EIXO: Assistência Social;EX;8;Assistência Social;244;Assistência Comunitária;19;Proteção Social Básica;2308;Serviço de Proteção e Atendimento Integral à Família ;2;Serviço de Proteção e Atendimento Integral à Família;1; 34.516.500,00 ; 24.932.803,28 ; 23.440.630,64 ; 23.110.764,73 
PDI;EIXO: Promoção de Direitos e Proteção Integral;ASS;SUB-EIXO: Assistência Social;NEX;8;Assistência Social;244;Assistência Comunitária;19;Proteção Social Básica;2401;Serviço de Convivência e Fortalecimento de Vínculos;5;Serviço de Convivência Familiar e Comunitária;0,25; 673.500,00 ; 691.685,61 ; 691.685,61 ; 632.366,29 
PDI;EIXO: Promoção de Direitos e Proteção Integral;ASS;SUB-EIXO: Assistência Social;NEX;8;Assistência Social;244;Assistência Comunitária;19;Proteção Social Básica;2405;Serviços, Benefícios e Transferência de Renda;1;Inserção, Acompanhamento das Famílias Beneficiárias dos Programa de Transferência de Renda e Benefícios Eventuais - Base Regional;0,25; 790.825,00 ; 494.736,18 ; 489.574,83 ; 487.538,52 
PDI;EIXO: Promoção de Direitos e Proteção Integral;ASS;SUB-EIXO: Assistência Social;NEX;8;Assistência Social;244;Assistência Comunitária;19;Proteção Social Básica;2405;Serviços, Benefícios e Transferência de Renda;2;Concessão de Benefícios Eventuais;0,25; 823.000,00 ; 321.877,20 ; 305.145,41 ; 294.436,06 
PDI;EIXO: Promoção de Direitos e Proteção Integral;ASS;SUB-EIXO: Assistência Social;NEX;8;Assistência Social;244;Assistência Comunitária;19;Proteção Social Básica;2405;Serviços, Benefícios e Transferência de Renda;4;Ações Estratégicas de Proteção Social Básica;0,25; 617.625,00 ; 751.086,15 ; 626.050,39 ; 606.030,33 
PDI;EIXO: Promoção de Direitos e Proteção Integral;ASS;SUB-EIXO: Assistência Social;NEX;8;Assistência Social;244;Assistência Comunitária;19;Proteção Social Básica;2647;Inserção Social e Produtiva;3;Programa de Integração ao Mundo do Trabalho/Acessuas;0,25; 80.250,00 ; 77.500,00 ; 70.000,00 ; 70.000,00 
PDI;EIXO: Promoção de Direitos e Proteção Integral;ASS;SUB-EIXO: Assistência Social;NEX;8;Assistência Social;244;Assistência Comunitária;19;Proteção Social Básica;2833;Ações de Assessoramento e de Defesa de Direitos;1;Ações de Assessoramento e de Defesa de Direitos;0,25; 411.550,00 ; 381.982,50 ; 381.982,50 ; 381.982,50 
PDI;EIXO: Promoção de Direitos e Proteção Integral;ASS;SUB-EIXO: Assistência Social;NEX;8;Assistência Social;244;Assistência Comunitária;20;Proteção Social Especial;2403;Serviço de Proteção Social Especial de Alta Complexidade;2;Acolhimento Institucional e Unidade de Passagem para Adultos e Famílias;0,25; 305.875,00 ; 325.865,42 ; 323.860,42 ; 322.223,01 
PDI;EIXO: Promoção de Direitos e Proteção Integral;ASS;SUB-EIXO: Assistência Social;NEX;8;Assistência Social;244;Assistência Comunitária;20;Proteção Social Especial;2403;Serviço de Proteção Social Especial de Alta Complexidade;5;Acolhimento Institucional para Famílias;0,25; 379.175,00 ; 377.187,87 ; 346.787,59 ; 322.861,46 
PDI;EIXO: Promoção de Direitos e Proteção Integral;ASS;SUB-EIXO: Assistência Social;NEX;8;Assistência Social;244;Assistência Comunitária;20;Proteção Social Especial;2403;Serviço de Proteção Social Especial de Alta Complexidade;6;Acolhimento Institucional em Unidade de Passagem para População de Rua;0,25; 625.600,00 ; 750.290,03 ; 682.179,04 ; 682.179,04 
PDI;EIXO: Promoção de Direitos e Proteção Integral;ASS;SUB-EIXO: Assistência Social;NEX;8;Assistência Social;244;Assistência Comunitária;20;Proteção Social Especial;2403;Serviço de Proteção Social Especial de Alta Complexidade;8;Serviço de Apoio e Reintegração Familiar;0,25; 81.725,00 ; 81.714,52 ; 81.714,52 ; 68.095,43 
PDI;EIXO: Promoção de Direitos e Proteção Integral;ASS;SUB-EIXO: Assistência Social;EX;8;Assistência Social;244;Assistência Comunitária;20;Proteção Social Especial;2403;Serviço de Proteção Social Especial de Alta Complexidade;11;Central de Vagas;1; 192.000,00 ; 127.987,76 ; 127.987,76 ; 127.987,76 
PDI;EIXO: Promoção de Direitos e Proteção Integral;ASS;SUB-EIXO: Assistência Social;NEX;8;Assistência Social;244;Assistência Comunitária;20;Proteção Social Especial;2403;Serviço de Proteção Social Especial de Alta Complexidade;13;Acolhimento Institucional ao Migrante;0,25; 422.450,00 ; 278.573,17 ; 273.368,17 ; 269.065,42 
PDI;EIXO: Promoção de Direitos e Proteção Integral;ASS;SUB-EIXO: Assistência Social;EX;8;Assistência Social;244;Assistência Comunitária;20;Proteção Social Especial;2409;Centros de Referência;2;Centro de Referência Especializado para População de Rua / Miguilim;1; 344.500,00 ; 349.777,49 ; 342.569,65 ; 342.569,65 
PDI;EIXO: Promoção de Direitos e Proteção Integral;ASS;SUB-EIXO: Assistência Social;EX;8;Assistência Social;244;Assistência Comunitária;20;Proteção Social Especial;2410;Apoio e Assessoria aos Serviços de Proteção Social de Média Complexidade;3;Atendimento Psicossocial a Crianças, Adolescentes e Familiares;1; 209.400,00 ; -   ; -   ; -   
PDI;EIXO: Promoção de Direitos e Proteção Integral;ASS;SUB-EIXO: Assistência Social;EX;8;Assistência Social;244;Assistência Comunitária;20;Proteção Social Especial;2410;Apoio e Assessoria aos Serviços de Proteção Social de Média Complexidade;4;Atendimento à Agressores Intrafamiliares de Crianças e Adolescentes;1; 209.400,00 ; -   ; -   ; -   
PDI;EIXO: Promoção de Direitos e Proteção Integral;ASS;SUB-EIXO: Assistência Social;NEX;8;Assistência Social;244;Assistência Comunitária;20;Proteção Social Especial;2833;Ações de Assessoramento e de Defesa de Direitos;1;Ações de Assessoramento e de Defesa de Direitos;0,25; 467.625,00 ; 428.011,50 ; 428.011,50 ; 428.011,50 
PDI;EIXO: Promoção de Direitos e Proteção Integral;ASS;SUB-EIXO: Assistência Social;NEX;8;Assistência Social;244;Assistência Comunitária;20;Proteção Social Especial;2878;Serviço de Proteção Especial de Média Complexidade;1;Serviço de Proteção e Atendimento Especializado às Famílias e Indivíduos - PAEFI/CREAS;0,5; 13.680.950,00 ; 8.282.767,36 ; 8.174.983,87 ; 8.099.915,22 
PDI;EIXO: Promoção de Direitos e Proteção Integral;ASS;SUB-EIXO: Assistência Social;NEX;8;Assistência Social;244;Assistência Comunitária;20;Proteção Social Especial;2878;Serviço de Proteção Especial de Média Complexidade;2;Acompanhamento Sócio Familiar / Bolsa Moradia;0,5; 25.500,00 ; 23.158,31 ; 19.148,31 ; 15.138,31 
PDI;EIXO: Promoção de Direitos e Proteção Integral;ASS;SUB-EIXO: Assistência Social;EX;8;Assistência Social;244;Assistência Comunitária;20;Proteção Social Especial;2878;Serviço de Proteção Especial de Média Complexidade;3;Serviço de Proteção aos Adolescentes em Cumprimento de Medidas Socioeducativas - LA/CREAS;1; 3.000,00 ; -   ; -   ; -   
PDI;EIXO: Promoção de Direitos e Proteção Integral;ASS;SUB-EIXO: Assistência Social;EX;8;Assistência Social;244;Assistência Comunitária;20;Proteção Social Especial;2878;Serviço de Proteção Especial de Média Complexidade;4;Serviço de Proteção aos Adolescentes em Cumprimento de Medidas Socioeducativas - PSC/CREAS;1; 3.000,00 ; -   ; -   ; -   
PDI;EIXO: Promoção de Direitos e Proteção Integral;ASS;SUB-EIXO: Assistência Social;EX;8;Assistência Social;244;Assistência Comunitária;20;Proteção Social Especial;2878;Serviço de Proteção Especial de Média Complexidade;5;Serviço de Proteção aos Adolescentes em Cumprimento de Medidas Socioeducativas - NAMSEP;1; 6.000,00 ; 1.754,06 ; 1.753,70 ; 1.753,70 
PDI;EIXO: Promoção de Direitos e Proteção Integral;ASS;SUB-EIXO: Assistência Social;EX;8;Assistência Social;244;Assistência Comunitária;20;Proteção Social Especial;2878;Serviço de Proteção Especial de Média Complexidade;8;Combate ao Trabalho Infantil;1; 54.000,00 ; 103.477,68 ; 95.457,68 ; 87.437,68 
PDI;EIXO: Promoção de Direitos e Proteção Integral;ASS;SUB-EIXO: Assistência Social;NEX;8;Assistência Social;244;Assistência Comunitária;113;Gestão da Política de Assistência Social;2327;Gestão de Recursos Humanos;2;Proteção Social Básica;0,25; 1.093.500,00 ; 848.357,90 ; 848.357,90 ; 848.357,90 
PDI;EIXO: Promoção de Direitos e Proteção Integral;ASS;SUB-EIXO: Assistência Social;NEX;8;Assistência Social;244;Assistência Comunitária;113;Gestão da Política de Assistência Social;2334;Gestão Compartilhada e Participação Social;2;Apoio aos Conselhos Municipais;0,25; 82.049,00 ; 19.200,11 ; 17.195,11 ; 15.076,73 
PDI;EIXO: Promoção de Direitos e Proteção Integral;ASS;SUB-EIXO: Assistência Social;NEX;8;Assistência Social;244;Assistência Comunitária;113;Gestão da Política de Assistência Social;2334;Gestão Compartilhada e Participação Social;28;Ampliação da participação popular nas Comissões Locais de Assistência Social - CLAS;0,25; 8.500,00 ; -   ; -   ; -   
PDI;EIXO: Promoção de Direitos e Proteção Integral;ASS;SUB-EIXO: Assistência Social;NEX;8;Assistência Social;244;Assistência Comunitária;113;Gestão da Política de Assistência Social;2348;Gestão, Comunicação e Mobilização Social;1;Gestão do Trabalho;0,25; 140.750,00 ; 2.800,45 ; 2.788,20 ; 710,00 
PDI;EIXO: Promoção de Direitos e Proteção Integral;ASS;SUB-EIXO: Assistência Social;NEX;8;Assistência Social;244;Assistência Comunitária;113;Gestão da Política de Assistência Social;2348;Gestão, Comunicação e Mobilização Social;2;Produção de Informativos e Peças Publicitárias;0,25; 23.250,00 ; 2.471,25 ; 2.471,25 ; 2.471,25 
PDI;EIXO: Promoção de Direitos e Proteção Integral;ASS;SUB-EIXO: Assistência Social;NEX;8;Assistência Social;244;Assistência Comunitária;113;Gestão da Política de Assistência Social;2348;Gestão, Comunicação e Mobilização Social;3;Produção de Eventos;0,25; -   ; 351,65 ; 351,65 ; 351,65 
PDI;EIXO: Promoção de Direitos e Proteção Integral;ASS;SUB-EIXO: Assistência Social;NEX;8;Assistência Social;244;Assistência Comunitária;113;Gestão da Política de Assistência Social;2348;Gestão, Comunicação e Mobilização Social;4;Regulação e Regulamentação;0,25; 250,00 ; -   ; -   ; -   
PDI;EIXO: Promoção de Direitos e Proteção Integral;ASS;SUB-EIXO: Assistência Social;NEX;8;Assistência Social;244;Assistência Comunitária;113;Gestão da Política de Assistência Social;2348;Gestão, Comunicação e Mobilização Social;5;Mobilização Social;0,25; 2.550,00 ; -   ; -   ; -   
PDI;EIXO: Promoção de Direitos e Proteção Integral;ASS;SUB-EIXO: Assistência Social;NEX;8;Assistência Social;244;Assistência Comunitária;113;Gestão da Política de Assistência Social;2348;Gestão, Comunicação e Mobilização Social;6;Capacitação de Profissionais de Entidades Socioassistenciais;0,25; 2.625,00 ; -   ; -   ; -   
PDI;EIXO: Promoção de Direitos e Proteção Integral;ASS;SUB-EIXO: Assistência Social;EX;8;Assistência Social;244;Assistência Comunitária;113;Gestão da Política de Assistência Social;2348;Gestão, Comunicação e Mobilização Social;7;Capacitação de Funcionários com Atuação nas Unidades Interligadas de Registro Civil em Maternidades de BH;1; 20.000,00 ; -   ; -   ; -   
PDI;EIXO: Promoção de Direitos e Proteção Integral;ASS;SUB-EIXO: Assistência Social;NEX;8;Assistência Social;244;Assistência Comunitária;113;Gestão da Política de Assistência Social;2350;Vigilância Socioassistencial;1;Sistema de Indicadores;0,25; 38.500,00 ; -   ; -   ; -   
PDI;EIXO: Promoção de Direitos e Proteção Integral;ASS;SUB-EIXO: Assistência Social;NEX;8;Assistência Social;244;Assistência Comunitária;113;Gestão da Política de Assistência Social;2350;Vigilância Socioassistencial;2;Estudos Territoriais e Geoprocessamento;0,25; 1.250,00 ; -   ; -   ; -   
PDI;EIXO: Promoção de Direitos e Proteção Integral;ASS;SUB-EIXO: Assistência Social;NEX;8;Assistência Social;244;Assistência Comunitária;113;Gestão da Política de Assistência Social;2350;Vigilância Socioassistencial;3;Diagnóstico;0,25; 87.500,00 ; -   ; -   ; -   
PDI;EIXO: Promoção de Direitos e Proteção Integral;ASS;SUB-EIXO: Assistência Social;NEX;8;Assistência Social;244;Assistência Comunitária;113;Gestão da Política de Assistência Social;2350;Vigilância Socioassistencial;4;Monitoramento e Acompanhamento;0,25; 125,00 ; -   ; -   ; -   
PDI;EIXO: Promoção de Direitos e Proteção Integral;ASS;SUB-EIXO: Assistência Social;NEX;8;Assistência Social;244;Assistência Comunitária;113;Gestão da Política de Assistência Social;2350;Vigilância Socioassistencial;6;Realização de Estudo de Custo dos Serviços e Benefícios Socioassistenciais no âmbito do SUAS;0,25; 33.125,00 ; -   ; -   ; -   
PDI;EIXO: Promoção de Direitos e Proteção Integral;ASS;SUB-EIXO: Assistência Social;NEX;8;Assistência Social;244;Assistência Comunitária;113;Gestão da Política de Assistência Social;2351;Serviço de Informação e Informatização;1;Serviço Interno de Informação;0,25; 5.500,00 ; -   ; -   ; -   
PDI;EIXO: Promoção de Direitos e Proteção Integral;ASS;SUB-EIXO: Assistência Social;NEX;8;Assistência Social;244;Assistência Comunitária;113;Gestão da Política de Assistência Social;2804;Gestão dos Equipamentos e Promoção Social;1;Gestão dos Equipamentos e Promoção Social;0,25; 50.750,00 ; 251,25 ; 251,25 ; 251,25 
PDI;EIXO: Promoção de Direitos e Proteção Integral;ASS;SUB-EIXO: Assistência Social;NEX;8;Assistência Social;244;Assistência Comunitária;113;Gestão da Política de Assistência Social;2900;Serviços Administrativos e Financeiros;1;Serviços Administrativos e Financeiros ;0,25; 3.942.750,00 ; 3.389.103,45 ; 3.290.822,22 ; 3.270.861,82 
PDI;EIXO: Promoção de Direitos e Proteção Integral;ASS;SUB-EIXO: Assistência Social;NEX;8;Assistência Social;244;Assistência Comunitária;120;Transferência de Renda;2797;Coordenação das Ações de Transferência de Renda -  Programa Bolsa Família;1;Ações Intersetoriais de Atendimento às Famílias;0,25; 686.500,00 ; 508.232,78 ; 508.232,78 ; 508.232,78 
PDI;EIXO: Promoção de Direitos e Proteção Integral;ASS;SUB-EIXO: Assistência Social;NEX;8;Assistência Social;244;Assistência Comunitária;120;Transferência de Renda;2797;Coordenação das Ações de Transferência de Renda -  Programa Bolsa Família;3;Realização do Cadastro das Famílias;0,25; 12.500,00 ; -   ; -   ; -   
PDI;EIXO: Promoção de Direitos e Proteção Integral;ASS;SUB-EIXO: Assistência Social;NEX;8;Assistência Social;244;Assistência Comunitária;123;Gestão da Política Social;2804;Gestão dos Equipamentos e Promoção Social;1;Gestão dos Equipamentos e Promoção Social;0,25; 4.577.250,00 ; 3.647.414,00 ; 3.647.414,00 ; 3.647.414,00 
PDI;EIXO: Promoção de Direitos e Proteção Integral;ASS;SUB-EIXO: Assistência Social;NEX;8;Assistência Social;244;Assistência Comunitária;234;BH Cidadania  e o SUAS - Sistema Único de Assistência Social ;1220;Construção, Ampliação e Reforma de Unidades de Assistência Social;1;Construção, Ampliação e Reforma de Unidades de Assistência Social;0,25; 930.140,00 ; -   ; -   ; -   
PDI;EIXO: Promoção de Direitos e Proteção Integral;ASS;SUB-EIXO: Assistência Social;NEX;8;Assistência Social;244;Assistência Comunitária;234;BH Cidadania  e o SUAS - Sistema Único de Assistência Social ;1220;Construção, Ampliação e Reforma de Unidades de Assistência Social;2;Construção e/ou Reforma de Espaços BH Cidadania;0,25; 2.612.000,00 ; 380.227,00 ; 380.227,00 ; 283.403,97 
PDI;EIXO: Promoção de Direitos e Proteção Integral;ASS;SUB-EIXO: Assistência Social;NEX;8;Assistência Social;244;Assistência Comunitária;234;BH Cidadania  e o SUAS - Sistema Único de Assistência Social ;2403;Serviço de Proteção Social Especial de Alta Complexidade;7;Acolhimento Institucional para Adultos em Situação de Rua e Outros Riscos;0,25; 537.300,00 ; 438.603,12 ; 429.045,02 ; 387.829,71 
PDI;EIXO: Promoção de Direitos e Proteção Integral;ASS;SUB-EIXO: Assistência Social;EX;8;Assistência Social;244;Assistência Comunitária;234;BH Cidadania  e o SUAS - Sistema Único de Assistência Social ;2403;Serviço de Proteção Social Especial de Alta Complexidade;9;Serviço Família Acolhedora;1; 234.900,00 ; 233.974,80 ; 233.974,80 ; 193.843,20 
PDI;EIXO: Promoção de Direitos e Proteção Integral;ASS;SUB-EIXO: Assistência Social;NEX;8;Assistência Social;244;Assistência Comunitária;237;Qualificação, Profissionalização e Emprego;2404;Ações de Qualificação, Profissionalização e Emprego;1;Disponibilização de Vagas para o Programa Municipal de Qualificação, Emprego e Renda;0,25; 790.775,00 ; 357.164,08 ; 351.852,58 ; 351.852,58 
PDI;EIXO: Promoção de Direitos e Proteção Integral;ASS;SUB-EIXO: Assistência Social;EX;8;Assistência Social;244;Assistência Comunitária;241;Recomeço;2403;Serviço de Proteção Social Especial de Alta Complexidade;24;Acolhimento Institucional de Bebes de Mães Usuárias de Drogas;1; 498.300,00 ; -   ; -   ; -   
PDI;EIXO: Promoção de Direitos e Proteção Integral;ASS;SUB-EIXO: Assistência Social;NEX;8;Assistência Social;244;Assistência Comunitária;241;Recomeço;2873;Apoio às Ações de Políticas sobre Drogas;1;Apoio as Ações de Políticas sobre Drogas;0,25; 2.750,00 ; -   ; -   ; -   
PDI;EIXO: Promoção de Direitos e Proteção Integral;ASS;SUB-EIXO: Assistência Social;NEX;8;Assistência Social;244;Assistência Comunitária;241;Recomeço;2873;Apoio às Ações de Políticas sobre Drogas;2;Implantação do Sistema de Informação Compartilhada sobre Usuários de Álcool e Outras Drogas;0,25; 750,00 ; -   ; -   ; -   
PDI;EIXO: Promoção de Direitos e Proteção Integral;ASS;SUB-EIXO: Assistência Social;NEX;8;Assistência Social;244;Assistência Comunitária;241;Recomeço;2873;Apoio às Ações de Políticas sobre Drogas;3;Conferência Municipal de Políticas sobre Drogas de Belo Horizonte;0,25; 4.000,00 ; -   ; -   ; -   
PDI;EIXO: Promoção de Direitos e Proteção Integral;ASS;SUB-EIXO: Assistência Social;NEX;8;Assistência Social;244;Assistência Comunitária;241;Recomeço;2873;Apoio às Ações de Políticas sobre Drogas;5;Suporte Técnico e Administrativo ao Conselho Municipal de Políticas sobre Drogas;0,25; 1.250,00 ; -   ; -   ; -   
PDI;EIXO: Promoção de Direitos e Proteção Integral;ASS;SUB-EIXO: Assistência Social;EX;8;Assistência Social;306;Alimentação e Nutrição;132;Gestão da Política Municipal de Segurança Alimentar e Nutricional;2120;Gestão da Assistência Alimentar e Nutricional às Entidades;3;Gerenciamento da Assistência Alimentar e Nutricional às Creches Conveniadas - Educação Infantil;1; 5.573.000,00 ; 2.989.491,13 ; 2.409.400,24 ; 2.201.261,86 
PDI;EIXO: Promoção de Direitos e Proteção Integral;ASS;SUB-EIXO: Assistência Social;EX;8;Assistência Social;306;Alimentação e Nutrição;132;Gestão da Política Municipal de Segurança Alimentar e Nutricional;2120;Gestão da Assistência Alimentar e Nutricional às Entidades;4;Gerenciamento da Assistência Alimentar e Nutricional às Entidades Infanto Juvenis;1; 1.100.000,00 ; 1.494.962,01 ; 1.203.770,25 ; 913.112,01 
PDI;EIXO: Promoção de Direitos e Proteção Integral;ASS;SUB-EIXO: Assistência Social;NEX;8;Assistência Social;452;Serviços Urbanos;236;Direito de Todos ;2856;Execução do Programa Meio Passe Estudantil;1;Concessão do Benefício para Estudantes Municipais do Ensino Médio e EJA;0,85; 2.125.000,00 ; 2.489.235,07 ; 2.489.235,07 ; 2.489.235,07 
PDI;EIXO: Promoção de Direitos e Proteção Integral;ASS;SUB-EIXO: Assistência Social;EX;11;Trabalho;333;Empregabilidade;236;Direito de Todos ;2331;Centro de Referência em Segurança Alimentar e Nutricional Sustentável;6;Programa Pão Escola;1; 282.691,00 ; 129.762,73 ; 118.216,03 ; 94.083,56 
PDI;EIXO: Promoção de Direitos e Proteção Integral;ASS;SUB-EIXO: Assistência Social;NEX;11;Trabalho;333;Empregabilidade;237;Qualificação, Profissionalização e Emprego;2404;Ações de Qualificação, Profissionalização e Emprego;1;Disponibilização de Vagas para o Programa Municipal de Qualificação, Emprego e Renda;0,25; 105.000,00 ; -   ; -   ; -   
PDI;EIXO: Promoção de Direitos e Proteção Integral;ASS;SUB-EIXO: Assistência Social;NEX;11;Trabalho;334;Fomento ao Trabalho;237;Qualificação, Profissionalização e Emprego;2404;Ações de Qualificação, Profissionalização e Emprego;1;Disponibilização de Vagas para o Programa Municipal de Qualificação, Emprego e Renda;0,25; 275.000,00 ; 161.072,51 ; 161.072,51 ; 161.072,51 
PDI;EIXO: Promoção de Direitos e Proteção Integral;ASS;SUB-EIXO: Assistência Social;NEX;11;Trabalho;334;Fomento ao Trabalho;237;Qualificação, Profissionalização e Emprego;2404;Ações de Qualificação, Profissionalização e Emprego;11;Economia Solidária - Apoio aos Grupos Produtivos e Trabalhadores Autônomos;0,25; 171.700,00 ; 55.803,07 ; 55.759,50 ; 54.043,50 
PDI;EIXO: Promoção de Direitos e Proteção Integral;ASS;SUB-EIXO: Assistência Social;NEX;11;Trabalho;334;Fomento ao Trabalho;237;Qualificação, Profissionalização e Emprego;2404;Ações de Qualificação, Profissionalização e Emprego;12;Manutenção dos Serviços de Intermediação ao Trabalho - Atendimento ao Trabalhador nos SINES;0,25; 774.235,00 ; 289.650,38 ; 277.953,08 ; 234.144,51 
PDI;EIXO: Promoção de Direitos e Proteção Integral;ASS;SUB-EIXO: Assistência Social;NEX;11;Trabalho;334;Fomento ao Trabalho;237;Qualificação, Profissionalização e Emprego;2404;Ações de Qualificação, Profissionalização e Emprego;19;Modernização dos Laboratórios da Escola Raimunda da Silva Soares;0,25; 98.750,00 ; 82.016,40 ; 75.178,73 ; 73.278,81 
PDI;EIXO: Promoção de Direitos e Proteção Integral;ASS;SUB-EIXO: Assistência Social;NEX;14;Direitos da Cidadania;422;Direitos Individuais, Coletivos e Difusos;241;Recomeço;2873;Apoio às Ações de Políticas sobre Drogas;1;Apoio as Ações de Políticas sobre Drogas;0,25; 128.875,00 ; -   ; -   ; -   
PDI;EIXO: Promoção de Direitos e Proteção Integral;ASS;SUB-EIXO: Assistência Social;NEX;19;Ciência e Tecnologia;126;Tecnologia da Informação;85;Gestão da Política de Tecnologia da Informação e Comunicação;2604;Centro de Recondicionamento de Computadores;1;Manutenção dos Centros de Inclusão Digital;0,25; 1.110.605,00 ; 381.951,71 ; 389.560,55 ; 367.199,34 
PDI;EIXO: Promoção de Direitos e Proteção Integral;ASS;SUB-EIXO: Assistência Social;NEX;19;Ciência e Tecnologia;126;Tecnologia da Informação;85;Gestão da Política de Tecnologia da Informação e Comunicação;2604;Centro de Recondicionamento de Computadores;2;Recondicionamento de Computadores;0,25; 1.250,00 ; -   ; -   ; -   
PDI;EIXO: Promoção de Direitos e Proteção Integral;ASS;SUB-EIXO: Assistência Social;NEX;19;Ciência e Tecnologia;126;Tecnologia da Informação;85;Gestão da Política de Tecnologia da Informação e Comunicação;2604;Centro de Recondicionamento de Computadores;3;Qualificação em TIC - Tecnologia da Informação e Comunicação;0,25; 3.142,00 ; 62,70 ; 62,70 ; 62,70 
PDI;EIXO: Promoção de Direitos e Proteção Integral;ASS;SUB-EIXO: Assistência Social;NEX;19;Ciência e Tecnologia;572;Desenvolvimento Tecnológico e Engenharia;85;Gestão da Política de Tecnologia da Informação e Comunicação;2602;Gerenciamento, Implantação e Atendimento de Serviços na RMI;1;Melhoria dos Processos de Suporte e Entrega a Serviços de TIC;0,25; 1.778.183,00 ; 2.662.840,52 ; 2.431.792,39 ; 2.169.479,84 
PDI;EIXO: Promoção de Direitos e Proteção Integral;ASS;SUB-EIXO: Assistência Social;NEX;19;Ciência e Tecnologia;572;Desenvolvimento Tecnológico e Engenharia;85;Gestão da Política de Tecnologia da Informação e Comunicação;2602;Gerenciamento, Implantação e Atendimento de Serviços na RMI;2;Adequação do Datacenter às Demandas de Serviços de TIC da PBH;0,25; 5.839.937,00 ; 5.966.696,20 ; 5.831.742,43 ; 5.562.613,28 
PDI;EIXO: Promoção de Direitos e Proteção Integral;ASS;SUB-EIXO: Assistência Social;NEX;19;Ciência e Tecnologia;572;Desenvolvimento Tecnológico e Engenharia;85;Gestão da Política de Tecnologia da Informação e Comunicação;2603;Implantação de Soluções e Modernização de Sistemas ;4;Estruturação de Ambientes para Desenvolvimento de Software;0,25; 9.383.499,00 ; 6.613.251,04 ; 6.538.931,47 ; 6.120.974,39 
PDI;EIXO: Promoção de Direitos e Proteção Integral;ASS;SUB-EIXO: Assistência Social;NEX;19;Ciência e Tecnologia;572;Desenvolvimento Tecnológico e Engenharia;85;Gestão da Política de Tecnologia da Informação e Comunicação;2603;Implantação de Soluções e Modernização de Sistemas ;5;Processo de Software da PBH;0,25; 250,00 ; -   ; -   ; -   
PDI;EIXO: Promoção de Direitos e Proteção Integral;ASS;SUB-EIXO: Assistência Social;NEX;19;Ciência e Tecnologia;572;Desenvolvimento Tecnológico e Engenharia;221;BH Digital;1373;Gestão do Plano Diretor de Informática;5;Internet Banda Larga Disponibilizada em Áreas de Vilas e Favelas ;0,25; 2.164.771,00 ; 578.094,69 ; 215.336,96 ; 214.299,96 
PDI;EIXO: Promoção de Direitos e Proteção Integral;DCI;SUB-EIXO: Direitos da Cidadania;NEX;14;Direitos da Cidadania;422;Direitos Individuais, Coletivos e Difusos;127;Promoção e Defesa de Direitos Humanos e Cidadania ;2334;Gestão Compartilhada e Participação Social;1;Coordenação e Participação em Fóruns Governamentais e GTs;0,25; 500,00 ; -   ; -   ; -   
PDI;EIXO: Promoção de Direitos e Proteção Integral;DCI;SUB-EIXO: Direitos da Cidadania;NEX;14;Direitos da Cidadania;422;Direitos Individuais, Coletivos e Difusos;127;Promoção e Defesa de Direitos Humanos e Cidadania ;2334;Gestão Compartilhada e Participação Social;2;Apoio aos Conselhos Municipais;0,25; 5.500,00 ; -   ; -   ; -   
PDI;EIXO: Promoção de Direitos e Proteção Integral;DCI;SUB-EIXO: Direitos da Cidadania;NEX;14;Direitos da Cidadania;422;Direitos Individuais, Coletivos e Difusos;127;Promoção e Defesa de Direitos Humanos e Cidadania ;2334;Gestão Compartilhada e Participação Social;13;Implantação do Observatório de Direitos Humanos de Belo Horizonte;0,25; 500,00 ; -   ; -   ; -   
PDI;EIXO: Promoção de Direitos e Proteção Integral;DCI;SUB-EIXO: Direitos da Cidadania;NEX;14;Direitos da Cidadania;422;Direitos Individuais, Coletivos e Difusos;127;Promoção e Defesa de Direitos Humanos e Cidadania ;2335;Educação Política em Direitos Humanos e Cidadania;1;Sensibilização de Agentes Públicos e Sociedade Civil;0,25; 56.750,00 ; 35.271,88 ; 29.936,88 ; 29.936,88 
PDI;EIXO: Promoção de Direitos e Proteção Integral;DCI;SUB-EIXO: Direitos da Cidadania;NEX;14;Direitos da Cidadania;422;Direitos Individuais, Coletivos e Difusos;127;Promoção e Defesa de Direitos Humanos e Cidadania ;2335;Educação Política em Direitos Humanos e Cidadania;2;Orientação em Direitos Humanos;0,25; 3.750,00 ; -   ; -   ; -   
PDI;EIXO: Promoção de Direitos e Proteção Integral;DCI;SUB-EIXO: Direitos da Cidadania;NEX;14;Direitos da Cidadania;422;Direitos Individuais, Coletivos e Difusos;127;Promoção e Defesa de Direitos Humanos e Cidadania ;2335;Educação Política em Direitos Humanos e Cidadania;3;Realização de Atividade de Orientação à Agentes Públicos para Melhor Atendimento ao Cidadão;0,25; 1.250,00 ; -   ; -   ; -   
PDI;EIXO: Promoção de Direitos e Proteção Integral;DCI;SUB-EIXO: Direitos da Cidadania;NEX;14;Direitos da Cidadania;422;Direitos Individuais, Coletivos e Difusos;127;Promoção e Defesa de Direitos Humanos e Cidadania ;2900;Serviços Administrativos e Financeiros;1;Serviços Administrativos e Financeiros ;0,25; 2.151.250,00 ; 1.563.314,80 ; 1.555.675,45 ; 1.552.536,00 
PDI;EIXO: Promoção de Direitos e Proteção Integral;DCI;SUB-EIXO: Direitos da Cidadania;EX;14;Direitos da Cidadania;422;Direitos Individuais, Coletivos e Difusos;163;Promoção e Proteção às Crianças e Adolescentes e suas Famílias ;2884;Programa BH: Crianças e Adolescentes Protegidos;1;Capacitação da Rede de Atenção à Criança e ao Adolescente, Sociedade Civil, Fóruns e Afins ;1; 3.500,00 ; -   ; -   ; -   
PDI;EIXO: Promoção de Direitos e Proteção Integral;DCI;SUB-EIXO: Direitos da Cidadania;EX;14;Direitos da Cidadania;422;Direitos Individuais, Coletivos e Difusos;163;Promoção e Proteção às Crianças e Adolescentes e suas Famílias ;2884;Programa BH: Crianças e Adolescentes Protegidos;3;Realização de Eventos e Campanhas para Mobilização Social e Informação;1; 51.000,00 ; -   ; -   ; -   
PDI;EIXO: Promoção de Direitos e Proteção Integral;DCI;SUB-EIXO: Direitos da Cidadania;EX;14;Direitos da Cidadania;422;Direitos Individuais, Coletivos e Difusos;163;Promoção e Proteção às Crianças e Adolescentes e suas Famílias ;2884;Programa BH: Crianças e Adolescentes Protegidos;6;Reestruturação e Aperfeiçoamento do Programa de Enfrentamento ao Abuso e Exploração Sexual;1; 4.500,00 ; -   ; -   ; -   
PDI;EIXO: Promoção de Direitos e Proteção Integral;DCI;SUB-EIXO: Direitos da Cidadania;NEX;14;Direitos da Cidadania;422;Direitos Individuais, Coletivos e Difusos;236;Direito de Todos ;2333;Promoção de Ações Afirmativas dos Movimentos Sociais;2;Apoio e Acompanhamento de Grupos da Economia Solidária;0,25; 132.625,00 ; 3.465,00 ; 2.520,00 ; 2.520,00 
PDI;EIXO: Promoção de Direitos e Proteção Integral;DCI;SUB-EIXO: Direitos da Cidadania;NEX;14;Direitos da Cidadania;422;Direitos Individuais, Coletivos e Difusos;236;Direito de Todos ;2333;Promoção de Ações Afirmativas dos Movimentos Sociais;3;Ações Afirmativas em Prol de Comunidades Tradicionais;0,25; 2.875,00 ; -   ; -   ; -   
PDI;EIXO: Promoção de Direitos e Proteção Integral;DCI;SUB-EIXO: Direitos da Cidadania;NEX;14;Direitos da Cidadania;422;Direitos Individuais, Coletivos e Difusos;236;Direito de Todos ;2333;Promoção de Ações Afirmativas dos Movimentos Sociais;4;Ações Afirmativas em Prol da Pessoa com Deficiência;0,25; 9.500,00 ; 4.088,48 ; 3.225,04 ; 2.719,15 
PDI;EIXO: Promoção de Direitos e Proteção Integral;DCI;SUB-EIXO: Direitos da Cidadania;NEX;14;Direitos da Cidadania;422;Direitos Individuais, Coletivos e Difusos;236;Direito de Todos ;2333;Promoção de Ações Afirmativas dos Movimentos Sociais;5;Ações Afirmativas de Promoção de Direitos e Combate à Violência Contra a Mulher;0,25; 5.250,00 ; -   ; -   ; -   
PDI;EIXO: Promoção de Direitos e Proteção Integral;DCI;SUB-EIXO: Direitos da Cidadania;NEX;14;Direitos da Cidadania;422;Direitos Individuais, Coletivos e Difusos;236;Direito de Todos ;2333;Promoção de Ações Afirmativas dos Movimentos Sociais;6;Realização de Atividades de Articulação das Redes de Direitos;0,25; 2.500,00 ; -   ; -   ; -   
PDI;EIXO: Promoção de Direitos e Proteção Integral;DCI;SUB-EIXO: Direitos da Cidadania;NEX;14;Direitos da Cidadania;422;Direitos Individuais, Coletivos e Difusos;236;Direito de Todos ;2333;Promoção de Ações Afirmativas dos Movimentos Sociais;8;Ações Afirmativas BH Cidadã: Sem Homofobia;0,25; 32.750,00 ; 15.987,50 ; 15.987,50 ; 15.987,50 
PDI;EIXO: Promoção de Direitos e Proteção Integral;DCI;SUB-EIXO: Direitos da Cidadania;NEX;14;Direitos da Cidadania;422;Direitos Individuais, Coletivos e Difusos;236;Direito de Todos ;2333;Promoção de Ações Afirmativas dos Movimentos Sociais;9;Instituição do Selo Promoção da Igualdade Racial;0,25; 750,00 ; -   ; -   ; -   
PDI;EIXO: Promoção de Direitos e Proteção Integral;DCI;SUB-EIXO: Direitos da Cidadania;NEX;14;Direitos da Cidadania;422;Direitos Individuais, Coletivos e Difusos;236;Direito de Todos ;2333;Promoção de Ações Afirmativas dos Movimentos Sociais;11;Realização de Diagnósticos sobre a Realidade das Comunidades Indígenas e Quilombolas da Cidade;0,25; 250,00 ; -   ; -   ; -   
PDI;EIXO: Promoção de Direitos e Proteção Integral;DCI;SUB-EIXO: Direitos da Cidadania;NEX;14;Direitos da Cidadania;422;Direitos Individuais, Coletivos e Difusos;236;Direito de Todos ;2335;Educação Política em Direitos Humanos e Cidadania;4;Orientação a Grupos Étnicos e Comunidades Raciais;0,25; 1.500,00 ; -   ; -   ; -   
PDI;EIXO: Promoção de Direitos e Proteção Integral;DCI;SUB-EIXO: Direitos da Cidadania;NEX;14;Direitos da Cidadania;422;Direitos Individuais, Coletivos e Difusos;236;Direito de Todos ;2345;Atendimento e Orientação Psicossocial e Jurídico ;2;Atendimento na Área de Orientação Jurídica e Conciliação de Conflitos no Âmbito do Juizado de Conciliação nos Espaços BH Cidadania;0,25; 500,00 ; -   ; -   ; -   
PDI;EIXO: Promoção de Direitos e Proteção Integral;DCI;SUB-EIXO: Direitos da Cidadania;NEX;14;Direitos da Cidadania;422;Direitos Individuais, Coletivos e Difusos;236;Direito de Todos ;2345;Atendimento e Orientação Psicossocial e Jurídico ;5;Atendimento Psicossocial e Jurídico à População LGBT;0,25; 2.500,00 ; -   ; -   ; -   
PDI;EIXO: Promoção de Direitos e Proteção Integral;DCI;SUB-EIXO: Direitos da Cidadania;NEX;14;Direitos da Cidadania;422;Direitos Individuais, Coletivos e Difusos;236;Direito de Todos ;2345;Atendimento e Orientação Psicossocial e Jurídico ;7;Atendimento psicossocial e jurídico à mulher em situação de violência de gênero - Benvinda;0,25; 13.000,00 ; 1.377,97 ; 1.202,97 ; 1.202,97 
PDI;EIXO: Promoção de Direitos e Proteção Integral;DCI;SUB-EIXO: Direitos da Cidadania;NEX;14;Direitos da Cidadania;422;Direitos Individuais, Coletivos e Difusos;236;Direito de Todos ;2819;Apoio à Promoção das Políticas da Juventude;1;Apoio à Promoção das Políticas da Juventude;0,25; 212.500,00 ; 36.468,86 ; 36.468,86 ; 36.468,86 
PDI;EIXO: Promoção de Direitos e Proteção Integral;DCI;SUB-EIXO: Direitos da Cidadania;NEX;14;Direitos da Cidadania;422;Direitos Individuais, Coletivos e Difusos;236;Direito de Todos ;2819;Apoio à Promoção das Políticas da Juventude;4;Realização de Fóruns da Juventude;0,25; 1.250,00 ; -   ; -   ; -   
PDI;EIXO: Promoção de Direitos e Proteção Integral;DCI;SUB-EIXO: Direitos da Cidadania;NEX;14;Direitos da Cidadania;422;Direitos Individuais, Coletivos e Difusos;236;Direito de Todos ;2819;Apoio à Promoção das Políticas da Juventude;6;Operacionalização do Centro de Referência da Juventude;0,25; 1.601.446,00 ; 90.134,08 ; 81.163,79 ; 77.846,09 
PVS;EIXO: Promovendo Vidas Saudavéis;HAB;SUB-EIXO: Habitação;NEX;16;Habitação;482;Habitação Urbana;64;Geração e Qualificação Habitacional em Áreas de Interesse Social;1207;Produção de Moradias;8;Gestão da Política Municipal de Habitação-PMH e Participação Popular;0,25; 665.000,00 ; 15.595,96 ; 15.595,96 ; 15.595,96 
PVS;EIXO: Promovendo Vidas Saudavéis;HAB;SUB-EIXO: Habitação;NEX;16;Habitação;482;Habitação Urbana;64;Geração e Qualificação Habitacional em Áreas de Interesse Social;1207;Produção de Moradias;10;Intervenções Especiais em Conjuntos Habitacionais;0,25; 139.250,00 ; 152.390,18 ; 152.390,18 ; 134.791,13 
PVS;EIXO: Promovendo Vidas Saudavéis;HAB;SUB-EIXO: Habitação;NEX;16;Habitação;482;Habitação Urbana;64;Geração e Qualificação Habitacional em Áreas de Interesse Social;1231;Melhorias Urbanas em Assentamentos Precários;1;Melhorias Urbanas em Assentamentos Precários;0,25; 1.268.834,00 ; 386.338,27 ; 337.343,97 ; 322.323,10 
PVS;EIXO: Promovendo Vidas Saudavéis;HAB;SUB-EIXO: Habitação;NEX;16;Habitação;482;Habitação Urbana;64;Geração e Qualificação Habitacional em Áreas de Interesse Social;1231;Melhorias Urbanas em Assentamentos Precários;3;Outras Intervenções em Assentamentos Precários;0,25; 513.000,00 ; -   ; -   ; -   
PVS;EIXO: Promovendo Vidas Saudavéis;HAB;SUB-EIXO: Habitação;NEX;16;Habitação;482;Habitação Urbana;64;Geração e Qualificação Habitacional em Áreas de Interesse Social;1231;Melhorias Urbanas em Assentamentos Precários;8;Ações Sociais em Assentamentos Precários;0,25; 1.250,00 ; -   ; -   ; -   
PVS;EIXO: Promovendo Vidas Saudavéis;HAB;SUB-EIXO: Habitação;NEX;16;Habitação;482;Habitação Urbana;64;Geração e Qualificação Habitacional em Áreas de Interesse Social;1231;Melhorias Urbanas em Assentamentos Precários;25;Reassentamento/Indenizações;0,25; 689.302,00 ; 44.502,47 ; 44.502,47 ; 44.502,47 
PVS;EIXO: Promovendo Vidas Saudavéis;HAB;SUB-EIXO: Habitação;NEX;16;Habitação;482;Habitação Urbana;64;Geração e Qualificação Habitacional em Áreas de Interesse Social;2792;Programa Bolsa Moradia;1;Programa Bolsa Moradia;0,25; 2.171.875,00 ; 508.500,00 ; 508.500,00 ; 508.500,00 
PVS;EIXO: Promovendo Vidas Saudavéis;HAB;SUB-EIXO: Habitação;NEX;16;Habitação;482;Habitação Urbana;64;Geração e Qualificação Habitacional em Áreas de Interesse Social;2792;Programa Bolsa Moradia;2;Programa Bolsa Moradia - Risco;0,25; 884.375,00 ; 375.750,00 ; 375.750,00 ; 375.750,00 
PVS;EIXO: Promovendo Vidas Saudavéis;HAB;SUB-EIXO: Habitação;NEX;16;Habitação;482;Habitação Urbana;64;Geração e Qualificação Habitacional em Áreas de Interesse Social;2792;Programa Bolsa Moradia;3;Programa Bolsa Moradia - Obras Vila Viva;0,25; 1.165.700,00 ; 1.028.225,00 ; 1.028.225,00 ; 1.028.225,00 
PVS;EIXO: Promovendo Vidas Saudavéis;HAB;SUB-EIXO: Habitação;NEX;16;Habitação;482;Habitação Urbana;64;Geração e Qualificação Habitacional em Áreas de Interesse Social;2792;Programa Bolsa Moradia;5;Programa Bolsa Moradia - Implantação do Corta Caminho;0,25; 251.000,00 ; 60.875,00 ; 60.875,00 ; 60.875,00 
PVS;EIXO: Promovendo Vidas Saudavéis;HAB;SUB-EIXO: Habitação;NEX;16;Habitação;482;Habitação Urbana;209;Implantação do Corta Caminho ;1330;Implantação do Corta Caminho;1;Ações Sociais;0,25; 750,00 ; -   ; -   ; -   
PVS;EIXO: Promovendo Vidas Saudavéis;HAB;SUB-EIXO: Habitação;NEX;16;Habitação;482;Habitação Urbana;209;Implantação do Corta Caminho ;1330;Implantação do Corta Caminho;2; Construção de Unidades Habitacionais - Anel Rodoviário;0,25; 835.750,00 ; -   ; -   ; -   
PVS;EIXO: Promovendo Vidas Saudavéis;HAB;SUB-EIXO: Habitação;NEX;16;Habitação;482;Habitação Urbana;209;Implantação do Corta Caminho ;1330;Implantação do Corta Caminho;3;Via 710 - Reassentamento/Indenizações;0,25; 388.100,00 ; 73.832,19 ; 73.832,19 ; 73.832,19 
PVS;EIXO: Promovendo Vidas Saudavéis;HAB;SUB-EIXO: Habitação;NEX;16;Habitação;482;Habitação Urbana;209;Implantação do Corta Caminho ;1330;Implantação do Corta Caminho;6;Consultoria e Serviços Técnicos;0,25; 69.000,00 ; -   ; -   ; -   
PVS;EIXO: Promovendo Vidas Saudavéis;HAB;SUB-EIXO: Habitação;NEX;16;Habitação;482;Habitação Urbana;209;Implantação do Corta Caminho ;1330;Implantação do Corta Caminho;8;Revitalização Anel Rodoviário - Recuperação Assentamentos Precários;0,25; 750,00 ; -   ; -   ; -   
PVS;EIXO: Promovendo Vidas Saudavéis;HAB;SUB-EIXO: Habitação;NEX;16;Habitação;482;Habitação Urbana;225;Vila Viva;1231;Melhorias Urbanas em Assentamentos Precários;1;Melhorias Urbanas em Assentamentos Precários;0,25; 13.077.241,00 ; 2.244.337,42 ; 2.163.531,01 ; 1.703.503,72 
PVS;EIXO: Promovendo Vidas Saudavéis;HAB;SUB-EIXO: Habitação;NEX;16;Habitação;482;Habitação Urbana;225;Vila Viva;1231;Melhorias Urbanas em Assentamentos Precários;3;Outras Intervenções em Assentamentos Precários;0,25; 426.500,00 ; 152.628,18 ; 152.628,18 ; 137.789,65 
PVS;EIXO: Promovendo Vidas Saudavéis;HAB;SUB-EIXO: Habitação;NEX;16;Habitação;482;Habitação Urbana;225;Vila Viva;1231;Melhorias Urbanas em Assentamentos Precários;4;Orçamento Participativo - Empreendimento;0,25; 7.270.636,00 ; 1.394.528,00 ; 1.394.528,00 ; 1.391.451,45 
PVS;EIXO: Promovendo Vidas Saudavéis;HAB;SUB-EIXO: Habitação;NEX;16;Habitação;482;Habitação Urbana;225;Vila Viva;1231;Melhorias Urbanas em Assentamentos Precários;5;Planos Globais Específicos;0,25; 211.975,00 ; 88.160,58 ; 88.160,58 ; 88.160,58 
PVS;EIXO: Promovendo Vidas Saudavéis;HAB;SUB-EIXO: Habitação;NEX;16;Habitação;482;Habitação Urbana;225;Vila Viva;1231;Melhorias Urbanas em Assentamentos Precários;6;Apoio Técnico a Projeto ou Obra;0,25; 163.000,00 ; 120.213,43 ; 120.213,43 ; 120.213,43 
PVS;EIXO: Promovendo Vidas Saudavéis;HAB;SUB-EIXO: Habitação;NEX;16;Habitação;482;Habitação Urbana;225;Vila Viva;1231;Melhorias Urbanas em Assentamentos Precários;7;Plano de Regularização Urbanística;0,25; 382.750,00 ; 207.171,18 ; 207.171,18 ; 207.171,18 
PVS;EIXO: Promovendo Vidas Saudavéis;HAB;SUB-EIXO: Habitação;NEX;16;Habitação;482;Habitação Urbana;225;Vila Viva;1231;Melhorias Urbanas em Assentamentos Precários;8;Ações Sociais em Assentamentos Precários;0,25; 1.499.500,00 ; 310.729,68 ; 310.729,68 ; 245.361,64 
PVS;EIXO: Promovendo Vidas Saudavéis;HAB;SUB-EIXO: Habitação;NEX;16;Habitação;482;Habitação Urbana;225;Vila Viva;1231;Melhorias Urbanas em Assentamentos Precários;9;Implantação do Vila Viva - Morro das Pedras;0,25; 1.137.619,00 ; 410.476,56 ; 410.476,56 ; 401.490,31 
PVS;EIXO: Promovendo Vidas Saudavéis;HAB;SUB-EIXO: Habitação;NEX;16;Habitação;482;Habitação Urbana;225;Vila Viva;1231;Melhorias Urbanas em Assentamentos Precários;10;Implantação do Vila Viva - Taquaril;0,25; 8.417.500,00 ; 2.993.279,18 ; 2.993.279,18 ; 2.822.804,66 
PVS;EIXO: Promovendo Vidas Saudavéis;HAB;SUB-EIXO: Habitação;NEX;16;Habitação;482;Habitação Urbana;225;Vila Viva;1231;Melhorias Urbanas em Assentamentos Precários;11;Implantação do Vila Viva - Califórnia;0,25; 45.500,00 ; 70.123,14 ; 70.123,14 ; 70.123,14 
PVS;EIXO: Promovendo Vidas Saudavéis;HAB;SUB-EIXO: Habitação;NEX;16;Habitação;482;Habitação Urbana;225;Vila Viva;1231;Melhorias Urbanas em Assentamentos Precários;13;Implantação do Vila Viva - Vila Pedreira Prado Lopes;0,25; 1.451.375,00 ; 527.598,74 ; 527.598,74 ; 527.598,74 
PVS;EIXO: Promovendo Vidas Saudavéis;HAB;SUB-EIXO: Habitação;NEX;16;Habitação;482;Habitação Urbana;225;Vila Viva;1231;Melhorias Urbanas em Assentamentos Precários;14;Implantação do Vila Viva - Vila Cemig/Alto das Antenas;0,25; 944.043,00 ; 393.549,48 ; 393.549,48 ; 393.549,48 
PVS;EIXO: Promovendo Vidas Saudavéis;HAB;SUB-EIXO: Habitação;NEX;16;Habitação;482;Habitação Urbana;225;Vila Viva;1231;Melhorias Urbanas em Assentamentos Precários;15;Implantação do Vila Viva - Aglomerado Aeroporto/São Tomaz;0,25; 3.030.250,00 ; 499.070,80 ; 499.070,80 ; 499.070,80 
PVS;EIXO: Promovendo Vidas Saudavéis;HAB;SUB-EIXO: Habitação;NEX;16;Habitação;482;Habitação Urbana;225;Vila Viva;1231;Melhorias Urbanas em Assentamentos Precários;18;Implantação do Vila Viva - Aglomerado da Serra;0,25; 1.527.725,00 ; 1.974.350,45 ; 1.974.350,45 ; 1.864.535,52 
PVS;EIXO: Promovendo Vidas Saudavéis;HAB;SUB-EIXO: Habitação;NEX;16;Habitação;482;Habitação Urbana;225;Vila Viva;1231;Melhorias Urbanas em Assentamentos Precários;19;Implantação do Vila Viva - Aglomerado Santa Lúcia;0,25; 9.487.502,00 ; 4.257.700,66 ; 4.257.700,66 ; 4.257.700,66 
PVS;EIXO: Promovendo Vidas Saudavéis;HAB;SUB-EIXO: Habitação;NEX;16;Habitação;482;Habitação Urbana;225;Vila Viva;1231;Melhorias Urbanas em Assentamentos Precários;20;Regularização de Domícílios;0,25; 1.339.000,00 ; -   ; -   ; -   
PVS;EIXO: Promovendo Vidas Saudavéis;HAB;SUB-EIXO: Habitação;NEX;16;Habitação;482;Habitação Urbana;225;Vila Viva;1231;Melhorias Urbanas em Assentamentos Precários;22;Eliminação das Situações de Risco Muito Alto e Alto;0,25; 5.720.750,00 ; 1.572.271,43 ; 1.572.271,43 ; 1.505.145,32 
PVS;EIXO: Promovendo Vidas Saudavéis;HAB;SUB-EIXO: Habitação;NEX;16;Habitação;482;Habitação Urbana;225;Vila Viva;1231;Melhorias Urbanas em Assentamentos Precários;23;Obras de Manutenção em Assentamentos Precários;0,25; 2.250.250,00 ; -   ; -   ; -   
PVS;EIXO: Promovendo Vidas Saudavéis;HAB;SUB-EIXO: Habitação;NEX;16;Habitação;482;Habitação Urbana;225;Vila Viva;1231;Melhorias Urbanas em Assentamentos Precários;25;Reassentamento/Indenizações;0,25; 1.768.500,00 ; 136.496,35 ; 136.496,35 ; 68.390,40 
PVS;EIXO: Promovendo Vidas Saudavéis;HAB;SUB-EIXO: Habitação;NEX;16;Habitação;482;Habitação Urbana;225;Vila Viva;1231;Melhorias Urbanas em Assentamentos Precários;26;Reassentamento/Indenizações - Programa Vila Viva;0,25; 1.284.000,00 ; 244.825,30 ; 244.825,30 ; 231.967,55 
PVS;EIXO: Promovendo Vidas Saudavéis;HAB;SUB-EIXO: Habitação;NEX;16;Habitação;482;Habitação Urbana;226;Habitação ;1207;Produção de Moradias;3;Produção de Moradias do Programa Minha Casa Minha Vida;0,25; 21.998.100,00 ; 113.339,69 ; 113.339,69 ; 113.339,69 
PVS;EIXO: Promovendo Vidas Saudavéis;HAB;SUB-EIXO: Habitação;NEX;16;Habitação;482;Habitação Urbana;226;Habitação ;1207;Produção de Moradias;7;Acompanhamento Social de Famílias do Programa Minha Casa Minha Vida;0,25; 1.884.000,00 ; 390.043,26 ; 390.043,26 ; 273.824,23 
PVS;EIXO: Promovendo Vidas Saudavéis;HAB;SUB-EIXO: Habitação;NEX;16;Habitação;482;Habitação Urbana;226;Habitação ;1207;Produção de Moradias;8;Gestão da Política Municipal de Habitação-PMH e Participação Popular;0,25; 208.000,00 ; 67.007,82 ; 67.007,82 ; 67.007,82 
PVS;EIXO: Promovendo Vidas Saudavéis;HAB;SUB-EIXO: Habitação;NEX;16;Habitação;482;Habitação Urbana;226;Habitação ;1207;Produção de Moradias;11;Regularização de Moradias implantadas pela PBH no período de 1993 a 2012;0,25; 37.500,00 ; 52.063,47 ; 52.063,47 ; 52.063,47 
PVS;EIXO: Promovendo Vidas Saudavéis;HAB;SUB-EIXO: Habitação;NEX;16;Habitação;482;Habitação Urbana;226;Habitação ;1207;Produção de Moradias;12;Titulação de Moradias implantadas pela PBH no período 1993-2012;0,25; 37.500,00 ; -   ; -   ; -   
PVS;EIXO: Promovendo Vidas Saudavéis;HAB;SUB-EIXO: Habitação;NEX;16;Habitação;482;Habitação Urbana;226;Habitação ;1207;Produção de Moradias;18; Reassentamento/Indenizações;0,25; 353.000,00 ; -   ; -   ; -   
PVS;EIXO: Promovendo Vidas Saudavéis;HAB;SUB-EIXO: Habitação;NEX;16;Habitação;482;Habitação Urbana;234;BH Cidadania  e o SUAS - Sistema Único de Assistência Social ;1231;Melhorias Urbanas em Assentamentos Precários;1;Melhorias Urbanas em Assentamentos Precários;0,25; 5.750,00 ; -   ; -   ; -   
PVS;EIXO: Promovendo Vidas Saudavéis;HAB;SUB-EIXO: Habitação;NEX;16;Habitação;482;Habitação Urbana;234;BH Cidadania  e o SUAS - Sistema Único de Assistência Social ;1231;Melhorias Urbanas em Assentamentos Precários;32;Projetos e Obras de Melhorias Habitacionais;0,25; 100.401,00 ; -   ; -   ; -   
PVS;EIXO: Promovendo Vidas Saudavéis;HAB;SUB-EIXO: Habitação;NEX;16;Habitação;482;Habitação Urbana;234;BH Cidadania  e o SUAS - Sistema Único de Assistência Social ;1231;Melhorias Urbanas em Assentamentos Precários;34;"Atendimento ampliado kit de acessibilidade ""kit Idoso"" às famílias de pessoas com deficiência ";0,25; 100.000,00 ; -   ; -   ; -   
PVS;EIXO: Promovendo Vidas Saudavéis;SAN;SUB-EIXO: Saneamento;NEX;17;Saneamento;512;Saneamento Básico Urbano;46;Operacionalização e Modernização da Limpeza Pública;2537;Tratamento e Destinação de Resíduos Sólidos;1;Serviços de Operação de Áreas de Manejo, de Remoção e Destinação de Resíduos de Construção Civil;0,25; 3.954.049,00 ; 1.793.064,91 ; 1.604.486,16 ; 1.604.486,16 
PVS;EIXO: Promovendo Vidas Saudavéis;SAN;SUB-EIXO: Saneamento;NEX;17;Saneamento;512;Saneamento Básico Urbano;46;Operacionalização e Modernização da Limpeza Pública;2537;Tratamento e Destinação de Resíduos Sólidos;2;Reestruturação da Infraestrutura para Triagem de Materiais Recicláveis;0,25; 150.000,00 ; -   ; -   ; -   
PVS;EIXO: Promovendo Vidas Saudavéis;SAN;SUB-EIXO: Saneamento;NEX;17;Saneamento;512;Saneamento Básico Urbano;46;Operacionalização e Modernização da Limpeza Pública;2537;Tratamento e Destinação de Resíduos Sólidos;3;Transbordo de Resíduos Sólidos;0,25; 1.672.595,00 ; 106.505,35 ; 106.505,35 ; 106.505,35 
PVS;EIXO: Promovendo Vidas Saudavéis;SAN;SUB-EIXO: Saneamento;NEX;17;Saneamento;512;Saneamento Básico Urbano;46;Operacionalização e Modernização da Limpeza Pública;2537;Tratamento e Destinação de Resíduos Sólidos;11;Aterragem de Resíduos Sólidos;0,25; 6.540.657,00 ; 7.384.515,51 ; 6.681.965,51 ; 6.681.965,51 
PVS;EIXO: Promovendo Vidas Saudavéis;SAN;SUB-EIXO: Saneamento;NEX;17;Saneamento;512;Saneamento Básico Urbano;46;Operacionalização e Modernização da Limpeza Pública;2539;Execução dos Serviços de Limpeza Urbana;3;Limpeza de Áreas Públicas Decorrentes de Grandes Eventos;0,25; 771.047,00 ; 623.371,79 ; 566.976,74 ; 566.976,74 
PVS;EIXO: Promovendo Vidas Saudavéis;SAN;SUB-EIXO: Saneamento;NEX;17;Saneamento;512;Saneamento Básico Urbano;46;Operacionalização e Modernização da Limpeza Pública;2539;Execução dos Serviços de Limpeza Urbana;4;Cobertura dos Serviços de Limpeza de Vias em Áreas Urbanas;0,25; 23.607.927,00 ; 22.088.326,51 ; 20.264.514,68 ; 20.264.514,68 
PVS;EIXO: Promovendo Vidas Saudavéis;SAN;SUB-EIXO: Saneamento;NEX;17;Saneamento;512;Saneamento Básico Urbano;46;Operacionalização e Modernização da Limpeza Pública;2539;Execução dos Serviços de Limpeza Urbana;5;Gerenciamento da Central de Tratamento de Resíduos Sólidos;0,25; 1.798.750,00 ; 1.578.573,68 ; 1.439.992,95 ; 1.388.958,21 
PVS;EIXO: Promovendo Vidas Saudavéis;SAN;SUB-EIXO: Saneamento;NEX;17;Saneamento;512;Saneamento Básico Urbano;46;Operacionalização e Modernização da Limpeza Pública;2539;Execução dos Serviços de Limpeza Urbana;7;Execução de Serviços de Limpeza Urbana - Multitarefa;0,25; 9.364.273,00 ; 6.224.548,36 ; 5.798.550,33 ; 5.798.550,33 
PVS;EIXO: Promovendo Vidas Saudavéis;SAN;SUB-EIXO: Saneamento;NEX;17;Saneamento;512;Saneamento Básico Urbano;46;Operacionalização e Modernização da Limpeza Pública;2900;Serviços Administrativos e Financeiros;1;Serviços Administrativos e Financeiros ;0,25; 31.868.713,00 ; 29.282.237,02 ; 28.566.697,99 ; 28.356.132,77 
PVS;EIXO: Promovendo Vidas Saudavéis;SAN;SUB-EIXO: Saneamento;NEX;17;Saneamento;512;Saneamento Básico Urbano;66;Saneamento e Tratamento de Fundos de Vale;1203;Drenagem e Tratamento de Fundos de Vale;1;Drenagem e Tratamento de Fundos de Vale   ;0,25; 10.554.088,00 ; 1.416.692,11 ; 1.416.692,11 ; 1.359.531,68 
PVS;EIXO: Promovendo Vidas Saudavéis;SAN;SUB-EIXO: Saneamento;NEX;17;Saneamento;512;Saneamento Básico Urbano;225;Vila Viva;1231;Melhorias Urbanas em Assentamentos Precários;16;Implantação do Vila Viva - Complexo Várzea da Palma;0,25; 2.004.246,00 ; 1.435.835,74 ; 1.427.091,93 ; 1.113.235,22 
PVS;EIXO: Promovendo Vidas Saudavéis;SAN;SUB-EIXO: Saneamento;NEX;17;Saneamento;512;Saneamento Básico Urbano;228;Coleta, Destinação e Tratamento de Resíduos Sólidos ;2538;Execução dos Serviços de Coleta de Resíduos;1;Coleta de Resíduos Sólidos;0,25; 25.163.097,00 ; 22.107.301,33 ; 20.832.099,56 ; 20.832.099,56 
PVS;EIXO: Promovendo Vidas Saudavéis;SAN;SUB-EIXO: Saneamento;NEX;17;Saneamento;512;Saneamento Básico Urbano;228;Coleta, Destinação e Tratamento de Resíduos Sólidos ;2538;Execução dos Serviços de Coleta de Resíduos;2;Serviços de Coleta Seletiva na modalidade ponto a ponto;0,25; 2.500,00 ; -   ; -   ; -   
PVS;EIXO: Promovendo Vidas Saudavéis;SAN;SUB-EIXO: Saneamento;NEX;17;Saneamento;512;Saneamento Básico Urbano;228;Coleta, Destinação e Tratamento de Resíduos Sólidos ;2539;Execução dos Serviços de Limpeza Urbana;2;Instalação e Manutenção de Cestos Coletores;0,25; 510.842,00 ; 332.938,41 ; 306.910,80 ; 296.747,51 
PVS;EIXO: Promovendo Vidas Saudavéis;SAN;SUB-EIXO: Saneamento;NEX;17;Saneamento;512;Saneamento Básico Urbano;233;Manutenção da Cidade;1203;Drenagem e Tratamento de Fundos de Vale;3;Serviços e Obras de Conteção e Manutenção em Redes de Drenagem Pluvial;0,25; 6.502.741,00 ; 2.568.375,23 ; 2.558.355,30 ; 2.482.888,93 
PVS;EIXO: Promovendo Vidas Saudavéis;SAN;SUB-EIXO: Saneamento;NEX;17;Saneamento;512;Saneamento Básico Urbano;243;Gestão Ambiental;1203;Drenagem e Tratamento de Fundos de Vale;1;Drenagem e Tratamento de Fundos de Vale   ;0,25; 112.673.280,00 ; 8.586.492,28 ; 8.420.717,73 ; 5.891.408,09 
PVS;EIXO: Promovendo Vidas Saudavéis;SAN;SUB-EIXO: Saneamento;NEX;17;Saneamento;512;Saneamento Básico Urbano;243;Gestão Ambiental;1307;Implantação do Programa DRENURBS;1;Implantação do Programa DRENURBS;0,25; 283.678,00 ; 201.822,20 ; 201.822,20 ; 197.464,92 
PVS;EIXO: Promovendo Vidas Saudavéis;SAN;SUB-EIXO: Saneamento;NEX;17;Saneamento;512;Saneamento Básico Urbano;243;Gestão Ambiental;1307;Implantação do Programa DRENURBS;2;Recuperação Ambiental do Córrego Bonsucesso;0,25; 11.186.679,00 ; 801.551,88 ; 772.647,37 ; 740.805,45 
PVS;EIXO: Promovendo Vidas Saudavéis;SAN;SUB-EIXO: Saneamento;NEX;17;Saneamento;512;Saneamento Básico Urbano;243;Gestão Ambiental;1307;Implantação do Programa DRENURBS;3;Implantação do Drenurbs - custeios gerais;0,25; 16.250,00 ; -   ; -   ; -   
PVS;EIXO: Promovendo Vidas Saudavéis;SAU;SUB-EIXO: Saúde;NEX;10;Saúde;122;Administração Geral;30;Atendimento Ambulatorial, Emergencial e Hospitalar;2900;Serviços Administrativos e Financeiros;1;Serviços Administrativos e Financeiros ;0,25; 8.642.050,00 ; 7.498.750,47 ; 6.310.650,71 ; 5.996.497,82 
PVS;EIXO: Promovendo Vidas Saudavéis;SAU;SUB-EIXO: Saúde;NEX;10;Saúde;122;Administração Geral;114;Rede de Cuidados Especializados Complementares à Saúde;2891;Rede Própria de Cuidados Especializados Complementares à Saúde - Ambulatorial;6;Gestão de Recursos Humanos;0,25; 28.065.250,00 ; 25.892.418,81 ; 25.892.418,81 ; 25.892.418,81 
PVS;EIXO: Promovendo Vidas Saudavéis;SAU;SUB-EIXO: Saúde;NEX;10;Saúde;122;Administração Geral;117;Gestão do SUS-BH;2662;Gestão do SUS-BH;1;Manutenção e Modernização dos Sistemas de Informação em Saúde na PBH;0,25; 2.821.600,00 ; 319.849,77 ; 271.732,42 ; 211.988,30 
PVS;EIXO: Promovendo Vidas Saudavéis;SAU;SUB-EIXO: Saúde;NEX;10;Saúde;122;Administração Geral;117;Gestão do SUS-BH;2662;Gestão do SUS-BH;5;Incorporação de Tecnologia de Informação e Comunicação para Área de Urgência da SMSA-PMAT IV. ;0,25; 115.000,00 ; -   ; -   ; -   
PVS;EIXO: Promovendo Vidas Saudavéis;SAU;SUB-EIXO: Saúde;NEX;10;Saúde;122;Administração Geral;117;Gestão do SUS-BH;2662;Gestão do SUS-BH;6;Sitema de Gestão da Regulação - PMAT IV;0,25; 1.427.500,00 ; 386.587,50 ; 325.373,85 ; 288.463,60 
PVS;EIXO: Promovendo Vidas Saudavéis;SAU;SUB-EIXO: Saúde;NEX;10;Saúde;122;Administração Geral;117;Gestão do SUS-BH;2662;Gestão do SUS-BH;7;Evolução Tecnológica do SISREDE - PMAT IV.;0,25; 206.822,00 ; 780.640,51 ; 780.640,51 ; 780.640,51 
PVS;EIXO: Promovendo Vidas Saudavéis;SAU;SUB-EIXO: Saúde;NEX;10;Saúde;122;Administração Geral;117;Gestão do SUS-BH;2662;Gestão do SUS-BH;8;Coleta Móvel de Dados pelos ACS's - PMAT IV.;0,25; 375.000,00 ; -   ; -   ; -   
PVS;EIXO: Promovendo Vidas Saudavéis;SAU;SUB-EIXO: Saúde;NEX;10;Saúde;122;Administração Geral;117;Gestão do SUS-BH;2662;Gestão do SUS-BH;9;Infraestrutura de Tecnologia de Informação e Comunicação do Hospital Metropolitano.;0,25; 183.750,00 ; 71.125,00 ; 71.125,00 ; 71.125,00 
PVS;EIXO: Promovendo Vidas Saudavéis;SAU;SUB-EIXO: Saúde;NEX;10;Saúde;122;Administração Geral;117;Gestão do SUS-BH;2895;Suporte Logístico;3;Serviços de Apoio à Rede Própria do SUS-BH;0,25; 34.448.798,00 ; 26.924.451,13 ; 22.134.677,81 ; 17.551.872,46 
PVS;EIXO: Promovendo Vidas Saudavéis;SAU;SUB-EIXO: Saúde;NEX;10;Saúde;122;Administração Geral;117;Gestão do SUS-BH;2895;Suporte Logístico;4;Manutenção dos Equipamentos, Mobiliários e Prediais;0,25; 1.103.050,00 ; 18.629,78 ; 8.009,84 ; -   
PVS;EIXO: Promovendo Vidas Saudavéis;SAU;SUB-EIXO: Saúde;NEX;10;Saúde;122;Administração Geral;117;Gestão do SUS-BH;2895;Suporte Logístico;5;Gestão dos Recursos Humanos;0,25; 74.856.500,00 ; 73.991.524,83 ; 72.961.781,82 ; 72.833.774,72 
PVS;EIXO: Promovendo Vidas Saudavéis;SAU;SUB-EIXO: Saúde;NEX;10;Saúde;122;Administração Geral;157;Atenção Primária à Saúde (APS);2690;Saúde da Família;10;Gestão de Recursos Humanos;0,25; 131.553.000,00 ; 123.919.578,59 ; 123.919.578,59 ; 123.919.578,59 
PVS;EIXO: Promovendo Vidas Saudavéis;SAU;SUB-EIXO: Saúde;NEX;10;Saúde;122;Administração Geral;204;Gestão e Regionalização da Saúde ;1216;Construção, Ampliação e Reforma de Unidades de Saúde;1;Construção, Ampliação e Reforma de Unidades de Saúde;0,25; 18.196.025,00 ; 1.333.373,52 ; 1.300.370,35 ; 1.136.573,56 
PVS;EIXO: Promovendo Vidas Saudavéis;SAU;SUB-EIXO: Saúde;NEX;10;Saúde;122;Administração Geral;204;Gestão e Regionalização da Saúde ;2334;Gestão Compartilhada e Participação Social;2;Apoio aos Conselhos Municipais;0,25; 262.594,00 ; 41.848,40 ; 28.940,25 ; 22.440,25 
PVS;EIXO: Promovendo Vidas Saudavéis;SAU;SUB-EIXO: Saúde;NEX;10;Saúde;122;Administração Geral;204;Gestão e Regionalização da Saúde ;2334;Gestão Compartilhada e Participação Social;24;Capacitação de Conselheiros ;0,25; 141.750,00 ; -   ; -   ; -   
PVS;EIXO: Promovendo Vidas Saudavéis;SAU;SUB-EIXO: Saúde;NEX;10;Saúde;128;Formação de Recursos Humanos;30;Atendimento Ambulatorial, Emergencial e Hospitalar;2176;Gestão do Trabalho, Ensino e Pesquisa;1;Gerenciamento do Sistema de Recursos Humanos;0,25; 3.907.459,00 ; 3.581.630,48 ; 3.544.018,88 ; 3.500.304,34 
PVS;EIXO: Promovendo Vidas Saudavéis;SAU;SUB-EIXO: Saúde;NEX;10;Saúde;301;Atenção Básica;157;Atenção Primária à Saúde (APS);2690;Saúde da Família;1;Atendimento da População na Atenção Primária à Saúde do SUS-BH;0,25; 23.593.273,00 ; 27.365.542,10 ; 22.935.498,99 ; 17.423.437,33 
PVS;EIXO: Promovendo Vidas Saudavéis;SAU;SUB-EIXO: Saúde;NEX;10;Saúde;301;Atenção Básica;157;Atenção Primária à Saúde (APS);2690;Saúde da Família;10;Gestão de Recursos Humanos;0,25; 31.416.186,00 ; 11.827.562,06 ; 11.827.562,06 ; 11.649.024,80 
PVS;EIXO: Promovendo Vidas Saudavéis;SAU;SUB-EIXO: Saúde;NEX;10;Saúde;301;Atenção Básica;202;Saúde da Família ;1371;Parcerias Público Privadas, Concessões e Operações Urbanas;6;Centros de Saúde/Unidades Básicas de Saúde em Funcionamento - Qualificação da infraestrutura;0,25; 12.696.975,00 ; -   ; -   ; -   
PVS;EIXO: Promovendo Vidas Saudavéis;SAU;SUB-EIXO: Saúde;NEX;10;Saúde;302;Assistência Hospitalar e Ambulatorial;30;Atendimento Ambulatorial, Emergencial e Hospitalar;2616;Gestão da Assistência Hospitalar e Ambulatorial;1;Assistência Hospitalar e Ambulatorial;0,25; 17.142.909,00 ; 15.197.268,13 ; 14.275.524,09 ; 13.780.030,30 
PVS;EIXO: Promovendo Vidas Saudavéis;SAU;SUB-EIXO: Saúde;EX;10;Saúde;302;Assistência Hospitalar e Ambulatorial;30;Atendimento Ambulatorial, Emergencial e Hospitalar;2616;Gestão da Assistência Hospitalar e Ambulatorial;2;Unidade Materno Infantil;1; 13.200.000,00 ; -   ; -   ; -   
PVS;EIXO: Promovendo Vidas Saudavéis;SAU;SUB-EIXO: Saúde;NEX;10;Saúde;302;Assistência Hospitalar e Ambulatorial;30;Atendimento Ambulatorial, Emergencial e Hospitalar;2620;Gestão Técnico-Hospitalar;1;Gestão Técnico-Hospitalar;0,25; 12.364.744,00 ; 9.676.546,14 ; 8.633.507,21 ; 8.154.741,04 
PVS;EIXO: Promovendo Vidas Saudavéis;SAU;SUB-EIXO: Saúde;NEX;10;Saúde;302;Assistência Hospitalar e Ambulatorial;30;Atendimento Ambulatorial, Emergencial e Hospitalar;2875;Gestão da Atenção à Urgência;1;Pronto Socorro do HOB;0,25; 30.027.248,00 ; 34.130.012,32 ; 32.051.318,35 ; 31.576.144,03 
PVS;EIXO: Promovendo Vidas Saudavéis;SAU;SUB-EIXO: Saúde;NEX;10;Saúde;302;Assistência Hospitalar e Ambulatorial;30;Atendimento Ambulatorial, Emergencial e Hospitalar;2875;Gestão da Atenção à Urgência;2;Unidade Nossa Senhora Aparecida;0,25; 1.752.459,00 ; 1.354.555,47 ; 888.861,36 ; 767.047,63 
PVS;EIXO: Promovendo Vidas Saudavéis;SAU;SUB-EIXO: Saúde;NEX;10;Saúde;302;Assistência Hospitalar e Ambulatorial;30;Atendimento Ambulatorial, Emergencial e Hospitalar;2875;Gestão da Atenção à Urgência;3;Hospital Dia;0,25; 468.219,00 ; 418.491,43 ; 291.139,47 ; 274.647,49 
PVS;EIXO: Promovendo Vidas Saudavéis;SAU;SUB-EIXO: Saúde;NEX;10;Saúde;302;Assistência Hospitalar e Ambulatorial;30;Atendimento Ambulatorial, Emergencial e Hospitalar;2875;Gestão da Atenção à Urgência;4;UPA HOB;0,25; 4.600.800,00 ; 264.989,11 ; 127.787,24 ; 101.888,35 
PVS;EIXO: Promovendo Vidas Saudavéis;SAU;SUB-EIXO: Saúde;NEX;10;Saúde;302;Assistência Hospitalar e Ambulatorial;114;Rede de Cuidados Especializados Complementares à Saúde;2891;Rede Própria de Cuidados Especializados Complementares à Saúde - Ambulatorial;1;Atendimento da População na Rede Complementar Própria do SUS-BH;0,25; 1.373.975,00 ; 462.411,10 ; 246.195,13 ; 223.653,06 
PVS;EIXO: Promovendo Vidas Saudavéis;SAU;SUB-EIXO: Saúde;NEX;10;Saúde;302;Assistência Hospitalar e Ambulatorial;114;Rede de Cuidados Especializados Complementares à Saúde;2891;Rede Própria de Cuidados Especializados Complementares à Saúde - Ambulatorial;9;Hospital Odilon Behrens;0,25; 2.491.250,00 ; 2.972.724,11 ; 2.712.234,89 ; 2.511.726,88 
PVS;EIXO: Promovendo Vidas Saudavéis;SAU;SUB-EIXO: Saúde;NEX;10;Saúde;302;Assistência Hospitalar e Ambulatorial;114;Rede de Cuidados Especializados Complementares à Saúde;2891;Rede Própria de Cuidados Especializados Complementares à Saúde - Ambulatorial;10;Atendimentos em Saúde Mental;0,25; 1.199.975,00 ; 1.026.129,30 ; 868.114,35 ; 630.123,28 
PVS;EIXO: Promovendo Vidas Saudavéis;SAU;SUB-EIXO: Saúde;NEX;10;Saúde;302;Assistência Hospitalar e Ambulatorial;114;Rede de Cuidados Especializados Complementares à Saúde;2892;Rede Contratada de Cuidados Especializados Complementares à Saúde - Ambulatorial;1;Atendimento da População na Rede Complementar Contratada do SUS-BH;0,25; 1.484.350,00 ; 1.441.923,91 ; 914.370,52 ; 584.242,31 
PVS;EIXO: Promovendo Vidas Saudavéis;SAU;SUB-EIXO: Saúde;NEX;10;Saúde;302;Assistência Hospitalar e Ambulatorial;114;Rede de Cuidados Especializados Complementares à Saúde;2892;Rede Contratada de Cuidados Especializados Complementares à Saúde - Ambulatorial;2;Procedimentos Ambulatoriais Processados na Rede Complementar Contratada do SUS-BH;0,25; 81.640.000,00 ; 79.223.476,65 ; 78.823.806,21 ; 74.215.022,81 
PVS;EIXO: Promovendo Vidas Saudavéis;SAU;SUB-EIXO: Saúde;NEX;10;Saúde;302;Assistência Hospitalar e Ambulatorial;114;Rede de Cuidados Especializados Complementares à Saúde;2892;Rede Contratada de Cuidados Especializados Complementares à Saúde - Ambulatorial;3;Cirurgias Eletivas SUS-BH;0,25; 1.683.000,00 ; 437.858,24 ; 405.006,04 ; 326.603,33 
PVS;EIXO: Promovendo Vidas Saudavéis;SAU;SUB-EIXO: Saúde;NEX;10;Saúde;302;Assistência Hospitalar e Ambulatorial;114;Rede de Cuidados Especializados Complementares à Saúde;2892;Rede Contratada de Cuidados Especializados Complementares à Saúde - Ambulatorial;4;Ações de Saúde Mental;0,25; 4.393.400,00 ; 3.163.635,25 ; 2.779.480,34 ; 2.336.345,76 
PVS;EIXO: Promovendo Vidas Saudavéis;SAU;SUB-EIXO: Saúde;NEX;10;Saúde;302;Assistência Hospitalar e Ambulatorial;114;Rede de Cuidados Especializados Complementares à Saúde;2893;Rede de Urgência;1;Atendimento da População na Rede de Urgência do SUS-BH;0,25; 17.341.850,00 ; 16.616.383,41 ; 14.124.363,02 ; 11.393.793,96 
PVS;EIXO: Promovendo Vidas Saudavéis;SAU;SUB-EIXO: Saúde;NEX;10;Saúde;302;Assistência Hospitalar e Ambulatorial;201;Hospital Metropolitano;2896;Operacionalização do Hospital Metropolitano;1;Operacionalização do Hospital Metropolitano;0,25; 38.253.884,00 ; 3.468.087,62 ; 3.303.311,64 ; 3.169.072,33 
PVS;EIXO: Promovendo Vidas Saudavéis;SAU;SUB-EIXO: Saúde;NEX;10;Saúde;302;Assistência Hospitalar e Ambulatorial;203;Melhoria do Atendimento Hospitalar e Especializado;2894;Rede Hospitalar;1;Atendimento da População na Rede Hospitalar do SUS-BH;0,25; 234.465.000,00 ; 219.471.088,40 ; 212.681.450,16 ; 205.909.034,70 
PVS;EIXO: Promovendo Vidas Saudavéis;SAU;SUB-EIXO: Saúde;NEX;10;Saúde;302;Assistência Hospitalar e Ambulatorial;203;Melhoria do Atendimento Hospitalar e Especializado;2894;Rede Hospitalar;2;Cirurgias Eletivas no SUS-BH;0,25; 12.870.000,00 ; 6.335.077,25 ; 5.773.894,15 ; 4.722.331,20 
PVS;EIXO: Promovendo Vidas Saudavéis;SAU;SUB-EIXO: Saúde;NEX;10;Saúde;302;Assistência Hospitalar e Ambulatorial;203;Melhoria do Atendimento Hospitalar e Especializado;2894;Rede Hospitalar;3;Hospital Odilon Behrens;0,25; 68.601.108,00 ; 58.403.660,37 ; 56.082.411,71 ; 54.592.219,00 
PVS;EIXO: Promovendo Vidas Saudavéis;SAU;SUB-EIXO: Saúde;NEX;10;Saúde;303;Suporte Profilático e Terapêutico;204;Gestão e Regionalização da Saúde ;2895;Suporte Logístico;1;Assistência Farmacêutica;0,25; 7.000.000,00 ; 3.356.878,02 ; 1.625.870,81 ; 1.529.332,38 
PVS;EIXO: Promovendo Vidas Saudavéis;SAU;SUB-EIXO: Saúde;NEX;10;Saúde;304;Vigilância Sanitária;28;Vigilância em Saúde;2829;Vigilância em Saúde;2;Ações de Vigilância Sanitária e Saúde do Trabalhador;0,25; 116.500,00 ; 15.178,81 ; 6.627,50 ; 6.565,00 
PVS;EIXO: Promovendo Vidas Saudavéis;SAU;SUB-EIXO: Saúde;NEX;10;Saúde;304;Vigilância Sanitária;28;Vigilância em Saúde;2829;Vigilância em Saúde;7;Campanha de Prevenção de Leishmaniose em Centros de Saúde;0,25; 5.000,00 ; -   ; -   ; -   
PVS;EIXO: Promovendo Vidas Saudavéis;SAU;SUB-EIXO: Saúde;NEX;10;Saúde;305;Vigilância Epidemiológica;28;Vigilância em Saúde;2829;Vigilância em Saúde;1;Ações de Vigilância, Prevenção e Controle de Doenças e Agravos - Zoonozes;0,25; 2.300.000,00 ; 898.654,47 ; 777.406,27 ; 177.930,70 
PVS;EIXO: Promovendo Vidas Saudavéis;SAU;SUB-EIXO: Saúde;NEX;10;Saúde;305;Vigilância Epidemiológica;28;Vigilância em Saúde;2829;Vigilância em Saúde;3;Ações de Vigilância Epidemiológica;0,25; 1.200.000,00 ; 1.289.099,09 ; 982.229,39 ; 484.979,77 
PVS;EIXO: Promovendo Vidas Saudavéis;SAU;SUB-EIXO: Saúde;NEX;10;Saúde;305;Vigilância Epidemiológica;28;Vigilância em Saúde;2829;Vigilância em Saúde;5;Gestão de Recursos Humanos;0,25; 12.674.842,00 ; 3.214.754,12 ; 3.168.700,37 ; 3.049.692,50 
PVS;EIXO: Promovendo Vidas Saudavéis;SAU;SUB-EIXO: Saúde;NEX;10;Saúde;305;Vigilância Epidemiológica;28;Vigilância em Saúde;2829;Vigilância em Saúde;8;Ações de Vigilância da Dengue;0,25; 512.500,00 ; 3.392.089,52 ; 3.085.622,49 ; 2.238.203,51 
PVS;EIXO: Promovendo Vidas Saudavéis;SAU;SUB-EIXO: Saúde;NEX;10;Saúde;305;Vigilância Epidemiológica;28;Vigilância em Saúde;2829;Vigilância em Saúde;9;Ações de Atenção DST e AIDS - Prevenção, Assistência e Capacitação de multiplicadores.;0,25; 956.750,00 ; 504.352,56 ; 447.951,66 ; 404.007,87 
PVS;EIXO: Promovendo Vidas Saudavéis;SAU;SUB-EIXO: Saúde;NEX;19;Ciência e Tecnologia;302;Assistência Hospitalar e Ambulatorial;85;Gestão da Política de Tecnologia da Informação e Comunicação;2605;Evolução da Rede de Telecomunicações da PBH ;2;Serviços de Informática - Saúde;0,25; 694.248,00 ; 493.770,68 ; 480.025,01 ; 433.665,26 
;;;;;;;;;;;;;;;; 3.317.389.453,00 ; 2.569.708.469,13 ; 2.505.156.712,33 ; 2.425.188.118,34 
