Relatório de Monitoramento do OCA 3º quadrimestre 2015;;;;;;;;;;;;;;;;;;;;;;;;
classif01;desc_classif01;classif02;desc_classif02;classif03;desc_classif03;funcao;nome_funcao;subfuncao;nome_subfuncao;programa;nome_programa;projativ;nome_projativ;subitem_projativ;nome_subitem_projativ;indice_proporcionalidade;valor_credito_inicial;valor_orcado;valor_empenhado;valor_liquidado;valor_pago;valor_empenhado_acumulado;valor_liquidado_acumulado;valor_pago_acumulado
AEQ;EIXO: ACESSO À EDUCAÇÃO DE QUALIDADE;CUL;SUB-EIXO: CULTURA;NEX;NEX;13;Cultura;122;Administração Geral;146;Gestão da Política Cultural;2334;Gestão Compartilhada e Participação Social;2;Apoio aos Conselhos Municipais;0.25;0;27941;42.5;42.5;42.5;1862.55;1862.55;1862.55
AEQ;EIXO: ACESSO À EDUCAÇÃO DE QUALIDADE;CUL;SUB-EIXO: CULTURA;NEX;NEX;13;Cultura;122;Administração Geral;146;Gestão da Política Cultural;2334;Gestão Compartilhada e Participação Social;3;Realização de Conferências;0.25;0;12500;0;0;0;3090;3090;3090
AEQ;EIXO: ACESSO À EDUCAÇÃO DE QUALIDADE;CUL;SUB-EIXO: CULTURA;NEX;NEX;13;Cultura;122;Administração Geral;146;Gestão da Política Cultural;2334;Gestão Compartilhada e Participação Social;12;Participação em Fóruns e Grupos de Trabalho;0.25;0;2500;0;0;0;0;0;0
AEQ;EIXO: ACESSO À EDUCAÇÃO DE QUALIDADE;CUL;SUB-EIXO: CULTURA;NEX;NEX;13;Cultura;122;Administração Geral;146;Gestão da Política Cultural;2338;Gestão, Planejamento e Administração Cultural;1;Gerenciamento da Infraestrutura;0.25;0;3150422;725976.4025;1033975.88;722179.65;3022547.818;2837883.695;2492272.335
AEQ;EIXO: ACESSO À EDUCAÇÃO DE QUALIDADE;CUL;SUB-EIXO: CULTURA;NEX;NEX;13;Cultura;122;Administração Geral;146;Gestão da Política Cultural;2338;Gestão, Planejamento e Administração Cultural;2;Participação da Fundação em Eventos Locais, Nacionais e Internacionais;0.25;0;157250;17893.8975;17042.7725;10046.9525;42686.26;32394.1175;23968.2975
AEQ;EIXO: ACESSO À EDUCAÇÃO DE QUALIDADE;CUL;SUB-EIXO: CULTURA;NEX;NEX;13;Cultura;122;Administração Geral;146;Gestão da Política Cultural;2338;Gestão, Planejamento e Administração Cultural;3;Ações de Divulgação e Comunicação Institucional;0.25;0;240750;789500;556440.0325;211035.755;970350;666092.32;295507.455
AEQ;EIXO: ACESSO À EDUCAÇÃO DE QUALIDADE;CUL;SUB-EIXO: CULTURA;NEX;NEX;13;Cultura;122;Administração Geral;146;Gestão da Política Cultural;2338;Gestão, Planejamento e Administração Cultural;4;Gerenciamento de Programas e Informações Culturais;0.25;0;788750;18750;6994.075;6994.075;25890.13;7140.13;7140.13
AEQ;EIXO: ACESSO À EDUCAÇÃO DE QUALIDADE;CUL;SUB-EIXO: CULTURA;NEX;NEX;13;Cultura;122;Administração Geral;146;Gestão da Política Cultural;2338;Gestão, Planejamento e Administração Cultural;5;Desenvolvimento Organizacional e Capacitação de Recursos Humanos;0.25;0;1899750;614576.68;754448.765;732982.4025;1888701.378;1859819.13;1837691.835
AEQ;EIXO: ACESSO À EDUCAÇÃO DE QUALIDADE;CUL;SUB-EIXO: CULTURA;NEX;NEX;13;Cultura;122;Administração Geral;146;Gestão da Política Cultural;2900;Serviços Administrativos e Financeiros;1;Serviços Administrativos e Financeiros ;0.25;0;2619600;832198.91;999259.3375;817418.5675;2911374.758;2627654.803;2430002.188
AEQ;EIXO: ACESSO À EDUCAÇÃO DE QUALIDADE;CUL;SUB-EIXO: CULTURA;NEX;NEX;13;Cultura;122;Administração Geral;239;Rede BH Cultural ;2338;Gestão, Planejamento e Administração Cultural;4;Gerenciamento de Programas e Informações Culturais;0.25;0;17500;0;0;0;0;0;0
AEQ;EIXO: ACESSO À EDUCAÇÃO DE QUALIDADE;CUL;SUB-EIXO: CULTURA;NEX;NEX;13;Cultura;391;Patrimônio Histórico, Artístico e Arqueológico;155;História, Memória e Patrimônio Cultural de Belo Horizonte;2375;Identificação e Valorização do Patrimônio e das Identidades Culturais;1;Preservação do Patrimônio Cultural;0.25;0;1605000;506493.24;578387.095;578387.095;1363154.68;1333904.68;1333904.68
AEQ;EIXO: ACESSO À EDUCAÇÃO DE QUALIDADE;CUL;SUB-EIXO: CULTURA;NEX;NEX;13;Cultura;391;Patrimônio Histórico, Artístico e Arqueológico;155;História, Memória e Patrimônio Cultural de Belo Horizonte;2375;Identificação e Valorização do Patrimônio e das Identidades Culturais;2;Educação Patrimonial e Preservação da Memória Coletiva;0.25;0;402000;5144;5394;340.6;124055.4025;124055.4025;118990.0025
AEQ;EIXO: ACESSO À EDUCAÇÃO DE QUALIDADE;CUL;SUB-EIXO: CULTURA;NEX;NEX;13;Cultura;391;Patrimônio Histórico, Artístico e Arqueológico;155;História, Memória e Patrimônio Cultural de Belo Horizonte;2375;Identificação e Valorização do Patrimônio e das Identidades Culturais;4;Aquisição e Desenvolvimento de Acervos;0.25;0;45000;0;0;0;0;0;0
AEQ;EIXO: ACESSO À EDUCAÇÃO DE QUALIDADE;CUL;SUB-EIXO: CULTURA;NEX;NEX;13;Cultura;391;Patrimônio Histórico, Artístico e Arqueológico;155;História, Memória e Patrimônio Cultural de Belo Horizonte;2375;Identificação e Valorização do Patrimônio e das Identidades Culturais;5;Tratamento e Preservação de Acervos;0.25;0;145000;26394.7275;894.75;894.75;27643.89;2143.9125;2143.9125
AEQ;EIXO: ACESSO À EDUCAÇÃO DE QUALIDADE;CUL;SUB-EIXO: CULTURA;NEX;NEX;13;Cultura;391;Patrimônio Histórico, Artístico e Arqueológico;155;História, Memória e Patrimônio Cultural de Belo Horizonte;2872;Gestão do Fundo de Proteção do Patrimônio Cultural de BH;1;Preservação do Patrimônio Cultural;0.25;0;640925;11250;0;0;11250;0;0
AEQ;EIXO: ACESSO À EDUCAÇÃO DE QUALIDADE;CUL;SUB-EIXO: CULTURA;NEX;NEX;13;Cultura;391;Patrimônio Histórico, Artístico e Arqueológico;239;Rede BH Cultural ;1339;Requalificação dos Espaços e Serviços da Cultura;8;Implantação do CINEMIS Santa Tereza;0.25;0;57500;238161.575;354.2;354.2;250661.575;12854.2;12854.2
AEQ;EIXO: ACESSO À EDUCAÇÃO DE QUALIDADE;CUL;SUB-EIXO: CULTURA;NEX;NEX;13;Cultura;391;Patrimônio Histórico, Artístico e Arqueológico;239;Rede BH Cultural ;2375;Identificação e Valorização do Patrimônio e das Identidades Culturais;2;Educação Patrimonial e Preservação da Memória Coletiva;0.25;0;10000;0;0;0;25000;25000;25000
AEQ;EIXO: ACESSO À EDUCAÇÃO DE QUALIDADE;CUL;SUB-EIXO: CULTURA;NEX;NEX;13;Cultura;391;Patrimônio Histórico, Artístico e Arqueológico;239;Rede BH Cultural ;2375;Identificação e Valorização do Patrimônio e das Identidades Culturais;10;Presépios e Folias;0.25;0;42000;0;0;0;0;0;0
AEQ;EIXO: ACESSO À EDUCAÇÃO DE QUALIDADE;CUL;SUB-EIXO: CULTURA;NEX;NEX;13;Cultura;392;Difusão Cultural;154;Fomento, Incentivo e Desenvolvimento Cultural;2369;Gestão da Lei Municipal de Incentivo à Cultura;1;Incentivos a Projetos Culturais;0.25;0;2575000;1725436.545;1461880.115;33095.8175;2193577.548;1907620.393;413622.72
AEQ;EIXO: ACESSO À EDUCAÇÃO DE QUALIDADE;CUL;SUB-EIXO: CULTURA;NEX;NEX;13;Cultura;392;Difusão Cultural;154;Fomento, Incentivo e Desenvolvimento Cultural;2371;Fomento e Estímulo à Cultura;1;Fomento à Produção e Difusão Cultural;0.25;0;1722500;601878.9;709007.47;738404.7275;1657060.265;1615161.365;1528508.623
AEQ;EIXO: ACESSO À EDUCAÇÃO DE QUALIDADE;CUL;SUB-EIXO: CULTURA;NEX;NEX;13;Cultura;392;Difusão Cultural;154;Fomento, Incentivo e Desenvolvimento Cultural;2371;Fomento e Estímulo à Cultura;2;Iniciativas de Formação e Qualificação na Área Cultural;0.25;0;158500;6840;4515;1837.75;20590;18265;15587.75
AEQ;EIXO: ACESSO À EDUCAÇÃO DE QUALIDADE;CUL;SUB-EIXO: CULTURA;EX;EX;13;Cultura;392;Difusão Cultural;154;Fomento, Incentivo e Desenvolvimento Cultural;2371;Fomento e Estímulo à Cultura;3;Projeto Arena da Cultura / Escola Livre de Artes;1;0;7429680;2903846.47;1005769.35;1385445.83;3820546.96;1922469.84;1587213.39
AEQ;EIXO: ACESSO À EDUCAÇÃO DE QUALIDADE;CUL;SUB-EIXO: CULTURA;NEX;NEX;13;Cultura;392;Difusão Cultural;154;Fomento, Incentivo e Desenvolvimento Cultural;2371;Fomento e Estímulo à Cultura;5;Promoção de Festival, Encontro e Mostra de Arte e Cultura;0.25;0;112500;0;0;0;50000;50000;50000
AEQ;EIXO: ACESSO À EDUCAÇÃO DE QUALIDADE;CUL;SUB-EIXO: CULTURA;NEX;NEX;13;Cultura;392;Difusão Cultural;239;Rede BH Cultural ;1215;Construção, Ampliação e Reforma de Unidades de Cultura;1;Construção, Ampliação e Reforma de Unidades de Cultura;0.25;0;2338439;144750.355;144750.355;116843.745;278178.61;278178.61;250272
AEQ;EIXO: ACESSO À EDUCAÇÃO DE QUALIDADE;CUL;SUB-EIXO: CULTURA;NEX;NEX;13;Cultura;392;Difusão Cultural;239;Rede BH Cultural ;1339;Requalificação dos Espaços e Serviços da Cultura;2;Implantação do Espaço Cênico Alípio de Melo;0.25;0;22500;21720;21720;4500;67131.25;67131.25;45411.25
AEQ;EIXO: ACESSO À EDUCAÇÃO DE QUALIDADE;CUL;SUB-EIXO: CULTURA;NEX;NEX;13;Cultura;392;Difusão Cultural;239;Rede BH Cultural ;1339;Requalificação dos Espaços e Serviços da Cultura;4;Implantação do Centro Cultural Bairro das Indústrias;0.25;0;15000;13199.5725;7416.55;583.05;14489.51;8485.8375;1652.3375
AEQ;EIXO: ACESSO À EDUCAÇÃO DE QUALIDADE;CUL;SUB-EIXO: CULTURA;NEX;NEX;13;Cultura;392;Difusão Cultural;239;Rede BH Cultural ;1339;Requalificação dos Espaços e Serviços da Cultura;6;Implantação do Espaço Multiuso no Parque Municipal;0.25;0;8750;0;0;0;0;0;0
AEQ;EIXO: ACESSO À EDUCAÇÃO DE QUALIDADE;CUL;SUB-EIXO: CULTURA;NEX;NEX;13;Cultura;392;Difusão Cultural;239;Rede BH Cultural ;1339;Requalificação dos Espaços e Serviços da Cultura;9;Reimplantação do Centro Cultural Liberalino Alves de Oliveira  em conjunto com a Biblioteca São Cristóvão;0.25;0;55377;0;0;0;0;0;0
AEQ;EIXO: ACESSO À EDUCAÇÃO DE QUALIDADE;CUL;SUB-EIXO: CULTURA;NEX;NEX;13;Cultura;392;Difusão Cultural;239;Rede BH Cultural ;2371;Fomento e Estímulo à Cultura;1;Fomento à Produção e Difusão Cultural;0.25;0;85500;0;0;42018;102495.5275;102495.5275;98788.2775
AEQ;EIXO: ACESSO À EDUCAÇÃO DE QUALIDADE;CUL;SUB-EIXO: CULTURA;NEX;NEX;13;Cultura;392;Difusão Cultural;239;Rede BH Cultural ;2371;Fomento e Estímulo à Cultura;5;Promoção de Festival, Encontro e Mostra de Arte e Cultura;0.25;0;100000;0;0;0;55000;55000;55000
AEQ;EIXO: ACESSO À EDUCAÇÃO DE QUALIDADE;CUL;SUB-EIXO: CULTURA;NEX;NEX;13;Cultura;392;Difusão Cultural;239;Rede BH Cultural ;2371;Fomento e Estímulo à Cultura;7;"Realização do Concurso  de Literatura  ""Cidade de Belo Horizonte """;0.25;0;50000;21500;9000;769.515;21500;9000;769.515
AEQ;EIXO: ACESSO À EDUCAÇÃO DE QUALIDADE;CUL;SUB-EIXO: CULTURA;NEX;NEX;13;Cultura;392;Difusão Cultural;239;Rede BH Cultural ;2371;Fomento e Estímulo à Cultura;12;Criação do Prêmio Escultura na Praça;0.25;0;40500;0;0;0;0;0;0
AEQ;EIXO: ACESSO À EDUCAÇÃO DE QUALIDADE;CUL;SUB-EIXO: CULTURA;NEX;NEX;13;Cultura;392;Difusão Cultural;239;Rede BH Cultural ;2371;Fomento e Estímulo à Cultura;16;Realização do Festival Internacional de Quadrinhos de BH - FIQ;0.25;0;250000;226250;226250;31000;226250;226250;31000
AEQ;EIXO: ACESSO À EDUCAÇÃO DE QUALIDADE;CUL;SUB-EIXO: CULTURA;NEX;NEX;13;Cultura;392;Difusão Cultural;239;Rede BH Cultural ;2371;Fomento e Estímulo à Cultura;18;Realização da Virada Cultural;0.25;0;375000;213125;213125;195887.55;408750;408750;325000
AEQ;EIXO: ACESSO À EDUCAÇÃO DE QUALIDADE;CUL;SUB-EIXO: CULTURA;NEX;NEX;13;Cultura;392;Difusão Cultural;239;Rede BH Cultural ;2371;Fomento e Estímulo à Cultura;19;Realização do  Festival de Arte Negra - FAN;0.25;0;375000;143381.5;143381.5;81618.5;275000;275000;131618.5
AEQ;EIXO: ACESSO À EDUCAÇÃO DE QUALIDADE;CUL;SUB-EIXO: CULTURA;NEX;NEX;13;Cultura;392;Difusão Cultural;239;Rede BH Cultural ;2371;Fomento e Estímulo à Cultura;21;Criação do Cadastro Único de Cultura;0.25;0;50000;0;0;0;0;0;0
AEQ;EIXO: ACESSO À EDUCAÇÃO DE QUALIDADE;CUL;SUB-EIXO: CULTURA;NEX;NEX;13;Cultura;392;Difusão Cultural;239;Rede BH Cultural ;2371;Fomento e Estímulo à Cultura;25;Pré-Produção do Festival Internacional de Teatro Palco e Rua de BH - FIT;0.25;0;62500;37500;37500;0;79306.75;79306.75;41806.75
AEQ;EIXO: ACESSO À EDUCAÇÃO DE QUALIDADE;DLA;SUB-EIXO: DESPORTO E LAZER;EX;EX;27;Desporto e Lazer;811;Desporto de Rendimento;101;Promoção e Democratização das Práticas de Esportes e Lazer;2866;Esporte de Rendimento;4;BH Descobrindo Talentos no Futebol;1;0;576000;1028292.22;675215.65;503097;1028292.22;675215.65;503097
AEQ;EIXO: ACESSO À EDUCAÇÃO DE QUALIDADE;DLA;SUB-EIXO: DESPORTO E LAZER;NEX;"NEX";27;Desporto e Lazer;811;Desporto de Rendimento;101;Promoção e Democratização das Práticas de Esportes e Lazer;2866;Esporte de Rendimento;15;Programa Minas Olímpica Oficina de Esportes;0.25;0;12000;0;0;0;0;0;0
AEQ;EIXO: ACESSO À EDUCAÇÃO DE QUALIDADE;DLA;SUB-EIXO: DESPORTO E LAZER;NEX;"NEX";27;Desporto e Lazer;811;Desporto de Rendimento;238;Promoção do Esporte e do Lazer;2866;Esporte de Rendimento;3;Copa Centenário de Futebol Amador Wadson Lima;0.25;0;72500;6297.5;30807;34369.5;41091.6;34619.1;34619.1
AEQ;EIXO: ACESSO À EDUCAÇÃO DE QUALIDADE;DLA;SUB-EIXO: DESPORTO E LAZER;NEX;"NEX";27;Desporto e Lazer;811;Desporto de Rendimento;238;Promoção do Esporte e do Lazer;2866;Esporte de Rendimento;5;BH Descobrindo Talentos no Esporte;0.25;0;142250;0;0;0;0;0;0
AEQ;EIXO: ACESSO À EDUCAÇÃO DE QUALIDADE;DLA;SUB-EIXO: DESPORTO E LAZER;NEX;"NEX";27;Desporto e Lazer;812;Desporto Comunitário;101;Promoção e Democratização das Práticas de Esportes e Lazer;2106;Gestão da Política de Esporte e Lazer;1;Apoio a Entidades nas Ações Esportivas e de Lazer;0.25;0;55000;0;0;0;0;0;0
AEQ;EIXO: ACESSO À EDUCAÇÃO DE QUALIDADE;DLA;SUB-EIXO: DESPORTO E LAZER;NEX;"NEX";27;Desporto e Lazer;812;Desporto Comunitário;101;Promoção e Democratização das Práticas de Esportes e Lazer;2106;Gestão da Política de Esporte e Lazer;2;Patrocínio;0.25;0;25000;3115;3115;4041.75;10541.75;10541.75;10066.75
AEQ;EIXO: ACESSO À EDUCAÇÃO DE QUALIDADE;DLA;SUB-EIXO: DESPORTO E LAZER;NEX;"NEX";27;Desporto e Lazer;812;Desporto Comunitário;101;Promoção e Democratização das Práticas de Esportes e Lazer;2106;Gestão da Política de Esporte e Lazer;3;Serviços Administrativos e Financeiros;0.25;0;1920850;833291.915;888658.8825;652028.7475;2095126.805;1994043.705;1613241.848
AEQ;EIXO: ACESSO À EDUCAÇÃO DE QUALIDADE;DLA;SUB-EIXO: DESPORTO E LAZER;NEX;"NEX";27;Desporto e Lazer;812;Desporto Comunitário;101;Promoção e Democratização das Práticas de Esportes e Lazer;2106;Gestão da Política de Esporte e Lazer;4;Centro de Memória do Esporte e do Lazer da Cidade;0.25;0;1000;171.2;71.2;71.2;171.2;71.2;71.2
AEQ;EIXO: ACESSO À EDUCAÇÃO DE QUALIDADE;DLA;SUB-EIXO: DESPORTO E LAZER;NEX;"NEX";27;Desporto e Lazer;812;Desporto Comunitário;101;Promoção e Democratização das Práticas de Esportes e Lazer;2106;Gestão da Política de Esporte e Lazer;7;Manutenção do Conselho Municipal do Esporte e Lazer;0.25;0;250;0;0;0;0;0;0
AEQ;EIXO: ACESSO À EDUCAÇÃO DE QUALIDADE;DLA;SUB-EIXO: DESPORTO E LAZER;EX;EX;27;Desporto e Lazer;812;Desporto Comunitário;101;Promoção e Democratização das Práticas de Esportes e Lazer;2531;Programas de Esporte Educacional;1;Programa Segundo Tempo;1;0;8265000;1723064.47;1724064.66;1660168.34;3664689.57;3664689.57;3143691.23
AEQ;EIXO: ACESSO À EDUCAÇÃO DE QUALIDADE;DLA;SUB-EIXO: DESPORTO E LAZER;EX;EX;27;Desporto e Lazer;812;Desporto Comunitário;101;Promoção e Democratização das Práticas de Esportes e Lazer;2531;Programas de Esporte Educacional;2;Recreio nas Férias;1;0;4000;0;0;0;0;0;0
AEQ;EIXO: ACESSO À EDUCAÇÃO DE QUALIDADE;DLA;SUB-EIXO: DESPORTO E LAZER;EX;EX;27;Desporto e Lazer;812;Desporto Comunitário;101;Promoção e Democratização das Práticas de Esportes e Lazer;2531;Programas de Esporte Educacional;4;Programa Esporte Esperança / BH Cidadania;1;0;4342000;20856.92;0;0;774810.44;753953.52;0
AEQ;EIXO: ACESSO À EDUCAÇÃO DE QUALIDADE;DLA;SUB-EIXO: DESPORTO E LAZER;EX;EX;27;Desporto e Lazer;812;Desporto Comunitário;101;Promoção e Democratização das Práticas de Esportes e Lazer;2531;Programas de Esporte Educacional;12;Festival de Atletismo;1;0;68000;0;0;0;0;0;0
AEQ;EIXO: ACESSO À EDUCAÇÃO DE QUALIDADE;DLA;SUB-EIXO: DESPORTO E LAZER;EX;EX;27;Desporto e Lazer;812;Desporto Comunitário;101;Promoção e Democratização das Práticas de Esportes e Lazer;2531;Programas de Esporte Educacional;14;Caravana do Esporte;1;0;0;81000;81000;81000;81000;81000;81000
AEQ;EIXO: ACESSO À EDUCAÇÃO DE QUALIDADE;DLA;SUB-EIXO: DESPORTO E LAZER;NEX;"NEX";27;Desporto e Lazer;812;Desporto Comunitário;101;Promoção e Democratização das Práticas de Esportes e Lazer;2545;Promoções e Eventos Esportivos e Gestão de Áreas de Lazer;1;Promoções e Eventos Esportivos e Gestão de Áreas de Lazer;0.25;0;608575;174256.9375;174240.855;175550.9975;527851.085;527835.0025;486377.9825
AEQ;EIXO: ACESSO À EDUCAÇÃO DE QUALIDADE;DLA;SUB-EIXO: DESPORTO E LAZER;NEX;"NEX";27;Desporto e Lazer;812;Desporto Comunitário;101;Promoção e Democratização das Práticas de Esportes e Lazer;2757;Programas e Atividades  Esportivas;1;Programas Esportivos Sociais e Atividades de Lazer Comunitárias;0.25;0;1237425;399916.7425;399916.7425;398125.4675;1134757.82;1134757.82;1041187.298
AEQ;EIXO: ACESSO À EDUCAÇÃO DE QUALIDADE;DLA;SUB-EIXO: DESPORTO E LAZER;NEX;"NEX";27;Desporto e Lazer;812;Desporto Comunitário;238;Promoção do Esporte e do Lazer;1213;Construção, Ampliação e Reforma de Equipamentos Esportivos e Áreas de Lazer;1;Construção, Ampliação e Reforma de Equipamentos Esportivos e Áreas de Lazer;0.25;0;7079607;401712.54;465902.575;357937.335;3435962.075;3103566.71;2644889.325
AEQ;EIXO: ACESSO À EDUCAÇÃO DE QUALIDADE;DLA;SUB-EIXO: DESPORTO E LAZER;EX;EX;27;Desporto e Lazer;812;Desporto Comunitário;238;Promoção do Esporte e do Lazer;2531;Programas de Esporte Educacional;6;Programa de Atletismo;1;0;707600;0;0;0;0;0;0
AEQ;EIXO: ACESSO À EDUCAÇÃO DE QUALIDADE;DLA;SUB-EIXO: DESPORTO E LAZER;EX;EX;27;Desporto e Lazer;812;Desporto Comunitário;238;Promoção do Esporte e do Lazer;2531;Programas de Esporte Educacional;7;Programa de Esporte e Lazer na Cidade;1;0;211000;0;0;0;0;0;0
AEQ;EIXO: ACESSO À EDUCAÇÃO DE QUALIDADE;DLA;SUB-EIXO: DESPORTO E LAZER;EX;EX;27;Desporto e Lazer;812;Desporto Comunitário;238;Promoção do Esporte e do Lazer;2531;Programas de Esporte Educacional;8;Programa Ginástica Ritmica;1;0;175000;0;0;0;0;0;0
AEQ;EIXO: ACESSO À EDUCAÇÃO DE QUALIDADE;DLA;SUB-EIXO: DESPORTO E LAZER;NEX;"NEX";27;Desporto e Lazer;812;Desporto Comunitário;238;Promoção do Esporte e do Lazer;2534;Implantação, Manutenção e Recuperação de Equipamentos Esportivos e Áreas de Lazer;1;Manutenção, Conservação, Pequenas Reformas e Custeio de Equipamentos Esportivos;0.25;0;1627631;301735.3575;399090.4625;334042.1125;1414565.485;1370304.32;1204216.753
AEQ;EIXO: ACESSO À EDUCAÇÃO DE QUALIDADE;DLA;SUB-EIXO: DESPORTO E LAZER;EX;EX;27;Desporto e Lazer;812;Desporto Comunitário;238;Promoção do Esporte e do Lazer;2536;Programa Superar;1;Superar Educacional / BH Cidadania;1;0;486000;0;0;0;91648.26;91648.26;3450
AEQ;EIXO: ACESSO À EDUCAÇÃO DE QUALIDADE;DLA;SUB-EIXO: DESPORTO E LAZER;NEX;"NEX";27;Desporto e Lazer;812;Desporto Comunitário;238;Promoção do Esporte e do Lazer;2536;Programa Superar;5;Incentivo ao Esporte da Pessoa com Deficiência;0.25;0;250000;0;0;0;0;0;0
AEQ;EIXO: ACESSO À EDUCAÇÃO DE QUALIDADE;DLA;SUB-EIXO: DESPORTO E LAZER;NEX;"NEX";27;Desporto e Lazer;813;Lazer;101;Promoção e Democratização das Práticas de Esportes e Lazer;2869;Programas e Atividades de Lazer;1;Programas e Atividades de Lazer;0.25;0;595350;183470.015;183470.015;188230.37;561562.19;561562.19;521222.5425
AEQ;EIXO: ACESSO À EDUCAÇÃO DE QUALIDADE;DLA;SUB-EIXO: DESPORTO E LAZER;EX;EX;27;Desporto e Lazer;813;Lazer;101;Promoção e Democratização das Práticas de Esportes e Lazer;2869;Programas e Atividades de Lazer;3;Recrear;1;0;102500;7745;7745;0;55313;55313;0
AEQ;EIXO: ACESSO À EDUCAÇÃO DE QUALIDADE;DLA;SUB-EIXO: DESPORTO E LAZER;NEX;"NEX";27;Desporto e Lazer;813;Lazer;101;Promoção e Democratização das Práticas de Esportes e Lazer;2869;Programas e Atividades de Lazer;6;Lazer Mais Saúde;0.25;0;500;0;0;0;0;0;0
AEQ;EIXO: ACESSO À EDUCAÇÃO DE QUALIDADE;DLA;SUB-EIXO: DESPORTO E LAZER;NEX;"NEX";27;Desporto e Lazer;813;Lazer;101;Promoção e Democratização das Práticas de Esportes e Lazer;2869;Programas e Atividades de Lazer;9;Caminhar Pistas;0.25;0;14000;0;0;0;0;0;0
AEQ;EIXO: ACESSO À EDUCAÇÃO DE QUALIDADE;DLA;SUB-EIXO: DESPORTO E LAZER;NEX;"NEX";27;Desporto e Lazer;813;Lazer;101;Promoção e Democratização das Práticas de Esportes e Lazer;2869;Programas e Atividades de Lazer;10;Promoção de Eventos de Lazer;0.25;0;68000;0;0;0;0;0;0
AEQ;EIXO: ACESSO À EDUCAÇÃO DE QUALIDADE;DLA;SUB-EIXO: DESPORTO E LAZER;EX;EX;27;Desporto e Lazer;813;Lazer;101;Promoção e Democratização das Práticas de Esportes e Lazer;2869;Programas e Atividades de Lazer;11;BH em Férias;1;0;52500;0;0;0;0;0;0
AEQ;EIXO: ACESSO À EDUCAÇÃO DE QUALIDADE;DLA;SUB-EIXO: DESPORTO E LAZER;NEX;"NEX";27;Desporto e Lazer;813;Lazer;238;Promoção do Esporte e do Lazer;2869;Programas e Atividades de Lazer;2;Caminhar / BH Cidadania;0.25;0;131750;0;0;0;27726.405;27726.405;0
AEQ;EIXO: ACESSO À EDUCAÇÃO DE QUALIDADE;DLA;SUB-EIXO: DESPORTO E LAZER;EX;EX;27;Desporto e Lazer;813;Lazer;238;Promoção do Esporte e do Lazer;2869;Programas e Atividades de Lazer;4;Caminhar na Escola;1;0;32500;0;0;0;0;0;0
AEQ;EIXO: ACESSO À EDUCAÇÃO DE QUALIDADE;DLA;SUB-EIXO: DESPORTO E LAZER;NEX;"NEX";27;Desporto e Lazer;813;Lazer;238;Promoção do Esporte e do Lazer;2869;Programas e Atividades de Lazer;5;Domingo a Rua é Nossa;0.25;0;26250;25193.1225;25193.1225;0;25193.1225;25193.1225;0
AEQ;EIXO: ACESSO À EDUCAÇÃO DE QUALIDADE;DLA;SUB-EIXO: DESPORTO E LAZER;NEX;"NEX";27;Desporto e Lazer;813;Lazer;238;Promoção do Esporte e do Lazer;2869;Programas e Atividades de Lazer;7;Vila Radical;0.25;0;1250;0;0;0;0;0;0
AEQ;EIXO: ACESSO À EDUCAÇÃO DE QUALIDADE;DLA;SUB-EIXO: DESPORTO E LAZER;EX;EX;27;Desporto e Lazer;813;Lazer;238;Promoção do Esporte e do Lazer;2869;Programas e Atividades de Lazer;8;Brincando na Vila;1;0;91000;0;0;0;0;0;0
AEQ;EIXO: ACESSO À EDUCAÇÃO DE QUALIDADE;EDU;SUB-EIXO: EDUCAÇÃO;EX;EX;4;Administração;122;Administração Geral;227;Orçamento Participativo e Gestão Compartilhada;2334;Gestão Compartilhada e Participação Social;11;Implantação do Orçamento Participativo Criança e Adolescente - OPCA nas Escolas Municipais;1;0;1000;0;0;0;0;0;0
AEQ;EIXO: ACESSO À EDUCAÇÃO DE QUALIDADE;EDU;SUB-EIXO: EDUCAÇÃO;EX;EX;8;Assistência Social;306;Alimentação e Nutrição;132;Gestão da Política Municipal de Segurança Alimentar e Nutricional;2761;Gestão da Assistência Alimentar e Nutricional à Rede Municipal de Ensino;1;Gerenciamento da Assistência Alimentar e Nutricional às Escolas de Ensino Fundamental ;1;0;7177930;1843098.8;2208881.61;1669047.36;6599060.58;5451112.95;4729787.14
AEQ;EIXO: ACESSO À EDUCAÇÃO DE QUALIDADE;EDU;SUB-EIXO: EDUCAÇÃO;EX;EX;8;Assistência Social;306;Alimentação e Nutrição;132;Gestão da Política Municipal de Segurança Alimentar e Nutricional;2761;Gestão da Assistência Alimentar e Nutricional à Rede Municipal de Ensino;2;Gerenciamento da Assistência Alimentar e Nutricional às UMEIS;1;0;9486263;1973956.48;2718169.92;2592790.98;7005898.76;5596239.62;5152645.53
AEQ;EIXO: ACESSO À EDUCAÇÃO DE QUALIDADE;EDU;SUB-EIXO: EDUCAÇÃO;EX;EX;8;Assistência Social;306;Alimentação e Nutrição;132;Gestão da Política Municipal de Segurança Alimentar e Nutricional;2761;Gestão da Assistência Alimentar e Nutricional à Rede Municipal de Ensino;3;Gerenciamento da Assistência Alimentar e Nutricional às Escolas Integradas;1;0;11082632;2967195.28;3746541.51;3427501.12;11387380.09;9682268.31;8851843.88
AEQ;EIXO: ACESSO À EDUCAÇÃO DE QUALIDADE;EDU;SUB-EIXO: EDUCAÇÃO;EX;EX;8;Assistência Social;306;Alimentação e Nutrição;132;Gestão da Política Municipal de Segurança Alimentar e Nutricional;2761;Gestão da Assistência Alimentar e Nutricional à Rede Municipal de Ensino;4;Gerenciamento da Assistência Alimentar e Nutricional aos alunos do Ensino de Jovens e Adultos - EJA;1;0;1105910;349189.17;305758.63;191321.14;871021.41;623015.68;506661.19
AEQ;EIXO: ACESSO À EDUCAÇÃO DE QUALIDADE;EDU;SUB-EIXO: EDUCAÇÃO;EX;EX;8;Assistência Social;306;Alimentação e Nutrição;132;Gestão da Política Municipal de Segurança Alimentar e Nutricional;2761;Gestão da Assistência Alimentar e Nutricional à Rede Municipal de Ensino;8;Gerenciamento da Assistência Alimentar e Nutricional às Creches Conveniadas;1;0;3560567;180593.37;750982.01;936590.81;2030163.51;1746530.68;1670730.82
AEQ;EIXO: ACESSO À EDUCAÇÃO DE QUALIDADE;EDU;SUB-EIXO: EDUCAÇÃO;EX;EX;8;Assistência Social;306;Alimentação e Nutrição;132;Gestão da Política Municipal de Segurança Alimentar e Nutricional;2761;Gestão da Assistência Alimentar e Nutricional à Rede Municipal de Ensino;10;Gerenciamento da Assistência Alimentar e Nutricional à Rede Municipal;1;0;4307000;902339.61;860229.58;699107.14;3220349.69;2839398.79;2515839.56
AEQ;EIXO: ACESSO À EDUCAÇÃO DE QUALIDADE;EDU;SUB-EIXO: EDUCAÇÃO;EX;EX;8;Assistência Social;306;Alimentação e Nutrição;207;Melhoria da Qualidade da Educação;2761;Gestão da Assistência Alimentar e Nutricional à Rede Municipal de Ensino;6;Atendimento das Demandas de Dietas Especiais;1;0;10000;0;0;0;0;0;0
AEQ;EIXO: ACESSO À EDUCAÇÃO DE QUALIDADE;EDU;SUB-EIXO: EDUCAÇÃO;NEX;NEX;8;Assistência Social;306;Alimentação e Nutrição;236;Direito de Todos ;2331;Centro de Referência em Segurança Alimentar e Nutricional Sustentável;1;Implantação do Centro Metropolitano de Referência em Segurança Alimentar e Nutricional Sustentável;0.25;0;500;195;195;0;390;380.25;185.25
AEQ;EIXO: ACESSO À EDUCAÇÃO DE QUALIDADE;EDU;SUB-EIXO: EDUCAÇÃO;NEX;NEX;8;Assistência Social;306;Alimentação e Nutrição;236;Direito de Todos ;2331;Centro de Referência em Segurança Alimentar e Nutricional Sustentável;2;Promoção da Alimentação Saudável por meio da Educação Alimentar e Nutricional;0.25;0;13000;12348.0025;8256.8275;5661.88;22653.2725;16756.235;13307.7
AEQ;EIXO: ACESSO À EDUCAÇÃO DE QUALIDADE;EDU;SUB-EIXO: EDUCAÇÃO;NEX;NEX;8;Assistência Social;306;Alimentação e Nutrição;236;Direito de Todos ;2331;Centro de Referência em Segurança Alimentar e Nutricional Sustentável;3;Educação Alimentar e Nutricional com Atividades Lúdicas Educativas;0.85;0;10200;0;0;0;0;0;0
AEQ;EIXO: ACESSO À EDUCAÇÃO DE QUALIDADE;EDU;SUB-EIXO: EDUCAÇÃO;NEX;NEX;8;Assistência Social;306;Alimentação e Nutrição;236;Direito de Todos ;2331;Centro de Referência em Segurança Alimentar e Nutricional Sustentável;4;Campanhas Educativas de Mobilização Social;0.85;0;2550;0;0;0;0;0;0
AEQ;EIXO: ACESSO À EDUCAÇÃO DE QUALIDADE;EDU;SUB-EIXO: EDUCAÇÃO;EX;EX;8;Assistência Social;306;Alimentação e Nutrição;236;Direito de Todos ;2331;Centro de Referência em Segurança Alimentar e Nutricional Sustentável;5;Formação de Profissionais de Manipulação de Alimentos para a Rede Pública Conveniada e Não Conveniada;1;0;2500;0;404.5;427.62;624.14;624.14;624.14
AEQ;EIXO: ACESSO À EDUCAÇÃO DE QUALIDADE;EDU;SUB-EIXO: EDUCAÇÃO;EX;EX;12;Educação;122;Administração Geral;140;Gestão e Operacionalização da Política Educacional;2317;Gestão Administrativa e Pedagógica;1;Gestão Administrativa;1;0;83543777;28128303.38;29549187.59;29292889.05;82023483.98;79088279.58;73343155.17
AEQ;EIXO: ACESSO À EDUCAÇÃO DE QUALIDADE;EDU;SUB-EIXO: EDUCAÇÃO;EX;EX;12;Educação;122;Administração Geral;140;Gestão e Operacionalização da Política Educacional;2317;Gestão Administrativa e Pedagógica;2;Gestão Pedagógica;1;0;751760;0;0;0;1290;1290;1290
AEQ;EIXO: ACESSO À EDUCAÇÃO DE QUALIDADE;EDU;SUB-EIXO: EDUCAÇÃO;EX;EX;12;Educação;122;Administração Geral;140;Gestão e Operacionalização da Política Educacional;2334;Gestão Compartilhada e Participação Social;2;Apoio aos Conselhos Municipais;1;0;65000;5956;6334;6064;7188.31;6566.31;6296.31
AEQ;EIXO: ACESSO À EDUCAÇÃO DE QUALIDADE;EDU;SUB-EIXO: EDUCAÇÃO;EX;EX;12;Educação;122;Administração Geral;140;Gestão e Operacionalização da Política Educacional;2334;Gestão Compartilhada e Participação Social;3;Realização de Conferências;1;0;10000;0;0;0;9477.7;9477.7;9477.7
AEQ;EIXO: ACESSO À EDUCAÇÃO DE QUALIDADE;EDU;SUB-EIXO: EDUCAÇÃO;EX;EX;12;Educação;361;Ensino Fundamental;85;Gestão da Política de Tecnologia da Informação e Comunicação;2605;Evolução da Rede de Telecomunicações da PBH ;1;Serviços de Informática - Educação ;1;0;1173999;223449.93;313825.91;307789.11;973826.96;919854.14;840060.09
AEQ;EIXO: ACESSO À EDUCAÇÃO DE QUALIDADE;EDU;SUB-EIXO: EDUCAÇÃO;EX;EX;12;Educação;361;Ensino Fundamental;140;Gestão e Operacionalização da Política Educacional;2041;Formação para Profissionais da Educação;10;Formação de Professores do Ensino Fundamental em Cursos de Pós-graduação Lato Sensu e Stricto Sensu ;1;0;780000;0;0;0;613439.38;496563.94;496563.94
AEQ;EIXO: ACESSO À EDUCAÇÃO DE QUALIDADE;EDU;SUB-EIXO: EDUCAÇÃO;EX;EX;12;Educação;361;Ensino Fundamental;140;Gestão e Operacionalização da Política Educacional;2046;Gestão Descentralizada da Educação;2;Assistência ao Educando, Conservação de Unidades Escolares do Ensino Fundamental;1;0;26964310;10167276;14893609.93;7733586.7;19963242;19963242;12791651.27
AEQ;EIXO: ACESSO À EDUCAÇÃO DE QUALIDADE;EDU;SUB-EIXO: EDUCAÇÃO;EX;EX;12;Educação;361;Ensino Fundamental;140;Gestão e Operacionalização da Política Educacional;2046;Gestão Descentralizada da Educação;5;PAP - Projeto de Ação Pedagógica - Ensino Fudamental;1;0;10215170;571175.41;5720428.3;1412879.91;6288335.35;5960428.3;1652879.91
AEQ;EIXO: ACESSO À EDUCAÇÃO DE QUALIDADE;EDU;SUB-EIXO: EDUCAÇÃO;EX;EX;12;Educação;361;Ensino Fundamental;140;Gestão e Operacionalização da Política Educacional;2046;Gestão Descentralizada da Educação;10;Revitalização de Unidades Escolares do Ensino Fundamental;1;0;9079200;0;0;0;0;0;0
AEQ;EIXO: ACESSO À EDUCAÇÃO DE QUALIDADE;EDU;SUB-EIXO: EDUCAÇÃO;EX;EX;12;Educação;361;Ensino Fundamental;140;Gestão e Operacionalização da Política Educacional;2046;Gestão Descentralizada da Educação;13;Contratação de Apoio Administrativo - Ensino Fundamental;1;0;156100370;80834062;80834242;52304986.05;171702559;171702559;130571578.1
AEQ;EIXO: ACESSO À EDUCAÇÃO DE QUALIDADE;EDU;SUB-EIXO: EDUCAÇÃO;EX;EX;12;Educação;361;Ensino Fundamental;140;Gestão e Operacionalização da Política Educacional;2080;Administração do Ensino Fundamental;1;Administração do Ensino Fundamental;1;0;769657749;239428582;238901902.6;232811174.5;661251555.1;659094395.6;602161546.4
AEQ;EIXO: ACESSO À EDUCAÇÃO DE QUALIDADE;EDU;SUB-EIXO: EDUCAÇÃO;EX;EX;12;Educação;361;Ensino Fundamental;140;Gestão e Operacionalização da Política Educacional;2080;Administração do Ensino Fundamental;2;Pré-Conferência Municipal de Educação;1;0;45000;0;0;0;0;0;0
AEQ;EIXO: ACESSO À EDUCAÇÃO DE QUALIDADE;EDU;SUB-EIXO: EDUCAÇÃO;EX;EX;12;Educação;361;Ensino Fundamental;140;Gestão e Operacionalização da Política Educacional;2080;Administração do Ensino Fundamental;3;Cadastro Escolar;1;0;45000;0;0;0;0;0;0
AEQ;EIXO: ACESSO À EDUCAÇÃO DE QUALIDADE;EDU;SUB-EIXO: EDUCAÇÃO;EX;EX;12;Educação;361;Ensino Fundamental;140;Gestão e Operacionalização da Política Educacional;2317;Gestão Administrativa e Pedagógica;1;Gestão Administrativa;1;0;3648281;2205273.86;2205273.86;2171614.82;5900436.66;5900436.66;5396678.37
AEQ;EIXO: ACESSO À EDUCAÇÃO DE QUALIDADE;EDU;SUB-EIXO: EDUCAÇÃO;EX;EX;12;Educação;361;Ensino Fundamental;140;Gestão e Operacionalização da Política Educacional;2503;Gestão do Programa Bolsa Escola;1;Gestão do Programa Bolsa Escola;1;0;2936300;974562.08;974221.28;918742.38;2739867.92;2738346.52;2478664.38
AEQ;EIXO: ACESSO À EDUCAÇÃO DE QUALIDADE;EDU;SUB-EIXO: EDUCAÇÃO;EX;EX;12;Educação;361;Ensino Fundamental;140;Gestão e Operacionalização da Política Educacional;2503;Gestão do Programa Bolsa Escola;2;Manutenção das Atividades do Bolsa Escola Municipal;1;0;860700;0;47264;47264;269148;232492;232492
AEQ;EIXO: ACESSO À EDUCAÇÃO DE QUALIDADE;EDU;SUB-EIXO: EDUCAÇÃO;EX;EX;12;Educação;361;Ensino Fundamental;140;Gestão e Operacionalização da Política Educacional;2700;Operação e Manutenção da Educação;2;Fornecimento de Kits Escolares - Ensino Fundamental;1;0;29348750;3565199.33;1788938.48;5463206.44;16073460.89;12953050.86;12936520.66
AEQ;EIXO: ACESSO À EDUCAÇÃO DE QUALIDADE;EDU;SUB-EIXO: EDUCAÇÃO;EX;EX;12;Educação;361;Ensino Fundamental;140;Gestão e Operacionalização da Política Educacional;2700;Operação e Manutenção da Educação;10;Operação e Manutenção da Educação -  Ensino Fundamental;1;0;40133829;3146097.81;3987953.31;4397997.38;11554226.68;10174462.77;8468418.48
AEQ;EIXO: ACESSO À EDUCAÇÃO DE QUALIDADE;EDU;SUB-EIXO: EDUCAÇÃO;EX;EX;12;Educação;361;Ensino Fundamental;140;Gestão e Operacionalização da Política Educacional;2700;Operação e Manutenção da Educação;16;Fórum Mineiro de Educação Integrada;1;0;430000;209897.77;209897.77;0;209897.77;209897.77;0
AEQ;EIXO: ACESSO À EDUCAÇÃO DE QUALIDADE;EDU;SUB-EIXO: EDUCAÇÃO;EX;EX;12;Educação;361;Ensino Fundamental;140;Gestão e Operacionalização da Política Educacional;2885;Transporte Escolar;1;Transporte Escolar;1;0;13159182;3405211.22;3721855.42;2848352.62;12090863.98;10707681.87;9384293.54
AEQ;EIXO: ACESSO À EDUCAÇÃO DE QUALIDADE;EDU;SUB-EIXO: EDUCAÇÃO;EX;EX;12;Educação;361;Ensino Fundamental;140;Gestão e Operacionalização da Política Educacional;2886;Gestão da Melhoria da Qualidade da Educação;11;Ações Intersetoriais da Educação;1;0;9000;0;0;0;0;0;0
AEQ;EIXO: ACESSO À EDUCAÇÃO DE QUALIDADE;EDU;SUB-EIXO: EDUCAÇÃO;EX;EX;12;Educação;361;Ensino Fundamental;140;Gestão e Operacionalização da Política Educacional;2886;Gestão da Melhoria da Qualidade da Educação;13;Eventos Curriculares;1;0;742000;0;0;0;0;0;0
AEQ;EIXO: ACESSO À EDUCAÇÃO DE QUALIDADE;EDU;SUB-EIXO: EDUCAÇÃO;EX;EX;12;Educação;361;Ensino Fundamental;206;Expansão da Escola Integrada ;1211;Construção, Ampliação e Reforma de Unidades de Ensino;4;Construção, Ampliação e Reforma de Unidades de Ensino;1;0;109437340;253600;559360.27;316855.33;4123095.23;3499721.88;2391427.92
AEQ;EIXO: ACESSO À EDUCAÇÃO DE QUALIDADE;EDU;SUB-EIXO: EDUCAÇÃO;EX;EX;12;Educação;361;Ensino Fundamental;206;Expansão da Escola Integrada ;2702;Gestão do Programa Escola Integrada;2;Atendimento do Programa Escola Integrada;1;0;35472080;4297156;8563597.7;1856766.25;12263492.44;12169858;5463026.55
AEQ;EIXO: ACESSO À EDUCAÇÃO DE QUALIDADE;EDU;SUB-EIXO: EDUCAÇÃO;EX;EX;12;Educação;361;Ensino Fundamental;206;Expansão da Escola Integrada ;2702;Gestão do Programa Escola Integrada;3;Publicações de Cadernos sobre o Programa;1;0;6000;0;0;0;0;0;0
AEQ;EIXO: ACESSO À EDUCAÇÃO DE QUALIDADE;EDU;SUB-EIXO: EDUCAÇÃO;EX;EX;12;Educação;361;Ensino Fundamental;206;Expansão da Escola Integrada ;2702;Gestão do Programa Escola Integrada;4;Manutenção de Convênios com Instituições - Ensino Fundamental;1;0;7493271;2811855.48;2611855.48;2695840;6534095.48;5800735.48;5767840
AEQ;EIXO: ACESSO À EDUCAÇÃO DE QUALIDADE;EDU;SUB-EIXO: EDUCAÇÃO;EX;EX;12;Educação;361;Ensino Fundamental;206;Expansão da Escola Integrada ;2702;Gestão do Programa Escola Integrada;5;Programa Escola Aberta - Ampliação do Atendimento ;1;0;7238361;994425.25;2990560.9;421691.8;3264918.25;3246238.9;677369.8
AEQ;EIXO: ACESSO À EDUCAÇÃO DE QUALIDADE;EDU;SUB-EIXO: EDUCAÇÃO;EX;EX;12;Educação;361;Ensino Fundamental;206;Expansão da Escola Integrada ;2702;Gestão do Programa Escola Integrada;6;Programa Escola nas Férias;1;0;3009000;22080.25;1220312.15;140591;1529780.25;1233664.15;153943
AEQ;EIXO: ACESSO À EDUCAÇÃO DE QUALIDADE;EDU;SUB-EIXO: EDUCAÇÃO;EX;EX;12;Educação;361;Ensino Fundamental;206;Expansão da Escola Integrada ;2702;Gestão do Programa Escola Integrada;7;Consolidação e Ampliação de Parcerias;1;0;19292000;6543869.06;4700000;11243869.06;15308808.12;13464939.06;13464939.06
AEQ;EIXO: ACESSO À EDUCAÇÃO DE QUALIDADE;EDU;SUB-EIXO: EDUCAÇÃO;EX;EX;12;Educação;361;Ensino Fundamental;206;Expansão da Escola Integrada ;2702;Gestão do Programa Escola Integrada;12;Projeto BH para Crianças;1;0;2538251;657417.31;798166.64;798166.63;2453299.08;2194958.26;2002001.47
AEQ;EIXO: ACESSO À EDUCAÇÃO DE QUALIDADE;EDU;SUB-EIXO: EDUCAÇÃO;EX;EX;12;Educação;361;Ensino Fundamental;206;Expansão da Escola Integrada ;2702;Gestão do Programa Escola Integrada;14;Disponibilização de Vagas para o Ensino de Música em Escolas de Música;1;0;4000000;1284874;1378897.93;1477725.06;3250076.5;2961737.06;2674186.06
AEQ;EIXO: ACESSO À EDUCAÇÃO DE QUALIDADE;EDU;SUB-EIXO: EDUCAÇÃO;EX;EX;12;Educação;361;Ensino Fundamental;206;Expansão da Escola Integrada ;2702;Gestão do Programa Escola Integrada;16;Coordenação de rede Física de Ensino Fundamental;1;0;1000;0;0;0;0;0;0
AEQ;EIXO: ACESSO À EDUCAÇÃO DE QUALIDADE;EDU;SUB-EIXO: EDUCAÇÃO;EX;EX;12;Educação;361;Ensino Fundamental;206;Expansão da Escola Integrada ;2858;Expansão de Unidades Municipais de Educação - Parceria Público-Privada;2;Expansão de Unidades Municipais de Ensino Fundamental - Parceria Público-Privada;1;0;10084400;2973982.98;4131430.6;4131430.6;18979285.78;17933097.55;17933097.55
AEQ;EIXO: ACESSO À EDUCAÇÃO DE QUALIDADE;EDU;SUB-EIXO: EDUCAÇÃO;EX;EX;12;Educação;361;Ensino Fundamental;207;Melhoria da Qualidade da Educação;2041;Formação para Profissionais da Educação;3;Formação dos Professores do Ensino Fundamental em Cursos/Oficinas Específicas para Alfabetização e Matemática;1;0;850000;7890;1265.76;14879.25;25354.31;17077.38;17027.38
AEQ;EIXO: ACESSO À EDUCAÇÃO DE QUALIDADE;EDU;SUB-EIXO: EDUCAÇÃO;EX;EX;12;Educação;361;Ensino Fundamental;207;Melhoria da Qualidade da Educação;2705;Mobilização da Comunidade Escolar;1;Formação e Mobilização da Comunidade Escolar;1;0;91000;0;0;0;2114.44;2066.3;2066.3
AEQ;EIXO: ACESSO À EDUCAÇÃO DE QUALIDADE;EDU;SUB-EIXO: EDUCAÇÃO;EX;EX;12;Educação;361;Ensino Fundamental;207;Melhoria da Qualidade da Educação;2705;Mobilização da Comunidade Escolar;2;Realização do Fórum Família Escola;1;0;142000;4654;10457.8;5911.8;13654;12857.8;8311.8
AEQ;EIXO: ACESSO À EDUCAÇÃO DE QUALIDADE;EDU;SUB-EIXO: EDUCAÇÃO;EX;EX;12;Educação;361;Ensino Fundamental;207;Melhoria da Qualidade da Educação;2705;Mobilização da Comunidade Escolar;4;Publicação de Jornal Família Escola do Ensino Fundamental;1;0;126000;0;0;0;0;0;0
AEQ;EIXO: ACESSO À EDUCAÇÃO DE QUALIDADE;EDU;SUB-EIXO: EDUCAÇÃO;EX;EX;12;Educação;361;Ensino Fundamental;207;Melhoria da Qualidade da Educação;2705;Mobilização da Comunidade Escolar;5;Ações Educativas  Preventivas da Obesidade;1;0;500000;0;0;0;0;0;0
AEQ;EIXO: ACESSO À EDUCAÇÃO DE QUALIDADE;EDU;SUB-EIXO: EDUCAÇÃO;EX;EX;12;Educação;361;Ensino Fundamental;207;Melhoria da Qualidade da Educação;2706;Melhoria da Aprendizagem e Avaliação de Desempenho Escolar;3;Avaliação de Aprendizagem dos Alunos - Avalia BH e Avalia EJA;1;0;2771070;0;0;996692.8;996692.8;996692.8;996692.8
AEQ;EIXO: ACESSO À EDUCAÇÃO DE QUALIDADE;EDU;SUB-EIXO: EDUCAÇÃO;EX;EX;12;Educação;361;Ensino Fundamental;207;Melhoria da Qualidade da Educação;2706;Melhoria da Aprendizagem e Avaliação de Desempenho Escolar;5;Realização de Concursos e Prêmios;1;0;301000;0;0;0;0;0;0
AEQ;EIXO: ACESSO À EDUCAÇÃO DE QUALIDADE;EDU;SUB-EIXO: EDUCAÇÃO;EX;EX;12;Educação;361;Ensino Fundamental;207;Melhoria da Qualidade da Educação;2706;Melhoria da Aprendizagem e Avaliação de Desempenho Escolar;6;Ação de incentivo à Educação Especializada complementar para Garantia da Aprendizagem da Pessoa com Deficiência;1;0;500000;0;0;0;0;0;0
AEQ;EIXO: ACESSO À EDUCAÇÃO DE QUALIDADE;EDU;SUB-EIXO: EDUCAÇÃO;EX;EX;12;Educação;361;Ensino Fundamental;207;Melhoria da Qualidade da Educação;2886;Gestão da Melhoria da Qualidade da Educação;1;Projeto Trajetórias Adolescentes;1;0;200000;0;0;0;0;0;0
AEQ;EIXO: ACESSO À EDUCAÇÃO DE QUALIDADE;EDU;SUB-EIXO: EDUCAÇÃO;EX;EX;12;Educação;361;Ensino Fundamental;207;Melhoria da Qualidade da Educação;2886;Gestão da Melhoria da Qualidade da Educação;3;Elaboração do Plano Municipal de Educação;1;0;29085;0;0;0;0;0;0
AEQ;EIXO: ACESSO À EDUCAÇÃO DE QUALIDADE;EDU;SUB-EIXO: EDUCAÇÃO;EX;EX;12;Educação;361;Ensino Fundamental;207;Melhoria da Qualidade da Educação;2886;Gestão da Melhoria da Qualidade da Educação;4;Implantação do Observatório do Clima Escolar;1;0;190000;0;0;0;0;0;0
AEQ;EIXO: ACESSO À EDUCAÇÃO DE QUALIDADE;EDU;SUB-EIXO: EDUCAÇÃO;EX;EX;12;Educação;361;Ensino Fundamental;207;Melhoria da Qualidade da Educação;2886;Gestão da Melhoria da Qualidade da Educação;5;Implementação da Política de Alfabetização;1;0;50000;0;0;0;0;0;0
AEQ;EIXO: ACESSO À EDUCAÇÃO DE QUALIDADE;EDU;SUB-EIXO: EDUCAÇÃO;EX;EX;12;Educação;361;Ensino Fundamental;207;Melhoria da Qualidade da Educação;2886;Gestão da Melhoria da Qualidade da Educação;7;Implementação do Projeto Arte na Escola;1;0;199999;0;0;0;0;0;0
AEQ;EIXO: ACESSO À EDUCAÇÃO DE QUALIDADE;EDU;SUB-EIXO: EDUCAÇÃO;EX;EX;12;Educação;361;Ensino Fundamental;207;Melhoria da Qualidade da Educação;2886;Gestão da Melhoria da Qualidade da Educação;8;"Publicação da Revista ""Pensar Educação""";1;0;5000;0;0;0;0;0;0
AEQ;EIXO: ACESSO À EDUCAÇÃO DE QUALIDADE;EDU;SUB-EIXO: EDUCAÇÃO;EX;EX;12;Educação;361;Ensino Fundamental;207;Melhoria da Qualidade da Educação;2886;Gestão da Melhoria da Qualidade da Educação;10;Cidades Educadoras;1;0;7000;0;0;0;0;0;0
AEQ;EIXO: ACESSO À EDUCAÇÃO DE QUALIDADE;EDU;SUB-EIXO: EDUCAÇÃO;EX;EX;12;Educação;361;Ensino Fundamental;233;Manutenção da Cidade;1211;Construção, Ampliação e Reforma de Unidades de Ensino;3;Construção, Ampliação e Reforma de Unidades de Ensino;1;0;8936109;1520758;1228008.94;368753.67;5501208.77;4547655.23;2710137.68
AEQ;EIXO: ACESSO À EDUCAÇÃO DE QUALIDADE;EDU;SUB-EIXO: EDUCAÇÃO;EX;EX;12;Educação;361;Ensino Fundamental;236;Direito de Todos ;2041;Formação para Profissionais da Educação;6;Qualificar Professores em História Indígena e Afro-brasileira;1;0;42000;0;0;0;0;0;0
AEQ;EIXO: ACESSO À EDUCAÇÃO DE QUALIDADE;EDU;SUB-EIXO: EDUCAÇÃO;EX;EX;12;Educação;361;Ensino Fundamental;236;Direito de Todos ;2041;Formação para Profissionais da Educação;8;Formação de professores no projeto Educação para a Diversidade;1;0;12100;0;0;0;0;0;0
AEQ;EIXO: ACESSO À EDUCAÇÃO DE QUALIDADE;EDU;SUB-EIXO: EDUCAÇÃO;EX;EX;12;Educação;361;Ensino Fundamental;236;Direito de Todos ;2386;Programa Municipal de Igualdade Racial;1;Atividades do Grupo de Promoção de Igualdade Racial na SMED;1;0;40000;211816.95;6465.42;0;211816.95;6465.42;0
AEQ;EIXO: ACESSO À EDUCAÇÃO DE QUALIDADE;EDU;SUB-EIXO: EDUCAÇÃO;EX;EX;12;Educação;361;Ensino Fundamental;237;Qualificação, Profissionalização e Emprego;2404;Ações de Qualificação, Profissionalização e Emprego;13;Disponibilização de Vagas para o Programa Municipal de Qualificação - EDUCAÇÃO;1;0;1062000;0;0;0;0;0;0
AEQ;EIXO: ACESSO À EDUCAÇÃO DE QUALIDADE;EDU;SUB-EIXO: EDUCAÇÃO;EX;EX;12;Educação;361;Ensino Fundamental;237;Qualificação, Profissionalização e Emprego;2702;Gestão do Programa Escola Integrada;10;Formação de Educadores do Programa;1;0;50000;0;0;0;0;0;0
AEQ;EIXO: ACESSO À EDUCAÇÃO DE QUALIDADE;EDU;SUB-EIXO: EDUCAÇÃO;EX;EX;12;Educação;361;Ensino Fundamental;241;Recomeço;2886;Gestão da Melhoria da Qualidade da Educação;6;Publicação de Material de Prevenção ao Uso de Drogas;1;0;105000;0;0;0;0;0;0
AEQ;EIXO: ACESSO À EDUCAÇÃO DE QUALIDADE;EDU;SUB-EIXO: EDUCAÇÃO;EX;EX;12;Educação;365;Educação Infantil;140;Gestão e Operacionalização da Política Educacional;2041;Formação para Profissionais da Educação;2;Formação de Professores da Educação Infantil;1;0;188000;3600;2400;11246.99;13928;12728;12728
AEQ;EIXO: ACESSO À EDUCAÇÃO DE QUALIDADE;EDU;SUB-EIXO: EDUCAÇÃO;EX;EX;12;Educação;365;Educação Infantil;140;Gestão e Operacionalização da Política Educacional;2046;Gestão Descentralizada da Educação;1;Assistência ao Educando, Conservação de Unidades Escolares da Educação Infantil;1;0;11662528;4806949;6936452.94;3771788.35;9351218;9351218;6186553.41
AEQ;EIXO: ACESSO À EDUCAÇÃO DE QUALIDADE;EDU;SUB-EIXO: EDUCAÇÃO;EX;EX;12;Educação;365;Educação Infantil;140;Gestão e Operacionalização da Política Educacional;2046;Gestão Descentralizada da Educação;4;PAP - Projeto de Ação Pedagógica - Educação Infantil;1;0;3663244;1348505.61;2981942.76;529679.9;4060841.81;3905942.76;1453679.9
AEQ;EIXO: ACESSO À EDUCAÇÃO DE QUALIDADE;EDU;SUB-EIXO: EDUCAÇÃO;EX;EX;12;Educação;365;Educação Infantil;140;Gestão e Operacionalização da Política Educacional;2046;Gestão Descentralizada da Educação;9;Revitalização de Unidades Escolares da Educação Infantil;1;0;1682000;0;0;0;0;0;0
AEQ;EIXO: ACESSO À EDUCAÇÃO DE QUALIDADE;EDU;SUB-EIXO: EDUCAÇÃO;EX;EX;12;Educação;365;Educação Infantil;140;Gestão e Operacionalização da Política Educacional;2046;Gestão Descentralizada da Educação;12;Contratação de Apoio Administrativo - Educação Infantil;1;0;4441071;4600687;4600687;2868402.2;9652523;9652523;7191313.2
AEQ;EIXO: ACESSO À EDUCAÇÃO DE QUALIDADE;EDU;SUB-EIXO: EDUCAÇÃO;EX;EX;12;Educação;365;Educação Infantil;140;Gestão e Operacionalização da Política Educacional;2542;Administração da Educação Infantil;1;Administração da Educação Infantil;1;0;245698401;94208242.3;94036832.07;89580690.09;247737135.7;247131070;223426941.8
AEQ;EIXO: ACESSO À EDUCAÇÃO DE QUALIDADE;EDU;SUB-EIXO: EDUCAÇÃO;EX;EX;12;Educação;365;Educação Infantil;140;Gestão e Operacionalização da Política Educacional;2700;Operação e Manutenção da Educação;1;Fornecimento de Kits Escolares - Educação Infantil;1;0;10207468;3356898.82;84031.83;1117896.14;8342320.67;5067415;5051224.32
AEQ;EIXO: ACESSO À EDUCAÇÃO DE QUALIDADE;EDU;SUB-EIXO: EDUCAÇÃO;EX;EX;12;Educação;365;Educação Infantil;140;Gestão e Operacionalização da Política Educacional;2700;Operação e Manutenção da Educação;8;Operação e Manutenção da Educação - Educação Infantil;1;0;9039157;1375307.55;1247068.39;1344520.05;3663035.39;2866724.02;2406395.01
AEQ;EIXO: ACESSO À EDUCAÇÃO DE QUALIDADE;EDU;SUB-EIXO: EDUCAÇÃO;EX;EX;12;Educação;365;Educação Infantil;140;Gestão e Operacionalização da Política Educacional;2888;Conveniamento com Instituições de Educação Infantil;2;Gestão de Convênio com Instituições de Educação Infantil;1;0;87984309;27054043.22;34359092.22;28641175.22;90204013.22;88670707.22;76865723.22
AEQ;EIXO: ACESSO À EDUCAÇÃO DE QUALIDADE;EDU;SUB-EIXO: EDUCAÇÃO;EX;EX;12;Educação;365;Educação Infantil;205;Expansão da Educação Infantil ;1211;Construção, Ampliação e Reforma de Unidades de Ensino;1;Construção, Ampliação e Reforma de Unidades de Ensino;1;0;51007864;515332.14;1323385.08;247920.08;5635782.04;4776500.34;3295663.62
AEQ;EIXO: ACESSO À EDUCAÇÃO DE QUALIDADE;EDU;SUB-EIXO: EDUCAÇÃO;EX;EX;12;Educação;365;Educação Infantil;205;Expansão da Educação Infantil ;2707;Aquisição e Instalação de Equipamentos;1;Aquisição e Instalação de Equipamentos;1;0;174000;34160.5;147090.94;190322.9;366646.29;217924.19;210428.9
AEQ;EIXO: ACESSO À EDUCAÇÃO DE QUALIDADE;EDU;SUB-EIXO: EDUCAÇÃO;EX;EX;12;Educação;365;Educação Infantil;205;Expansão da Educação Infantil ;2858;Expansão de Unidades Municipais de Educação - Parceria Público-Privada;1;Expansão de Unidades Municipais de Educação Infantil - Parceria Público-Privada;1;0;66271174;50307575.74;65757792.76;64714382.96;128285335.7;124171261;103939050
AEQ;EIXO: ACESSO À EDUCAÇÃO DE QUALIDADE;EDU;SUB-EIXO: EDUCAÇÃO;EX;EX;12;Educação;365;Educação Infantil;205;Expansão da Educação Infantil ;2888;Conveniamento com Instituições de Educação Infantil;3;Aquisição de Materiais para Creches Conveniadas - Termos de Compromisso;1;0;10356489;0;0;0;0;0;0
AEQ;EIXO: ACESSO À EDUCAÇÃO DE QUALIDADE;EDU;SUB-EIXO: EDUCAÇÃO;EX;EX;12;Educação;365;Educação Infantil;207;Melhoria da Qualidade da Educação;2705;Mobilização da Comunidade Escolar;3;Publicação de Jornal Família Escola da Educação Infantil;1;0;50000;0;0;0;0;0;0
AEQ;EIXO: ACESSO À EDUCAÇÃO DE QUALIDADE;EDU;SUB-EIXO: EDUCAÇÃO;EX;EX;12;Educação;366;Educação de Jovens e Adultos;140;Gestão e Operacionalização da Política Educacional;2041;Formação para Profissionais da Educação;4;Formação de Professores da Educação de Jovens e Adultos;1;0;96000;0;0;4423.5;4680;4680;4680
AEQ;EIXO: ACESSO À EDUCAÇÃO DE QUALIDADE;EDU;SUB-EIXO: EDUCAÇÃO;EX;EX;12;Educação;366;Educação de Jovens e Adultos;140;Gestão e Operacionalização da Política Educacional;2046;Gestão Descentralizada da Educação;3;Assistência ao Educando, Conservação de Unidades Escolares - Educação de Jovens e Adultos;1;0;777298;487380;732240.37;417935.01;969279;969279;654689.64
AEQ;EIXO: ACESSO À EDUCAÇÃO DE QUALIDADE;EDU;SUB-EIXO: EDUCAÇÃO;EX;EX;12;Educação;366;Educação de Jovens e Adultos;140;Gestão e Operacionalização da Política Educacional;2046;Gestão Descentralizada da Educação;6;PAP - Projeto de Ação Pedagógica - EJA;1;0;761666;90371.33;388219.24;98609.93;440528.44;388219.24;98609.93
AEQ;EIXO: ACESSO À EDUCAÇÃO DE QUALIDADE;EDU;SUB-EIXO: EDUCAÇÃO;EX;EX;12;Educação;366;Educação de Jovens e Adultos;140;Gestão e Operacionalização da Política Educacional;2080;Administração do Ensino Fundamental;1;Administração do Ensino Fundamental;1;0;49221800;14884090.15;14884090.15;12576697.6;36787473.7;36787473.7;32256027.12
AEQ;EIXO: ACESSO À EDUCAÇÃO DE QUALIDADE;EDU;SUB-EIXO: EDUCAÇÃO;EX;EX;12;Educação;366;Educação de Jovens e Adultos;140;Gestão e Operacionalização da Política Educacional;2700;Operação e Manutenção da Educação;3;Fornecimento de Kits Escolares - EJA;1;0;1452380;227856.91;0;0;562112.91;334256;334256
AEQ;EIXO: ACESSO À EDUCAÇÃO DE QUALIDADE;EDU;SUB-EIXO: EDUCAÇÃO;EX;EX;12;Educação;366;Educação de Jovens e Adultos;140;Gestão e Operacionalização da Política Educacional;2700;Operação e Manutenção da Educação;9;Operação e Manutenção da Educação - Educação de Jovens e Adultos;1;0;423199;38008;57555.5;74854.4;171669.8;154100.82;140572.16
AEQ;EIXO: ACESSO À EDUCAÇÃO DE QUALIDADE;EDU;SUB-EIXO: EDUCAÇÃO;EX;EX;12;Educação;366;Educação de Jovens e Adultos;140;Gestão e Operacionalização da Política Educacional;2700;Operação e Manutenção da Educação;11;Manutenção do Programa Brasil Alfabetizado;1;0;73750;0;0;0;0;0;0
AEQ;EIXO: ACESSO À EDUCAÇÃO DE QUALIDADE;EDU;SUB-EIXO: EDUCAÇÃO;EX;EX;12;Educação;366;Educação de Jovens e Adultos;207;Melhoria da Qualidade da Educação;2706;Melhoria da Aprendizagem e Avaliação de Desempenho Escolar;3;Avaliação de Aprendizagem dos Alunos - Avalia BH e Avalia EJA;1;0;680000;0;0;0;325837.82;325837.82;325837.82
AEQ;EIXO: ACESSO À EDUCAÇÃO DE QUALIDADE;EDU;SUB-EIXO: EDUCAÇÃO;EX;EX;12;Educação;367;Educação Especial;140;Gestão e Operacionalização da Política Educacional;2700;Operação e Manutenção da Educação;10;Operação e Manutenção da Educação -  Ensino Fundamental;1;0;7470000;0;0;0;0;0;0
AEQ;EIXO: ACESSO À EDUCAÇÃO DE QUALIDADE;EDU;SUB-EIXO: EDUCAÇÃO;EX;EX;12;Educação;367;Educação Especial;140;Gestão e Operacionalização da Política Educacional;2701;Apoio a inclusão de alunos com deficiência no cotidiano escolar;1;Atendimento Educacional Especializado na Rede Privada;1;0;840000;107779.95;157076.1;157076.1;479008.35;438681;438681
AEQ;EIXO: ACESSO À EDUCAÇÃO DE QUALIDADE;EDU;SUB-EIXO: EDUCAÇÃO;EX;EX;12;Educação;367;Educação Especial;207;Melhoria da Qualidade da Educação;2701;Apoio a inclusão de alunos com deficiência no cotidiano escolar;4;Formação de Professores de Educação Especial;1;0;553000;0;0;0;0;0;0
AEQ;EIXO: ACESSO À EDUCAÇÃO DE QUALIDADE;EDU;SUB-EIXO: EDUCAÇÃO;EX;EX;12;Educação;367;Educação Especial;207;Melhoria da Qualidade da Educação;2885;Transporte Escolar;2;Transporte Acessível;1;0;6045498;1753337.07;2097886.56;2243888.33;6256997.97;5732526.24;5525050.02
AEQ;EIXO: ACESSO À EDUCAÇÃO DE QUALIDADE;EDU;SUB-EIXO: EDUCAÇÃO;EX;EX;12;Educação;367;Educação Especial;207;Melhoria da Qualidade da Educação;2886;Gestão da Melhoria da Qualidade da Educação;9;Ampliação de Alunos no Atendimento Educacional Especializado - AEE;1;0;12000;0;0;0;29990.4;29990.4;29990.4
AEQ;EIXO: ACESSO À EDUCAÇÃO DE QUALIDADE;EDU;SUB-EIXO: EDUCAÇÃO;NEX;NEX;18;Gestão Ambiental;541;Preservação e Conservação Ambiental;69;Gestão da Política Ambiental;2564;Operacionalização das Políticas Ambientais;2;Gestão da Política de Educação Ambiental;0.25;0;2887987;1075866.348;1078216.348;1064142.358;2985106.213;2985106.213;2739438.453
AEQ;EIXO: ACESSO À EDUCAÇÃO DE QUALIDADE;EDU;SUB-EIXO: EDUCAÇÃO;NEX;NEX;18;Gestão Ambiental;541;Preservação e Conservação Ambiental;69;Gestão da Política Ambiental;2564;Operacionalização das Políticas Ambientais;4;Reestruturação dos Centros Regionais de Educação Ambiental - CEAs;0.25;0;31483;0;0;0;0;0;0
AEQ;EIXO: ACESSO À EDUCAÇÃO DE QUALIDADE;EDU;SUB-EIXO: EDUCAÇÃO;NEX;NEX;18;Gestão Ambiental;541;Preservação e Conservação Ambiental;69;Gestão da Política Ambiental;2564;Operacionalização das Políticas Ambientais;8;Educação Ambiental - Programa Pampulha;0.25;0;1500;0;0;0;0;0;0
AEQ;EIXO: ACESSO À EDUCAÇÃO DE QUALIDADE;EDU;SUB-EIXO: EDUCAÇÃO;NEX;NEX;18;Gestão Ambiental;541;Preservação e Conservação Ambiental;69;Gestão da Política Ambiental;2564;Operacionalização das Políticas Ambientais;9;Gestão Operacional do Centro de Educação Ambiental - CEA/PROPAN;0.25;0;33775;6749.095;8688.915;7131.8375;25545.505;25331.095;22107.6475
AEQ;EIXO: ACESSO À EDUCAÇÃO DE QUALIDADE;EDU;SUB-EIXO: EDUCAÇÃO;NEX;NEX;18;Gestão Ambiental;541;Preservação e Conservação Ambiental;72;Planejamento, Monitoramento e Gerenciamento dos Parques e Necrópoles;2817;Educação Ambiental e Promoção de Eventos;1;Realização de Atividades de Educação Ambiental e Eventos;0.25;0;122845;4680.32;4739.0425;4739.0425;35613.97;35613.97;35613.97
AEQ;EIXO: ACESSO À EDUCAÇÃO DE QUALIDADE;EDU;SUB-EIXO: EDUCAÇÃO;NEX;NEX;18;Gestão Ambiental;541;Preservação e Conservação Ambiental;72;Planejamento, Monitoramento e Gerenciamento dos Parques e Necrópoles;2817;Educação Ambiental e Promoção de Eventos;2;Desenvolvimento de Material Educativo e de Comunicação;0.25;0;58750;0;0;0;0;0;0
AEQ;EIXO: ACESSO À EDUCAÇÃO DE QUALIDADE;EDU;SUB-EIXO: EDUCAÇÃO;NEX;NEX;20;Agricultura;601;Promoção da Produção Vegetal;132;Gestão da Política Municipal de Segurança Alimentar e Nutricional;2121;Fomento e Gerenciamento da Comercialização Direta da Agricultura Urbana e Familiar;7;Hortas Escolares e Comunitárias;0.85;0;12750;0;0;0;0;0;0
AEQ;EIXO: ACESSO À EDUCAÇÃO DE QUALIDADE;EDU;SUB-EIXO: EDUCAÇÃO;NEX;NEX;20;Agricultura;601;Promoção da Produção Vegetal;236;Direito de Todos ;2331;Centro de Referência em Segurança Alimentar e Nutricional Sustentável;9;Oficinas de Plantio em Espaços Alternativos;0.25;0;500;0;0;0;0;0;0
PDI;EIXO: PROMOÇÃO DE DIREITOS E PROTEÇÃO INTEGRAL;ASS;SUB-EIXO: ASSISTÊNCIA SOCIAL;NEX;NEX;4;Administração;122;Administração Geral;123;Gestão da Política Social;1345;Sistema de Informação para Gestão das Políticas Sociais - SIGPS;2;Evolução do Sistema de Informação e Gestão de Políticas Sociais - SIGPS;0.25;0;577474;0;68345.8825;63245.9875;224250;100924.955;94527.2375
PDI;EIXO: PROMOÇÃO DE DIREITOS E PROTEÇÃO INTEGRAL;ASS;SUB-EIXO: ASSISTÊNCIA SOCIAL;NEX;NEX;4;Administração;122;Administração Geral;123;Gestão da Política Social;2334;Gestão Compartilhada e Participação Social;1;Coordenação e Participação em Fóruns Governamentais e GTs;0.25;0;22500;11043.2;9277.1;1563.1;11121.1;9355;1641
PDI;EIXO: PROMOÇÃO DE DIREITOS E PROTEÇÃO INTEGRAL;ASS;SUB-EIXO: ASSISTÊNCIA SOCIAL;NEX;NEX;4;Administração;122;Administração Geral;123;Gestão da Política Social;2334;Gestão Compartilhada e Participação Social;2;Apoio aos Conselhos Municipais;0.25;0;10750;0;0;0;0;0;0
PDI;EIXO: PROMOÇÃO DE DIREITOS E PROTEÇÃO INTEGRAL;ASS;SUB-EIXO: ASSISTÊNCIA SOCIAL;NEX;NEX;4;Administração;122;Administração Geral;123;Gestão da Política Social;2334;Gestão Compartilhada e Participação Social;3;Realização de Conferências;0.25;0;47500;0;0;0;0;0;0
PDI;EIXO: PROMOÇÃO DE DIREITOS E PROTEÇÃO INTEGRAL;ASS;SUB-EIXO: ASSISTÊNCIA SOCIAL;NEX;NEX;4;Administração;122;Administração Geral;123;Gestão da Política Social;2787;Planejamento e Monitoramento e Divulgação da Política Social;1;Produção de Estudos Técnicos e Diagnósticos Espaciais;0.25;0;34134;0;0;0;0;0;0
PDI;EIXO: PROMOÇÃO DE DIREITOS E PROTEÇÃO INTEGRAL;ASS;SUB-EIXO: ASSISTÊNCIA SOCIAL;NEX;NEX;4;Administração;122;Administração Geral;123;Gestão da Política Social;2787;Planejamento e Monitoramento e Divulgação da Política Social;2;Realização de Publicações Diversas e Produção de Material Informativo;0.25;0;18259;0;0;0;0;0;0
PDI;EIXO: PROMOÇÃO DE DIREITOS E PROTEÇÃO INTEGRAL;ASS;SUB-EIXO: ASSISTÊNCIA SOCIAL;NEX;NEX;4;Administração;122;Administração Geral;123;Gestão da Política Social;2787;Planejamento e Monitoramento e Divulgação da Política Social;3;Articulação para Gestão Integrada e Intersetorial das Políticas Sociais - Câmara Intersetorial de Políticas Sociais;0.25;0;787;0;0;0;0;0;0
PDI;EIXO: PROMOÇÃO DE DIREITOS E PROTEÇÃO INTEGRAL;ASS;SUB-EIXO: ASSISTÊNCIA SOCIAL;NEX;NEX;4;Administração;122;Administração Geral;123;Gestão da Política Social;2900;Serviços Administrativos e Financeiros;1;Serviços Administrativos e Financeiros ;0.25;0;1671121;499050.8475;548710.89;465883.8075;1582236.85;1534461.355;1338781.135
PDI;EIXO: PROMOÇÃO DE DIREITOS E PROTEÇÃO INTEGRAL;ASS;SUB-EIXO: ASSISTÊNCIA SOCIAL;NEX;NEX;8;Assistência Social;122;Administração Geral;234;BH Cidadania  e o SUAS - Sistema Único de Assistência Social ;1353;Implantação dos Espaços BH Cidadania;1;Núcleos BH Cidadania Implantados;0.25;0;116250;0;0;0;659.0275;659.0275;659.0275
PDI;EIXO: PROMOÇÃO DE DIREITOS E PROTEÇÃO INTEGRAL;ASS;SUB-EIXO: ASSISTÊNCIA SOCIAL;EX;EX;8;Assistência Social;243;Assistência à Criança e ao Adolescente;19;Proteção Social Básica;2401;Serviço de Convivência e Fortalecimento de Vínculos;2;Serviços para Crianças até 6 Anos;1;0;822993;204998.45;369182.66;300849.83;819993.76;819993.76;731253.82
PDI;EIXO: PROMOÇÃO DE DIREITOS E PROTEÇÃO INTEGRAL;ASS;SUB-EIXO: ASSISTÊNCIA SOCIAL;EX;EX;8;Assistência Social;243;Assistência à Criança e ao Adolescente;19;Proteção Social Básica;2401;Serviço de Convivência e Fortalecimento de Vínculos;3;Serviços para Crianças e Adolescentes de 6 a 15 Anos;1;0;1646956;455098.43;443084.34;484457.62;1209316.84;1079216.59;1007066.33
PDI;EIXO: PROMOÇÃO DE DIREITOS E PROTEÇÃO INTEGRAL;ASS;SUB-EIXO: ASSISTÊNCIA SOCIAL;EX;EX;8;Assistência Social;243;Assistência à Criança e ao Adolescente;19;Proteção Social Básica;2401;Serviço de Convivência e Fortalecimento de Vínculos;4;Serviços para Adolescentes e Jovens de 15 a 17 Anos;1;0;1840629;169455;251615;177745.05;1320344.58;1320344.58;1215664.63
PDI;EIXO: PROMOÇÃO DE DIREITOS E PROTEÇÃO INTEGRAL;ASS;SUB-EIXO: ASSISTÊNCIA SOCIAL;EX;EX;8;Assistência Social;243;Assistência à Criança e ao Adolescente;20;Proteção Social Especial;2403;Serviço de Proteção Social Especial de Alta Complexidade;3;Acolhimento Institucional para Criança e Adolescente;1;0;18852838;4440909.61;5946966.35;6164791.37;18936819.5;18485789.28;18192662.49
PDI;EIXO: PROMOÇÃO DE DIREITOS E PROTEÇÃO INTEGRAL;ASS;SUB-EIXO: ASSISTÊNCIA SOCIAL;EX;EX;8;Assistência Social;243;Assistência à Criança e ao Adolescente;20;Proteção Social Especial;2403;Serviço de Proteção Social Especial de Alta Complexidade;25;Acolhimento Institucional de Breve Permanencia;1;0;1534975;327826.6;280055.4;287101.8;409859.64;350245.84;344046.24
PDI;EIXO: PROMOÇÃO DE DIREITOS E PROTEÇÃO INTEGRAL;ASS;SUB-EIXO: ASSISTÊNCIA SOCIAL;EX;EX;8;Assistência Social;243;Assistência à Criança e ao Adolescente;163;Promoção e Proteção às Crianças e Adolescentes e suas Famílias ;2334;Gestão Compartilhada e Participação Social;3;Realização de Conferências;1;0;400000;0;0;69000.22;173914.22;173914.22;173914.22
PDI;EIXO: PROMOÇÃO DE DIREITOS E PROTEÇÃO INTEGRAL;ASS;SUB-EIXO: ASSISTÊNCIA SOCIAL;EX;EX;8;Assistência Social;243;Assistência à Criança e ao Adolescente;163;Promoção e Proteção às Crianças e Adolescentes e suas Famílias ;2859; Ações para a Promoção e Proteção dos Direitos da Criança, Adolescentes e suas Famílias;1;Apoio aos Conselhos Tutelares;1;0;5232784;1650292.34;1718568.36;1531365.46;5106281.87;5014553.06;4422021.75
PDI;EIXO: PROMOÇÃO DE DIREITOS E PROTEÇÃO INTEGRAL;ASS;SUB-EIXO: ASSISTÊNCIA SOCIAL;EX;EX;8;Assistência Social;243;Assistência à Criança e ao Adolescente;163;Promoção e Proteção às Crianças e Adolescentes e suas Famílias ;2859; Ações para a Promoção e Proteção dos Direitos da Criança, Adolescentes e suas Famílias;2;Orientação e Apoio Sociofamiliar;1;0;776000;0;314350.2;355417.8;370317.8;370317.8;370317.8
PDI;EIXO: PROMOÇÃO DE DIREITOS E PROTEÇÃO INTEGRAL;ASS;SUB-EIXO: ASSISTÊNCIA SOCIAL;EX;EX;8;Assistência Social;243;Assistência à Criança e ao Adolescente;163;Promoção e Proteção às Crianças e Adolescentes e suas Famílias ;2859; Ações para a Promoção e Proteção dos Direitos da Criança, Adolescentes e suas Famílias;3;Apoio Socioeducativo em Meio Aberto;1;0;2330000;9826.01;7486.01;15726.01;2102720.3;2100380.3;2100380.3
PDI;EIXO: PROMOÇÃO DE DIREITOS E PROTEÇÃO INTEGRAL;ASS;SUB-EIXO: ASSISTÊNCIA SOCIAL;EX;EX;8;Assistência Social;243;Assistência à Criança e ao Adolescente;163;Promoção e Proteção às Crianças e Adolescentes e suas Famílias ;2859; Ações para a Promoção e Proteção dos Direitos da Criança, Adolescentes e suas Famílias;4;Acolhimento Familiar;1;0;1800000;109995.72;109995.72;54997.86;164993.58;164993.58;54997.86
PDI;EIXO: PROMOÇÃO DE DIREITOS E PROTEÇÃO INTEGRAL;ASS;SUB-EIXO: ASSISTÊNCIA SOCIAL;EX;EX;8;Assistência Social;243;Assistência à Criança e ao Adolescente;163;Promoção e Proteção às Crianças e Adolescentes e suas Famílias ;2859; Ações para a Promoção e Proteção dos Direitos da Criança, Adolescentes e suas Famílias;5;Acolhimento Institucional;1;0;775000;29418;30000;30000;128368;128368;128368
PDI;EIXO: PROMOÇÃO DE DIREITOS E PROTEÇÃO INTEGRAL;ASS;SUB-EIXO: ASSISTÊNCIA SOCIAL;EX;EX;8;Assistência Social;243;Assistência à Criança e ao Adolescente;163;Promoção e Proteção às Crianças e Adolescentes e suas Famílias ;2859; Ações para a Promoção e Proteção dos Direitos da Criança, Adolescentes e suas Famílias;11;Apoio às Ações Voltadas para a Crianças e Adolescente na Ocasião de Megaeventos;1;0;40000;0;0;0;0;0;0
PDI;EIXO: PROMOÇÃO DE DIREITOS E PROTEÇÃO INTEGRAL;ASS;SUB-EIXO: ASSISTÊNCIA SOCIAL;EX;EX;8;Assistência Social;243;Assistência à Criança e ao Adolescente;163;Promoção e Proteção às Crianças e Adolescentes e suas Famílias ;2859; Ações para a Promoção e Proteção dos Direitos da Criança, Adolescentes e suas Famílias;17;Apoio às Ações de Atendimento Socioeducativo;1;0;935000;14439;14439;14439;14439;14439;14439
PDI;EIXO: PROMOÇÃO DE DIREITOS E PROTEÇÃO INTEGRAL;ASS;SUB-EIXO: ASSISTÊNCIA SOCIAL;EX;EX;8;Assistência Social;243;Assistência à Criança e ao Adolescente;163;Promoção e Proteção às Crianças e Adolescentes e suas Famílias ;2859; Ações para a Promoção e Proteção dos Direitos da Criança, Adolescentes e suas Famílias;18;Apoio às Ações de Articulação Regional para a promoção dos Direitos da Criança e do Adolescente;1;0;195500;29683.5;12589.5;12589.5;29683.5;12589.5;12589.5
PDI;EIXO: PROMOÇÃO DE DIREITOS E PROTEÇÃO INTEGRAL;ASS;SUB-EIXO: ASSISTÊNCIA SOCIAL;EX;EX;8;Assistência Social;243;Assistência à Criança e ao Adolescente;163;Promoção e Proteção às Crianças e Adolescentes e suas Famílias ;2860;Ações para o Fortalecimento das Diretrizes do Estatuto da Criança e do Adolescente;1;Assessoria Técnica/Financeira;1;0;700000;0;0;0;19840;19840;19840
PDI;EIXO: PROMOÇÃO DE DIREITOS E PROTEÇÃO INTEGRAL;ASS;SUB-EIXO: ASSISTÊNCIA SOCIAL;EX;EX;8;Assistência Social;243;Assistência à Criança e ao Adolescente;163;Promoção e Proteção às Crianças e Adolescentes e suas Famílias ;2860;Ações para o Fortalecimento das Diretrizes do Estatuto da Criança e do Adolescente;2;Vigilância e Defesa de Direitos;1;0;1172000;18660.1;23136.2;23136.2;958122.98;958122.98;958122.98
PDI;EIXO: PROMOÇÃO DE DIREITOS E PROTEÇÃO INTEGRAL;ASS;SUB-EIXO: ASSISTÊNCIA SOCIAL;EX;EX;8;Assistência Social;243;Assistência à Criança e ao Adolescente;163;Promoção e Proteção às Crianças e Adolescentes e suas Famílias ;2860;Ações para o Fortalecimento das Diretrizes do Estatuto da Criança e do Adolescente;3;Capacitação e Formatação de Atores de Atendimento e Defesa do Sistema de Garantia de Direitos;1;0;395000;22949.97;18441.09;18441.09;25923.13;21414.25;21414.25
PDI;EIXO: PROMOÇÃO DE DIREITOS E PROTEÇÃO INTEGRAL;ASS;SUB-EIXO: ASSISTÊNCIA SOCIAL;EX;EX;8;Assistência Social;243;Assistência à Criança e ao Adolescente;163;Promoção e Proteção às Crianças e Adolescentes e suas Famílias ;2860;Ações para o Fortalecimento das Diretrizes do Estatuto da Criança e do Adolescente;4;Publicações Diversas;1;0;80000;0;0;0;20208.9;20208.9;20208.9
PDI;EIXO: PROMOÇÃO DE DIREITOS E PROTEÇÃO INTEGRAL;ASS;SUB-EIXO: ASSISTÊNCIA SOCIAL;EX;EX;8;Assistência Social;243;Assistência à Criança e ao Adolescente;163;Promoção e Proteção às Crianças e Adolescentes e suas Famílias ;2860;Ações para o Fortalecimento das Diretrizes do Estatuto da Criança e do Adolescente;5;Realização de campanhas na sociedade em prol da garantia de direitos das crianças e adolescentes;1;0;400000;112758;44938;44938;112758;44938;44938
PDI;EIXO: PROMOÇÃO DE DIREITOS E PROTEÇÃO INTEGRAL;ASS;SUB-EIXO: ASSISTÊNCIA SOCIAL;EX;EX;8;Assistência Social;243;Assistência à Criança e ao Adolescente;163;Promoção e Proteção às Crianças e Adolescentes e suas Famílias ;2860;Ações para o Fortalecimento das Diretrizes do Estatuto da Criança e do Adolescente;6;Promoção do Processo de Escolha de Conselheiros Tutelares;1;0;200000;84419.12;84419.12;84419.12;84419.12;84419.12;84419.12
PDI;EIXO: PROMOÇÃO DE DIREITOS E PROTEÇÃO INTEGRAL;ASS;SUB-EIXO: ASSISTÊNCIA SOCIAL;EX;EX;8;Assistência Social;243;Assistência à Criança e ao Adolescente;163;Promoção e Proteção às Crianças e Adolescentes e suas Famílias ;2860;Ações para o Fortalecimento das Diretrizes do Estatuto da Criança e do Adolescente;8;Apoio às ações de fortalecimento para a participação de Crianças e Adolescentes;1;0;147500;0;0;0;1440;1440;1440
PDI;EIXO: PROMOÇÃO DE DIREITOS E PROTEÇÃO INTEGRAL;ASS;SUB-EIXO: ASSISTÊNCIA SOCIAL;EX;EX;8;Assistência Social;243;Assistência à Criança e ao Adolescente;234;BH Cidadania  e o SUAS - Sistema Único de Assistência Social ;2859; Ações para a Promoção e Proteção dos Direitos da Criança, Adolescentes e suas Famílias;16;Avançar na Padronização e Modernização dos Conselhos Tutelares;1;0;150000;0;0;0;0;0;0
PDI;EIXO: PROMOÇÃO DE DIREITOS E PROTEÇÃO INTEGRAL;ASS;SUB-EIXO: ASSISTÊNCIA SOCIAL;EX;EX;8;Assistência Social;243;Assistência à Criança e ao Adolescente;237;Qualificação, Profissionalização e Emprego;2647;Inserção Social e Produtiva;2;Programa de Promoção ao Adolescente Trabalhador;1;0;6889516;1313404.65;1751206.2;1313404.65;5253618.6;3502412.4;3064610.85
PDI;EIXO: PROMOÇÃO DE DIREITOS E PROTEÇÃO INTEGRAL;ASS;SUB-EIXO: ASSISTÊNCIA SOCIAL;NEX;NEX;8;Assistência Social;244;Assistência Comunitária;19;Proteção Social Básica;1220;Construção, Ampliação e Reforma de Unidades de Assistência Social;1;Construção, Ampliação e Reforma de Unidades de Assistência Social;0.25;0;75000;0;0;0;0;0;0
PDI;EIXO: PROMOÇÃO DE DIREITOS E PROTEÇÃO INTEGRAL;ASS;SUB-EIXO: ASSISTÊNCIA SOCIAL;EX;EX;8;Assistência Social;244;Assistência Comunitária;19;Proteção Social Básica;2308;Serviço de Proteção e Atendimento Integral à Família ;2;Serviço de Proteção e Atendimento Integral à Família;1;0;25602250;7870885.39;8122263.65;6670885.18;23333533.83;22534828.32;19443806.49
PDI;EIXO: PROMOÇÃO DE DIREITOS E PROTEÇÃO INTEGRAL;ASS;SUB-EIXO: ASSISTÊNCIA SOCIAL;NEX;NEX;8;Assistência Social;244;Assistência Comunitária;19;Proteção Social Básica;2405;Serviços, Benefícios e Transferência de Renda;1;Inserção, Acompanhamento das Famílias Beneficiárias dos Programa de Transferência de Renda e Benefícios Eventuais - Base Regional;0.25;0;3504575;204031.565;233846.785;241176.6375;664500.4825;652374.6175;610389.965
PDI;EIXO: PROMOÇÃO DE DIREITOS E PROTEÇÃO INTEGRAL;ASS;SUB-EIXO: ASSISTÊNCIA SOCIAL;NEX;NEX;8;Assistência Social;244;Assistência Comunitária;19;Proteção Social Básica;2405;Serviços, Benefícios e Transferência de Renda;2;Concessão de Benefícios Eventuais;0.25;0;906693;143102.17;155013.9075;141527.165;464703.12;437535.715;376432.4725
PDI;EIXO: PROMOÇÃO DE DIREITOS E PROTEÇÃO INTEGRAL;ASS;SUB-EIXO: ASSISTÊNCIA SOCIAL;NEX;NEX;8;Assistência Social;244;Assistência Comunitária;19;Proteção Social Básica;2405;Serviços, Benefícios e Transferência de Renda;3;Inserção, Acompanhamento das Famílias Beneficiárias dos Programa de Transferência de Renda e Benefícios Eventuais ;0.25;0;1558043;309351.575;181954.82;128519.635;470234.46;320649.4575;257201.5475
PDI;EIXO: PROMOÇÃO DE DIREITOS E PROTEÇÃO INTEGRAL;ASS;SUB-EIXO: ASSISTÊNCIA SOCIAL;NEX;NEX;8;Assistência Social;244;Assistência Comunitária;19;Proteção Social Básica;2833;Ações de Assessoramento e de Defesa de Direitos;1;Ações de Assessoramento e de Defesa de Direitos;0.25;0;484833;242291.82;201909.8125;161527.8425;484583.6025;363437.6925;323055.7225
PDI;EIXO: PROMOÇÃO DE DIREITOS E PROTEÇÃO INTEGRAL;ASS;SUB-EIXO: ASSISTÊNCIA SOCIAL;NEX;NEX;8;Assistência Social;244;Assistência Comunitária;19;Proteção Social Básica;2879;Serviço de Proteção Social Básica em Domicílio para Pessoas com Deficiência e Idosas;1;Proteção Social à Pessoa com Deficiência;0.25;0;303025;71469.93;95293.24;117482.09;285879.72;284245.26;260421.95
PDI;EIXO: PROMOÇÃO DE DIREITOS E PROTEÇÃO INTEGRAL;ASS;SUB-EIXO: ASSISTÊNCIA SOCIAL;NEX;NEX;8;Assistência Social;244;Assistência Comunitária;20;Proteção Social Especial;2403;Serviço de Proteção Social Especial de Alta Complexidade;2;Acolhimento Institucional e Unidade de Passagem para Adultos e Famílias;0.25;0;240479;62462.5925;94442.24;94442.24;244860.4875;243870.4875;242891.6125
PDI;EIXO: PROMOÇÃO DE DIREITOS E PROTEÇÃO INTEGRAL;ASS;SUB-EIXO: ASSISTÊNCIA SOCIAL;NEX;NEX;8;Assistência Social;244;Assistência Comunitária;20;Proteção Social Especial;2403;Serviço de Proteção Social Especial de Alta Complexidade;5;Acolhimento Institucional para Famílias;0.25;0;455012;67053.0125;34581.115;30581.0525;240071.2775;155769.37;146061.56
PDI;EIXO: PROMOÇÃO DE DIREITOS E PROTEÇÃO INTEGRAL;ASS;SUB-EIXO: ASSISTÊNCIA SOCIAL;NEX;NEX;8;Assistência Social;244;Assistência Comunitária;20;Proteção Social Especial;2403;Serviço de Proteção Social Especial de Alta Complexidade;6;Acolhimento Institucional em Unidade de Passagem para População de Rua;0.25;0;620471;153650.6625;153650.6625;210269.89;601868.43;550651.5425;504836.995
PDI;EIXO: PROMOÇÃO DE DIREITOS E PROTEÇÃO INTEGRAL;ASS;SUB-EIXO: ASSISTÊNCIA SOCIAL;NEX;NEX;8;Assistência Social;244;Assistência Comunitária;20;Proteção Social Especial;2403;Serviço de Proteção Social Especial de Alta Complexidade;8;Serviço de Apoio e Reintegração Familiar;0.25;0;86793;20428.6725;40857.3;20428.6275;81714.555;81714.555;61285.8825
PDI;EIXO: PROMOÇÃO DE DIREITOS E PROTEÇÃO INTEGRAL;ASS;SUB-EIXO: ASSISTÊNCIA SOCIAL;NEX;NEX;8;Assistência Social;244;Assistência Comunitária;20;Proteção Social Especial;2403;Serviço de Proteção Social Especial de Alta Complexidade;10;Serviço para Situação de Emergência;0.25;0;500;0;0;0;0;0;0
PDI;EIXO: PROMOÇÃO DE DIREITOS E PROTEÇÃO INTEGRAL;ASS;SUB-EIXO: ASSISTÊNCIA SOCIAL;EX;EX;8;Assistência Social;244;Assistência Comunitária;20;Proteção Social Especial;2403;Serviço de Proteção Social Especial de Alta Complexidade;11;Central de Vagas;1;0;204328;47995.41;95990.82;47995.41;191981.64;191981.64;143986.23
PDI;EIXO: PROMOÇÃO DE DIREITOS E PROTEÇÃO INTEGRAL;ASS;SUB-EIXO: ASSISTÊNCIA SOCIAL;NEX;NEX;8;Assistência Social;244;Assistência Comunitária;20;Proteção Social Especial;2403;Serviço de Proteção Social Especial de Alta Complexidade;13;Acolhimento Institucional ao Migrante;0.25;0;411424;100246.21;102852.525;107584.275;395231.005;329634.23;318804.0225
PDI;EIXO: PROMOÇÃO DE DIREITOS E PROTEÇÃO INTEGRAL;ASS;SUB-EIXO: ASSISTÊNCIA SOCIAL;NEX;NEX;8;Assistência Social;244;Assistência Comunitária;20;Proteção Social Especial;2403;Serviço de Proteção Social Especial de Alta Complexidade;14;Serviço de Acolhimento em Repúblicas para Jovens;0.85;0;5100;0;0;0;0;0;0
PDI;EIXO: PROMOÇÃO DE DIREITOS E PROTEÇÃO INTEGRAL;ASS;SUB-EIXO: ASSISTÊNCIA SOCIAL;EX;EX;8;Assistência Social;244;Assistência Comunitária;20;Proteção Social Especial;2409;Centros de Referência;2;Centro de Referência Especializado para População de Rua / Miguilim;1;0;340214;16297;8501.98;2290.98;16297;8501.98;2290.98
PDI;EIXO: PROMOÇÃO DE DIREITOS E PROTEÇÃO INTEGRAL;ASS;SUB-EIXO: ASSISTÊNCIA SOCIAL;EX;EX;8;Assistência Social;244;Assistência Comunitária;20;Proteção Social Especial;2410;Apoio e Assessoria aos Serviços de Proteção Social de Média Complexidade;3;Atendimento Psicossocial a Crianças, Adolescentes e Familiares;1;0;208335;103667.28;120945.16;103667.28;207334.56;155500.92;138223.04
PDI;EIXO: PROMOÇÃO DE DIREITOS E PROTEÇÃO INTEGRAL;ASS;SUB-EIXO: ASSISTÊNCIA SOCIAL;EX;EX;8;Assistência Social;244;Assistência Comunitária;20;Proteção Social Especial;2410;Apoio e Assessoria aos Serviços de Proteção Social de Média Complexidade;4;Atendimento à Agressores Intrafamiliares de Crianças e Adolescentes;1;0;208335;103667.28;120945.16;103667.28;207334.56;155500.92;138223.04
PDI;EIXO: PROMOÇÃO DE DIREITOS E PROTEÇÃO INTEGRAL;ASS;SUB-EIXO: ASSISTÊNCIA SOCIAL;NEX;NEX;8;Assistência Social;244;Assistência Comunitária;20;Proteção Social Especial;2833;Ações de Assessoramento e de Defesa de Direitos;1;Ações de Assessoramento e de Defesa de Direitos;0.25;0;239870;119810.34;139778.73;119810.34;239620.68;179715.51;159747.12
PDI;EIXO: PROMOÇÃO DE DIREITOS E PROTEÇÃO INTEGRAL;ASS;SUB-EIXO: ASSISTÊNCIA SOCIAL;NEX;NEX;8;Assistência Social;244;Assistência Comunitária;20;Proteção Social Especial;2878;Serviço de Proteção Especial de Média Complexidade;1;Serviço de Proteção e Atendimento Especializado às Famílias e Indivíduos - PAEFI/CREAS;0.5;0;4323201;2693179.575;2737187.6;2725781.5;7817395.18;7778320.495;7173245.575
PDI;EIXO: PROMOÇÃO DE DIREITOS E PROTEÇÃO INTEGRAL;ASS;SUB-EIXO: ASSISTÊNCIA SOCIAL;NEX;NEX;8;Assistência Social;244;Assistência Comunitária;20;Proteção Social Especial;2878;Serviço de Proteção Especial de Média Complexidade;2;Acompanhamento Sócio Familiar / Bolsa Moradia;0.5;0;57796;5654.145;7856.92;7856.92;23866.195;21901.155;19936.925
PDI;EIXO: PROMOÇÃO DE DIREITOS E PROTEÇÃO INTEGRAL;ASS;SUB-EIXO: ASSISTÊNCIA SOCIAL;EX;EX;8;Assistência Social;244;Assistência Comunitária;20;Proteção Social Especial;2878;Serviço de Proteção Especial de Média Complexidade;3;Serviço de Proteção aos Adolescentes em Cumprimento de Medidas Socioeducativas - LA/CREAS;1;0;9000;0;0;0;0;0;0
PDI;EIXO: PROMOÇÃO DE DIREITOS E PROTEÇÃO INTEGRAL;ASS;SUB-EIXO: ASSISTÊNCIA SOCIAL;EX;EX;8;Assistência Social;244;Assistência Comunitária;20;Proteção Social Especial;2878;Serviço de Proteção Especial de Média Complexidade;4;Serviço de Proteção aos Adolescentes em Cumprimento de Medidas Socioeducativas - PSC/CREAS;1;0;9000;0;0;0;0;0;0
PDI;EIXO: PROMOÇÃO DE DIREITOS E PROTEÇÃO INTEGRAL;ASS;SUB-EIXO: ASSISTÊNCIA SOCIAL;EX;EX;8;Assistência Social;244;Assistência Comunitária;20;Proteção Social Especial;2878;Serviço de Proteção Especial de Média Complexidade;5;Serviço de Proteção aos Adolescentes em Cumprimento de Medidas Socioeducativas - NAMSEP;1;0;204000;11317.53;0;0;49078.12;37760.59;37760.59
PDI;EIXO: PROMOÇÃO DE DIREITOS E PROTEÇÃO INTEGRAL;ASS;SUB-EIXO: ASSISTÊNCIA SOCIAL;EX;EX;8;Assistência Social;244;Assistência Comunitária;20;Proteção Social Especial;2878;Serviço de Proteção Especial de Média Complexidade;8;Combate ao Trabalho Infantil;1;0;50593;12016.15;16412;15662;48370.25;44409.75;39744.25
PDI;EIXO: PROMOÇÃO DE DIREITOS E PROTEÇÃO INTEGRAL;ASS;SUB-EIXO: ASSISTÊNCIA SOCIAL;NEX;NEX;8;Assistência Social;244;Assistência Comunitária;113;Gestão da Política de Assistência Social;2334;Gestão Compartilhada e Participação Social;2;Apoio aos Conselhos Municipais;0.25;0;94733;4336.045;9402.925;12855.1875;33223.51;31811.3175;30616.7025
PDI;EIXO: PROMOÇÃO DE DIREITOS E PROTEÇÃO INTEGRAL;ASS;SUB-EIXO: ASSISTÊNCIA SOCIAL;NEX;NEX;8;Assistência Social;244;Assistência Comunitária;113;Gestão da Política de Assistência Social;2334;Gestão Compartilhada e Participação Social;28;Ampliação da participação popular nos conselhos regionais de assistência social CORAS;0.25;0;37500;0;0;0;0;0;0
PDI;EIXO: PROMOÇÃO DE DIREITOS E PROTEÇÃO INTEGRAL;ASS;SUB-EIXO: ASSISTÊNCIA SOCIAL;NEX;NEX;8;Assistência Social;244;Assistência Comunitária;113;Gestão da Política de Assistência Social;2348;Gestão, Comunicação e Mobilização Social;1;Gestão do Trabalho;0.25;0;8787;20679.2;3442.6625;6401.4125;38164.82;20928.2825;20928.2825
PDI;EIXO: PROMOÇÃO DE DIREITOS E PROTEÇÃO INTEGRAL;ASS;SUB-EIXO: ASSISTÊNCIA SOCIAL;NEX;NEX;8;Assistência Social;244;Assistência Comunitária;113;Gestão da Política de Assistência Social;2348;Gestão, Comunicação e Mobilização Social;2;Produção de Informativos e Peças Publicitárias;0.25;0;23025;53.875;0;47.5;1143.5475;1089.6725;1089.6725
PDI;EIXO: PROMOÇÃO DE DIREITOS E PROTEÇÃO INTEGRAL;ASS;SUB-EIXO: ASSISTÊNCIA SOCIAL;NEX;NEX;8;Assistência Social;244;Assistência Comunitária;113;Gestão da Política de Assistência Social;2348;Gestão, Comunicação e Mobilização Social;3;Produção de Eventos;0.25;0;32500;0;0;0;0;0;0
PDI;EIXO: PROMOÇÃO DE DIREITOS E PROTEÇÃO INTEGRAL;ASS;SUB-EIXO: ASSISTÊNCIA SOCIAL;NEX;NEX;8;Assistência Social;244;Assistência Comunitária;113;Gestão da Política de Assistência Social;2348;Gestão, Comunicação e Mobilização Social;4;Regulação e Regulamentação;0.25;0;1250;0;0;0;0;0;0
PDI;EIXO: PROMOÇÃO DE DIREITOS E PROTEÇÃO INTEGRAL;ASS;SUB-EIXO: ASSISTÊNCIA SOCIAL;NEX;NEX;8;Assistência Social;244;Assistência Comunitária;113;Gestão da Política de Assistência Social;2348;Gestão, Comunicação e Mobilização Social;5;Mobilização Social;0.25;0;4250;0;0;0;0;0;0
PDI;EIXO: PROMOÇÃO DE DIREITOS E PROTEÇÃO INTEGRAL;ASS;SUB-EIXO: ASSISTÊNCIA SOCIAL;NEX;NEX;8;Assistência Social;244;Assistência Comunitária;113;Gestão da Política de Assistência Social;2348;Gestão, Comunicação e Mobilização Social;6;Capacitação de Profissionais de Entidades Socioassistenciais;0.25;0;2625;0;0;0;0;0;0
PDI;EIXO: PROMOÇÃO DE DIREITOS E PROTEÇÃO INTEGRAL;ASS;SUB-EIXO: ASSISTÊNCIA SOCIAL;NEX;NEX;8;Assistência Social;244;Assistência Comunitária;113;Gestão da Política de Assistência Social;2350;Vigilância Socioassistencial;1;Sistema de Indicadores;0.25;0;15000;0;0;0;0;0;0
PDI;EIXO: PROMOÇÃO DE DIREITOS E PROTEÇÃO INTEGRAL;ASS;SUB-EIXO: ASSISTÊNCIA SOCIAL;NEX;NEX;8;Assistência Social;244;Assistência Comunitária;113;Gestão da Política de Assistência Social;2350;Vigilância Socioassistencial;2;Estudos Territoriais e Geoprocessamento;0.25;0;1750;0;0;0;0;0;0
PDI;EIXO: PROMOÇÃO DE DIREITOS E PROTEÇÃO INTEGRAL;ASS;SUB-EIXO: ASSISTÊNCIA SOCIAL;NEX;NEX;8;Assistência Social;244;Assistência Comunitária;113;Gestão da Política de Assistência Social;2350;Vigilância Socioassistencial;3;Diagnóstico;0.25;0;250;0;0;0;0;0;0
PDI;EIXO: PROMOÇÃO DE DIREITOS E PROTEÇÃO INTEGRAL;ASS;SUB-EIXO: ASSISTÊNCIA SOCIAL;NEX;NEX;8;Assistência Social;244;Assistência Comunitária;113;Gestão da Política de Assistência Social;2350;Vigilância Socioassistencial;4;Monitoramento e Acompanhamento;0.25;0;5250;0;0;0;0;0;0
PDI;EIXO: PROMOÇÃO DE DIREITOS E PROTEÇÃO INTEGRAL;ASS;SUB-EIXO: ASSISTÊNCIA SOCIAL;NEX;NEX;8;Assistência Social;244;Assistência Comunitária;113;Gestão da Política de Assistência Social;2350;Vigilância Socioassistencial;6;Realização de Estudo de Custo dos Serviços e Benefícios Socioassistenciais no âmbito do SUAS;0.25;0;33750;0;0;0;0;0;0
PDI;EIXO: PROMOÇÃO DE DIREITOS E PROTEÇÃO INTEGRAL;ASS;SUB-EIXO: ASSISTÊNCIA SOCIAL;NEX;NEX;8;Assistência Social;244;Assistência Comunitária;113;Gestão da Política de Assistência Social;2351;Serviço de Informação e Informatização;1;Serviço Interno de Informação;0.25;0;86460;0;0;0;3739.7475;3739.7475;3739.7475
PDI;EIXO: PROMOÇÃO DE DIREITOS E PROTEÇÃO INTEGRAL;ASS;SUB-EIXO: ASSISTÊNCIA SOCIAL;NEX;NEX;8;Assistência Social;244;Assistência Comunitária;113;Gestão da Política de Assistência Social;2804;Gestão dos Equipamentos e Promoção Social;1;Gestão dos Equipamentos e Promoção Social;0.25;0;283375;8135;9822.5;1687.5;10579.15;10579.15;2444.15
PDI;EIXO: PROMOÇÃO DE DIREITOS E PROTEÇÃO INTEGRAL;ASS;SUB-EIXO: ASSISTÊNCIA SOCIAL;NEX;NEX;8;Assistência Social;244;Assistência Comunitária;120;Transferência de Renda;2797;Coordenação das Ações de Transferência de Renda -  Programa Bolsa Família;1;Ações Intersetoriais de Atendimento às Famílias;0.25;0;583250;215423.7875;215460.7975;214903.1975;608103.67;608103.67;559885.2125
PDI;EIXO: PROMOÇÃO DE DIREITOS E PROTEÇÃO INTEGRAL;ASS;SUB-EIXO: ASSISTÊNCIA SOCIAL;NEX;NEX;8;Assistência Social;244;Assistência Comunitária;123;Gestão da Política Social;2804;Gestão dos Equipamentos e Promoção Social;1;Gestão dos Equipamentos e Promoção Social;0.25;0;6765323;1459793.648;1459793.648;1401848.913;4069572.413;4069572.413;3705537.958
PDI;EIXO: PROMOÇÃO DE DIREITOS E PROTEÇÃO INTEGRAL;ASS;SUB-EIXO: ASSISTÊNCIA SOCIAL;NEX;NEX;8;Assistência Social;244;Assistência Comunitária;234;BH Cidadania  e o SUAS - Sistema Único de Assistência Social ;1220;Construção, Ampliação e Reforma de Unidades de Assistência Social;1;Construção, Ampliação e Reforma de Unidades de Assistência Social;0.25;0;1487047;0;0;0;207953.47;207953.47;207953.47
PDI;EIXO: PROMOÇÃO DE DIREITOS E PROTEÇÃO INTEGRAL;ASS;SUB-EIXO: ASSISTÊNCIA SOCIAL;NEX;NEX;8;Assistência Social;244;Assistência Comunitária;234;BH Cidadania  e o SUAS - Sistema Único de Assistência Social ;1220;Construção, Ampliação e Reforma de Unidades de Assistência Social;2;Construção e/ou Reforma de Espaços BH Cidadania;0.25;0;1854585;18690.5;48289.9125;6404.7025;244058;51001.715;6770.935
PDI;EIXO: PROMOÇÃO DE DIREITOS E PROTEÇÃO INTEGRAL;ASS;SUB-EIXO: ASSISTÊNCIA SOCIAL;NEX;NEX;8;Assistência Social;244;Assistência Comunitária;234;BH Cidadania  e o SUAS - Sistema Único de Assistência Social ;2403;Serviço de Proteção Social Especial de Alta Complexidade;1;Acolhimento Institucional para Pessoa com Deficiência;0.25;0;241513;58965.15;73135.15;61217.65;201375.3;201375.3;188742.75
PDI;EIXO: PROMOÇÃO DE DIREITOS E PROTEÇÃO INTEGRAL;ASS;SUB-EIXO: ASSISTÊNCIA SOCIAL;NEX;NEX;8;Assistência Social;244;Assistência Comunitária;234;BH Cidadania  e o SUAS - Sistema Único de Assistência Social ;2403;Serviço de Proteção Social Especial de Alta Complexidade;7;Acolhimento Institucional para Adultos em Situação de Rua e Outros Riscos;0.25;0;564636;83538.295;120110.17;94388.25;320871.1075;319082.61;292381.815
PDI;EIXO: PROMOÇÃO DE DIREITOS E PROTEÇÃO INTEGRAL;ASS;SUB-EIXO: ASSISTÊNCIA SOCIAL;EX;EX;8;Assistência Social;244;Assistência Comunitária;234;BH Cidadania  e o SUAS - Sistema Único de Assistência Social ;2403;Serviço de Proteção Social Especial de Alta Complexidade;9;Acompanhamento do Serviço de Famílias Acolhedoras;1;0;229160;56790;59720;56790;225160;225160;166790
PDI;EIXO: PROMOÇÃO DE DIREITOS E PROTEÇÃO INTEGRAL;ASS;SUB-EIXO: ASSISTÊNCIA SOCIAL;NEX;NEX;8;Assistência Social;244;Assistência Comunitária;234;BH Cidadania  e o SUAS - Sistema Único de Assistência Social ;2403;Serviço de Proteção Social Especial de Alta Complexidade;12;Acolhimento Institucional para Pessoa com Deficiência - Residência Inclusiva;0.25;0;368192;97369.5;129826;126512;378460.125;378460.125;373191.125
PDI;EIXO: PROMOÇÃO DE DIREITOS E PROTEÇÃO INTEGRAL;ASS;SUB-EIXO: ASSISTÊNCIA SOCIAL;EX;EX;8;Assistência Social;244;Assistência Comunitária;234;BH Cidadania  e o SUAS - Sistema Único de Assistência Social ;2403;Serviço de Proteção Social Especial de Alta Complexidade;20;Implantação do bolsa auxílio para famílias do Serviço de Famílias Acolhedoras;1;0;1000;0;0;0;0;0;0
PDI;EIXO: PROMOÇÃO DE DIREITOS E PROTEÇÃO INTEGRAL;ASS;SUB-EIXO: ASSISTÊNCIA SOCIAL;NEX;NEX;8;Assistência Social;244;Assistência Comunitária;234;BH Cidadania  e o SUAS - Sistema Único de Assistência Social ;2409;Centros de Referência;3;Centro Dia de Referência para Pessoa Adulta com Deficiência Dependente e Família;0.25;0;404621;73293.815;24937.0625;25735.38;235773.1875;178464.7925;176083.23
PDI;EIXO: PROMOÇÃO DE DIREITOS E PROTEÇÃO INTEGRAL;ASS;SUB-EIXO: ASSISTÊNCIA SOCIAL;NEX;NEX;8;Assistência Social;244;Assistência Comunitária;237;Qualificação, Profissionalização e Emprego;2404;Ações de Qualificação, Profissionalização e Emprego;1;Disponibilização de Vagas para o Programa Municipal de Qualificação, Emprego e Renda;0.25;0;948709;222635.615;222635.615;120135.615;796162.4775;796162.4775;693662.4775
PDI;EIXO: PROMOÇÃO DE DIREITOS E PROTEÇÃO INTEGRAL;ASS;SUB-EIXO: ASSISTÊNCIA SOCIAL;EX;EX;8;Assistência Social;244;Assistência Comunitária;241;Recomeço;2403;Serviço de Proteção Social Especial de Alta Complexidade;24;Acolhimento Institucional de Bebes de Mães Usuárias de Drogas;1;0;594000;0;0;0;0;0;0
PDI;EIXO: PROMOÇÃO DE DIREITOS E PROTEÇÃO INTEGRAL;ASS;SUB-EIXO: ASSISTÊNCIA SOCIAL;NEX;NEX;8;Assistência Social;244;Assistência Comunitária;241;Recomeço;2873;Apoio às Ações de Políticas sobre Drogas;1;Apoio as Ações de Políticas sobre Drogas;0.25;0;12500;5244.345;11537.555;0;21711.365;21702.3925;10164.8375
PDI;EIXO: PROMOÇÃO DE DIREITOS E PROTEÇÃO INTEGRAL;ASS;SUB-EIXO: ASSISTÊNCIA SOCIAL;NEX;NEX;8;Assistência Social;244;Assistência Comunitária;241;Recomeço;2873;Apoio às Ações de Políticas sobre Drogas;2;Implantação do Sistema de Informação Compartilhada sobre Usuários de Álcool e Outras Drogas;0.25;0;2500;0;0;0;0;0;0
PDI;EIXO: PROMOÇÃO DE DIREITOS E PROTEÇÃO INTEGRAL;ASS;SUB-EIXO: ASSISTÊNCIA SOCIAL;NEX;NEX;8;Assistência Social;244;Assistência Comunitária;241;Recomeço;2873;Apoio às Ações de Políticas sobre Drogas;3;Conferência Municipal de Políticas sobre Drogas de Belo Horizonte;0.25;0;6250;0;0;0;0;0;0
PDI;EIXO: PROMOÇÃO DE DIREITOS E PROTEÇÃO INTEGRAL;ASS;SUB-EIXO: ASSISTÊNCIA SOCIAL;NEX;NEX;8;Assistência Social;244;Assistência Comunitária;241;Recomeço;2873;Apoio às Ações de Políticas sobre Drogas;5;Suporte Técnico e Administrativo ao Conselho Municipal de Políticas sobre Drogas;0.25;0;3750;140.625;28.125;28.125;1367.125;1254.625;1254.625
PDI;EIXO: PROMOÇÃO DE DIREITOS E PROTEÇÃO INTEGRAL;ASS;SUB-EIXO: ASSISTÊNCIA SOCIAL;NEX;NEX;8;Assistência Social;244;Assistência Comunitária;241;Recomeço;2878;Serviço de Proteção Especial de Média Complexidade;9;Centro de Referência Especializado de Assistência Social / CREAS Móvel;0.25;0;324531;-90.4625;0;0;6020.5625;6020.5625;6020.5625
PDI;EIXO: PROMOÇÃO DE DIREITOS E PROTEÇÃO INTEGRAL;ASS;SUB-EIXO: ASSISTÊNCIA SOCIAL;NEX;NEX;8;Assistência Social;244;Assistência Comunitária;241;Recomeço;2878;Serviço de Proteção Especial de Média Complexidade;10;Implantação do Centro de Referência Especializado de Assistência Social / CREAS Móvel;0.25;0;8200;0;0;0;0;0;0
PDI;EIXO: PROMOÇÃO DE DIREITOS E PROTEÇÃO INTEGRAL;ASS;SUB-EIXO: ASSISTÊNCIA SOCIAL;EX;EX;8;Assistência Social;306;Alimentação e Nutrição;132;Gestão da Política Municipal de Segurança Alimentar e Nutricional;2120;Gestão da Assistência Alimentar e Nutricional às Entidades;3;Gerenciamento da Assistência Alimentar e Nutricional às Creches Conveniadas - Educação Infantil;1;0;5718270;2106562.1;1927273.95;1684830.66;6541892.68;4900964.27;3678078.46
PDI;EIXO: PROMOÇÃO DE DIREITOS E PROTEÇÃO INTEGRAL;ASS;SUB-EIXO: ASSISTÊNCIA SOCIAL;EX;EX;8;Assistência Social;306;Alimentação e Nutrição;132;Gestão da Política Municipal de Segurança Alimentar e Nutricional;2120;Gestão da Assistência Alimentar e Nutricional às Entidades;4;Gerenciamento da Assistência Alimentar e Nutricional às Entidades Infanto Juvenis;1;0;800000;450472.06;94320.47;330757.29;1091586.11;638997.11;630667.11
PDI;EIXO: PROMOÇÃO DE DIREITOS E PROTEÇÃO INTEGRAL;ASS;SUB-EIXO: ASSISTÊNCIA SOCIAL;NEX;NEX;8;Assistência Social;452;Serviços Urbanos;236;Direito de Todos ;2856;Execução do Programa Meio Passe Estudantil;1;Concessão do Benefício para Estudantes Municipais do Ensino Médio e EJA;0.85;0;2125000;680000;686207.3375;686207.3375;2125000;2124428.061;2124428.061
PDI;EIXO: PROMOÇÃO DE DIREITOS E PROTEÇÃO INTEGRAL;ASS;SUB-EIXO: ASSISTÊNCIA SOCIAL;EX;EX;11;Trabalho;333;Empregabilidade;236;Direito de Todos ;2331;Centro de Referência em Segurança Alimentar e Nutricional Sustentável;6;Programa Pão Escola;1;0;190800;137077.71;84562.64;74372.82;294564.59;220243.29;185984.45
PDI;EIXO: PROMOÇÃO DE DIREITOS E PROTEÇÃO INTEGRAL;ASS;SUB-EIXO: ASSISTÊNCIA SOCIAL;NEX;NEX;11;Trabalho;333;Empregabilidade;237;Qualificação, Profissionalização e Emprego;2404;Ações de Qualificação, Profissionalização e Emprego;1;Disponibilização de Vagas para o Programa Municipal de Qualificação, Emprego e Renda;0.25;0;25000;0;0;0;72389.175;72389.175;72389.175
PDI;EIXO: PROMOÇÃO DE DIREITOS E PROTEÇÃO INTEGRAL;ASS;SUB-EIXO: ASSISTÊNCIA SOCIAL;NEX;NEX;11;Trabalho;334;Fomento ao Trabalho;237;Qualificação, Profissionalização e Emprego;2404;Ações de Qualificação, Profissionalização e Emprego;1;Disponibilização de Vagas para o Programa Municipal de Qualificação, Emprego e Renda;0.25;0;215207;9936;9936;27741.6;32332.85;32332.85;32332.85
PDI;EIXO: PROMOÇÃO DE DIREITOS E PROTEÇÃO INTEGRAL;ASS;SUB-EIXO: ASSISTÊNCIA SOCIAL;NEX;NEX;11;Trabalho;334;Fomento ao Trabalho;237;Qualificação, Profissionalização e Emprego;2404;Ações de Qualificação, Profissionalização e Emprego;11;Economia Solidária - Apoio aos Grupos Produtivos e Trabalhadores Autônomos;0.25;0;206126;77156.03;81281.1125;79215.07;184379.38;132868.0325;129218.625
PDI;EIXO: PROMOÇÃO DE DIREITOS E PROTEÇÃO INTEGRAL;ASS;SUB-EIXO: ASSISTÊNCIA SOCIAL;NEX;NEX;11;Trabalho;334;Fomento ao Trabalho;237;Qualificação, Profissionalização e Emprego;2404;Ações de Qualificação, Profissionalização e Emprego;12;Manutenção dos Serviços de Intermediação ao Trabalho - Atendimento ao Trabalhador nos SINES;0.25;0;884185;86141.14;91277.5675;83907.935;335950.665;318062.04;300019.2475
PDI;EIXO: PROMOÇÃO DE DIREITOS E PROTEÇÃO INTEGRAL;ASS;SUB-EIXO: ASSISTÊNCIA SOCIAL;NEX;NEX;14;Direitos da Cidadania;422;Direitos Individuais, Coletivos e Difusos;236;Direito de Todos ;2819;Apoio à Promoção das Políticas da Juventude;1;Apoio à Promoção das Políticas da Juventude;0.25;0;157849;19522.8375;21735.3375;21860.2125;57242.8925;57242.8925;53119.3
PDI;EIXO: PROMOÇÃO DE DIREITOS E PROTEÇÃO INTEGRAL;ASS;SUB-EIXO: ASSISTÊNCIA SOCIAL;NEX;NEX;14;Direitos da Cidadania;422;Direitos Individuais, Coletivos e Difusos;236;Direito de Todos ;2819;Apoio à Promoção das Políticas da Juventude;3;Conferência Municipal da Juventude;0.25;0;22500;201.95;21611.95;23951.95;23951.95;23951.95;23951.95
PDI;EIXO: PROMOÇÃO DE DIREITOS E PROTEÇÃO INTEGRAL;ASS;SUB-EIXO: ASSISTÊNCIA SOCIAL;NEX;NEX;14;Direitos da Cidadania;422;Direitos Individuais, Coletivos e Difusos;236;Direito de Todos ;2819;Apoio à Promoção das Políticas da Juventude;4;Realização de Fóruns da Juventude;0.25;0;2500;0;0;0;0;0;0
PDI;EIXO: PROMOÇÃO DE DIREITOS E PROTEÇÃO INTEGRAL;ASS;SUB-EIXO: ASSISTÊNCIA SOCIAL;NEX;NEX;14;Direitos da Cidadania;422;Direitos Individuais, Coletivos e Difusos;236;Direito de Todos ;2819;Apoio à Promoção das Políticas da Juventude;5;Requalificação do Viaduto Santa Tereza;0.25;0;2500;0;0;0;0;0;0
PDI;EIXO: PROMOÇÃO DE DIREITOS E PROTEÇÃO INTEGRAL;ASS;SUB-EIXO: ASSISTÊNCIA SOCIAL;NEX;NEX;14;Direitos da Cidadania;422;Direitos Individuais, Coletivos e Difusos;236;Direito de Todos ;2819;Apoio à Promoção das Políticas da Juventude;6;Operacionalização do Centro de Referência da Juventude;0.25;0;75000;29661.2725;24420.33;17055.47;34923.1925;29455.4575;22090.5975
PDI;EIXO: PROMOÇÃO DE DIREITOS E PROTEÇÃO INTEGRAL;ASS;SUB-EIXO: ASSISTÊNCIA SOCIAL;NEX;NEX;14;Direitos da Cidadania;422;Direitos Individuais, Coletivos e Difusos;241;Recomeço;2873;Apoio às Ações de Políticas sobre Drogas;1;Apoio as Ações de Políticas sobre Drogas;0.25;0;122625;0;0;0;0;0;0
PDI;EIXO: PROMOÇÃO DE DIREITOS E PROTEÇÃO INTEGRAL;ASS;SUB-EIXO: ASSISTÊNCIA SOCIAL;NEX;NEX;19;Ciência e Tecnologia;126;Tecnologia da Informação;85;Gestão da Política de Tecnologia da Informação e Comunicação;2604;Centro de Recondicionamento de Computadores;1;Manutenção dos Centros de Inclusão Digital;0.25;0;1056285;186943.3375;183954.4325;210671.3675;526788.3225;510665.1575;501976.865
PDI;EIXO: PROMOÇÃO DE DIREITOS E PROTEÇÃO INTEGRAL;ASS;SUB-EIXO: ASSISTÊNCIA SOCIAL;NEX;NEX;19;Ciência e Tecnologia;126;Tecnologia da Informação;85;Gestão da Política de Tecnologia da Informação e Comunicação;2604;Centro de Recondicionamento de Computadores;2;Recondicionamento de Computadores;0.25;0;7750;0;0;0;0;0;0
PDI;EIXO: PROMOÇÃO DE DIREITOS E PROTEÇÃO INTEGRAL;ASS;SUB-EIXO: ASSISTÊNCIA SOCIAL;NEX;NEX;19;Ciência e Tecnologia;126;Tecnologia da Informação;85;Gestão da Política de Tecnologia da Informação e Comunicação;2604;Centro de Recondicionamento de Computadores;3;Qualificação em TIC - Tecnologia da Informação e Comunicação;0.25;0;117750;0;0;0;0;0;0
PDI;EIXO: PROMOÇÃO DE DIREITOS E PROTEÇÃO INTEGRAL;ASS;SUB-EIXO: ASSISTÊNCIA SOCIAL;NEX;NEX;19;Ciência e Tecnologia;572;Desenvolvimento Tecnológico e Engenharia;85;Gestão da Política de Tecnologia da Informação e Comunicação;2602;Gerenciamento, Implantação e Atendimento de Serviços na RMI;1;Melhoria dos Processos de Suporte e Entrega a Serviços de TIC;0.25;0;1542757;228760.6575;374354.4325;128706.11;1428339.11;1355445.075;980982.4675
PDI;EIXO: PROMOÇÃO DE DIREITOS E PROTEÇÃO INTEGRAL;ASS;SUB-EIXO: ASSISTÊNCIA SOCIAL;NEX;NEX;19;Ciência e Tecnologia;572;Desenvolvimento Tecnológico e Engenharia;85;Gestão da Política de Tecnologia da Informação e Comunicação;2602;Gerenciamento, Implantação e Atendimento de Serviços na RMI;2;Adequação do Datacenter às Demandas de Serviços de TIC da PBH;0.25;0;5620598;1777662.198;1786609.968;1733611.92;5070857.245;5002539.203;4534716.485
PDI;EIXO: PROMOÇÃO DE DIREITOS E PROTEÇÃO INTEGRAL;ASS;SUB-EIXO: ASSISTÊNCIA SOCIAL;NEX;NEX;19;Ciência e Tecnologia;572;Desenvolvimento Tecnológico e Engenharia;85;Gestão da Política de Tecnologia da Informação e Comunicação;2603;Implantação de Soluções e Modernização de Sistemas ;4;Estruturação de Ambientes para Desenvolvimento de Software;0.25;0;7121381;2510783.135;2248509.838;2226986.933;6866653.17;6512517.265;5889357.06
PDI;EIXO: PROMOÇÃO DE DIREITOS E PROTEÇÃO INTEGRAL;ASS;SUB-EIXO: ASSISTÊNCIA SOCIAL;NEX;NEX;19;Ciência e Tecnologia;572;Desenvolvimento Tecnológico e Engenharia;85;Gestão da Política de Tecnologia da Informação e Comunicação;2603;Implantação de Soluções e Modernização de Sistemas ;6;Melhoria do Processo de Implantação de Sistemas;0.25;0;2500;0;0;0;0;0;0
PDI;EIXO: PROMOÇÃO DE DIREITOS E PROTEÇÃO INTEGRAL;ASS;SUB-EIXO: ASSISTÊNCIA SOCIAL;NEX;NEX;19;Ciência e Tecnologia;572;Desenvolvimento Tecnológico e Engenharia;221;BH Digital;1373;Gestão do Plano Diretor de Informática;5;Internet Banda Larga Disponibilizada em Áreas de Vilas e Favelas ;0.25;0;2819029;1057588.115;1218149.425;1067114.5;2241859.945;1218149.425;1067114.5
PDI;EIXO: PROMOÇÃO DE DIREITOS E PROTEÇÃO INTEGRAL;ASS;SUB-EIXO: ASSISTÊNCIA SOCIAL;NEX;NEX;19;Ciência e Tecnologia;572;Desenvolvimento Tecnológico e Engenharia;221;BH Digital;1373;Gestão do Plano Diretor de Informática;7;"Disponibilização de Sinal de Internet em Bairros da Cidade através do Programa ""Uma Praça em cada Bairro""";0.25;0;73545;0;0;0;0;0;0
PDI;EIXO: PROMOÇÃO DE DIREITOS E PROTEÇÃO INTEGRAL;ASS;SUB-EIXO: ASSISTÊNCIA SOCIAL;NEX;NEX;19;Ciência e Tecnologia;572;Desenvolvimento Tecnológico e Engenharia;221;BH Digital;1373;Gestão do Plano Diretor de Informática;8;Implantação do Programa Saber em Primeiro Lugar - Atração de Voluntários nos Telecentros;0.25;0;17062;0;0;0;0;0;0
PDI;EIXO: PROMOÇÃO DE DIREITOS E PROTEÇÃO INTEGRAL;DCI;SUB-EIXO: DIREITOS DA CIDADANIA;NEX;NEX;14;Direitos da Cidadania;422;Direitos Individuais, Coletivos e Difusos;127;Promoção e Defesa de Direitos Humanos e Cidadania ;2334;Gestão Compartilhada e Participação Social;1;Coordenação e Participação em Fóruns Governamentais e GTs;0.25;0;500;0;0;0;0;0;0
PDI;EIXO: PROMOÇÃO DE DIREITOS E PROTEÇÃO INTEGRAL;DCI;SUB-EIXO: DIREITOS DA CIDADANIA;NEX;NEX;14;Direitos da Cidadania;422;Direitos Individuais, Coletivos e Difusos;127;Promoção e Defesa de Direitos Humanos e Cidadania ;2334;Gestão Compartilhada e Participação Social;2;Apoio aos Conselhos Municipais;0.25;0;25500;0;0;0;0;0;0
PDI;EIXO: PROMOÇÃO DE DIREITOS E PROTEÇÃO INTEGRAL;DCI;SUB-EIXO: DIREITOS DA CIDADANIA;NEX;NEX;14;Direitos da Cidadania;422;Direitos Individuais, Coletivos e Difusos;127;Promoção e Defesa de Direitos Humanos e Cidadania ;2334;Gestão Compartilhada e Participação Social;3;Realização de Conferências;0.25;0;12250;10746;10746;10746;13305.75;13305.75;13305.75
PDI;EIXO: PROMOÇÃO DE DIREITOS E PROTEÇÃO INTEGRAL;DCI;SUB-EIXO: DIREITOS DA CIDADANIA;NEX;NEX;14;Direitos da Cidadania;422;Direitos Individuais, Coletivos e Difusos;127;Promoção e Defesa de Direitos Humanos e Cidadania ;2334;Gestão Compartilhada e Participação Social;13;Implantação do Observatório de Direitos Humanos de Belo Horizonte;0.25;0;500;0;0;0;0;0;0
PDI;EIXO: PROMOÇÃO DE DIREITOS E PROTEÇÃO INTEGRAL;DCI;SUB-EIXO: DIREITOS DA CIDADANIA;NEX;NEX;14;Direitos da Cidadania;422;Direitos Individuais, Coletivos e Difusos;127;Promoção e Defesa de Direitos Humanos e Cidadania ;2335;Educação Política em Direitos Humanos e Cidadania;1;Sensibilização de Agentes Públicos e Sociedade Civil;0.25;0;49000;10451.1075;14428.2175;0;44184.7125;40525.3875;18718.9725
PDI;EIXO: PROMOÇÃO DE DIREITOS E PROTEÇÃO INTEGRAL;DCI;SUB-EIXO: DIREITOS DA CIDADANIA;NEX;NEX;14;Direitos da Cidadania;422;Direitos Individuais, Coletivos e Difusos;127;Promoção e Defesa de Direitos Humanos e Cidadania ;2335;Educação Política em Direitos Humanos e Cidadania;2;Orientação em Direitos Humanos;0.25;0;31750;0;0;0;19749.715;19749.715;19749.715
PDI;EIXO: PROMOÇÃO DE DIREITOS E PROTEÇÃO INTEGRAL;DCI;SUB-EIXO: DIREITOS DA CIDADANIA;NEX;NEX;14;Direitos da Cidadania;422;Direitos Individuais, Coletivos e Difusos;127;Promoção e Defesa de Direitos Humanos e Cidadania ;2335;Educação Política em Direitos Humanos e Cidadania;3;Realização de Atividade de Orientação à Agentes Públicos para Melhor Atendimento ao Cidadão;0.25;0;3750;0;0;0;0;0;0
PDI;EIXO: PROMOÇÃO DE DIREITOS E PROTEÇÃO INTEGRAL;DCI;SUB-EIXO: DIREITOS DA CIDADANIA;NEX;NEX;14;Direitos da Cidadania;422;Direitos Individuais, Coletivos e Difusos;127;Promoção e Defesa de Direitos Humanos e Cidadania ;2900;Serviços Administrativos e Financeiros;1;Serviços Administrativos e Financeiros ;0.25;0;2097450;668371.22;684188.6875;653730.0925;1954312.24;1948687.3;1770021.47
PDI;EIXO: PROMOÇÃO DE DIREITOS E PROTEÇÃO INTEGRAL;DCI;SUB-EIXO: DIREITOS DA CIDADANIA;EX;EX;14;Direitos da Cidadania;422;Direitos Individuais, Coletivos e Difusos;163;Promoção e Proteção às Crianças e Adolescentes e suas Famílias ;2884;Programa BH: Crianças e Adolescentes Protegidos;1;Capacitação da Rede de Atenção à Criança e ao Adolescente, Sociedade Civil, Fóruns e Afins;1;0;426000;0;0;0;0;0;0
PDI;EIXO: PROMOÇÃO DE DIREITOS E PROTEÇÃO INTEGRAL;DCI;SUB-EIXO: DIREITOS DA CIDADANIA;EX;EX;14;Direitos da Cidadania;422;Direitos Individuais, Coletivos e Difusos;163;Promoção e Proteção às Crianças e Adolescentes e suas Famílias ;2884;Programa BH: Crianças e Adolescentes Protegidos;3;Realização de Eventos e Campanhas para Mobilização Social e Informação;1;0;15000;0;0;0;0;0;0
PDI;EIXO: PROMOÇÃO DE DIREITOS E PROTEÇÃO INTEGRAL;DCI;SUB-EIXO: DIREITOS DA CIDADANIA;EX;EX;14;Direitos da Cidadania;422;Direitos Individuais, Coletivos e Difusos;163;Promoção e Proteção às Crianças e Adolescentes e suas Famílias ;2884;Programa BH: Crianças e Adolescentes Protegidos;6;Reestruturação e Aperfeiçoamento do Programa de Enfrentamento ao Abuso e Exploração Sexual;1;0;9000;0;0;0;0;0;0
PDI;EIXO: PROMOÇÃO DE DIREITOS E PROTEÇÃO INTEGRAL;DCI;SUB-EIXO: DIREITOS DA CIDADANIA;NEX;NEX;14;Direitos da Cidadania;422;Direitos Individuais, Coletivos e Difusos;236;Direito de Todos ;2333;Promoção de Ações Afirmativas dos Movimentos Sociais;8;Ações Afirmativas BH Cidadã: Sem Homofobia;0.25;0;10000;0;0;8300;9480;9480;9480
PDI;EIXO: PROMOÇÃO DE DIREITOS E PROTEÇÃO INTEGRAL;DCI;SUB-EIXO: DIREITOS DA CIDADANIA;NEX;NEX;14;Direitos da Cidadania;422;Direitos Individuais, Coletivos e Difusos;236;Direito de Todos ;2333;Promoção de Ações Afirmativas dos Movimentos Sociais;9;Instituição do Selo Promoção da Igualdade Racial;0.25;0;0;312.5;312.5;0;312.5;312.5;0
PDI;EIXO: PROMOÇÃO DE DIREITOS E PROTEÇÃO INTEGRAL;DCI;SUB-EIXO: DIREITOS DA CIDADANIA;NEX;NEX;14;Direitos da Cidadania;422;Direitos Individuais, Coletivos e Difusos;236;Direito de Todos ;2333;Promoção de Ações Afirmativas dos Movimentos Sociais;11;Realização de Diagnósticos sobre a Realidade das Comunidades Indígenas e Quilombolas da Cidade;0.25;0;75000;0;0;0;0;0;0
PDI;EIXO: PROMOÇÃO DE DIREITOS E PROTEÇÃO INTEGRAL;DCI;SUB-EIXO: DIREITOS DA CIDADANIA;NEX;NEX;14;Direitos da Cidadania;422;Direitos Individuais, Coletivos e Difusos;236;Direito de Todos ;2335;Educação Política em Direitos Humanos e Cidadania;4;Orientação a Grupos Étnicos e Comunidades Raciais;0.25;0;5000;0;0;0;0;0;0
PDI;EIXO: PROMOÇÃO DE DIREITOS E PROTEÇÃO INTEGRAL;DCI;SUB-EIXO: DIREITOS DA CIDADANIA;NEX;NEX;14;Direitos da Cidadania;422;Direitos Individuais, Coletivos e Difusos;236;Direito de Todos ;2345;Atendimento e Orientação Psicossocial e Jurídico ;5;Atendimento Psicossocial e Jurídico à População LGBT;0.25;0;14000;0;0;0;0;0;0
PDI;EIXO: PROMOÇÃO DE DIREITOS E PROTEÇÃO INTEGRAL;DCI;SUB-EIXO: DIREITOS DA CIDADANIA;NEX;NEX;14;Direitos da Cidadania;422;Direitos Individuais, Coletivos e Difusos;236;Direito de Todos ;2345;Atendimento e Orientação Psicossocial e Jurídico ;7;Atendimento psicossocial e jurídico à mulher em situação de violência de gênero - Benvinda;0.25;0;23250;409.3625;609.3625;518.325;1404.595;1229.595;1126.0825
PDI;EIXO: PROMOÇÃO DE DIREITOS E PROTEÇÃO INTEGRAL;DCI;SUB-EIXO: DIREITOS DA CIDADANIA;NEX;NEX;14;Direitos da Cidadania;422;Direitos Individuais, Coletivos e Difusos;236;Direito de Todos ;2345;Atendimento e Orientação Psicossocial e Jurídico ;8;Acolhimento, qualificação e capacitação da mulher vitima de violência- Centro de opoio à Mulher BENVIDA;0.25;0;25000;0;0;0;0;0;0
PDI;EIXO: PROMOÇÃO DE DIREITOS E PROTEÇÃO INTEGRAL;DCI;SUB-EIXO: DIREITOS DA CIDADANIA;NEX;NEX;14;Direitos da Cidadania;422;Direitos Individuais, Coletivos e Difusos;237;Qualificação, Profissionalização e Emprego;2404;Ações de Qualificação, Profissionalização e Emprego;1;Disponibilização de Vagas para o Programa Municipal de Qualificação, Emprego e Renda;0.25;0;250;0;0;0;0;0;0
PDI;EIXO: PROMOÇÃO DE DIREITOS E PROTEÇÃO INTEGRAL;DCI;SUB-EIXO: DIREITOS DA CIDADANIA;NEX;NEX;14;Direitos da Cidadania;422;Direitos Individuais, Coletivos e Difusos;237;Qualificação, Profissionalização e Emprego;2404;Ações de Qualificação, Profissionalização e Emprego;19;Modernização e Ampliação dos Laboratórios da Escola Raimunda da Silva Soares;0.25;0;216500;32433.435;52513.885;43973.545;179031.8;178445.615;156065.715
PVS;EIXO: PROMOVENDO VIDAS SAUDAVEIS;HAB;SUB-EIXO: HABITAÇÃO;NEX;NEX;16;Habitação;482;Habitação Urbana;64;Geração e Qualificação Habitacional em Áreas de Interesse Social;1207;Produção de Moradias;1;Diversos Programas Habitacionais - Obras;0.25;0;1251000;0;0;0;0;0;0
PVS;EIXO: PROMOVENDO VIDAS SAUDAVEIS;HAB;SUB-EIXO: HABITAÇÃO;NEX;NEX;16;Habitação;482;Habitação Urbana;64;Geração e Qualificação Habitacional em Áreas de Interesse Social;1207;Produção de Moradias;2;Acompanhamento Social de Famílias;0.25;0;432188;0;0;0;0;0;0
PVS;EIXO: PROMOVENDO VIDAS SAUDAVEIS;HAB;SUB-EIXO: HABITAÇÃO;NEX;NEX;16;Habitação;482;Habitação Urbana;64;Geração e Qualificação Habitacional em Áreas de Interesse Social;1207;Produção de Moradias;8;Gestão da Política Municipal de Habitação-PMH e Participação Popular;0.25;0;1370083;39730.7375;5426.1125;5426.1125;61204.2825;26899.6575;26899.6575
PVS;EIXO: PROMOVENDO VIDAS SAUDAVEIS;HAB;SUB-EIXO: HABITAÇÃO;NEX;NEX;16;Habitação;482;Habitação Urbana;64;Geração e Qualificação Habitacional em Áreas de Interesse Social;1207;Produção de Moradias;10;Intervenções Especiais em Conjuntos Habitacionais;0.25;0;181726;142636.3625;103877.4175;11886.3625;147403;108644.055;16653
PVS;EIXO: PROMOVENDO VIDAS SAUDAVEIS;HAB;SUB-EIXO: HABITAÇÃO;NEX;NEX;16;Habitação;482;Habitação Urbana;64;Geração e Qualificação Habitacional em Áreas de Interesse Social;1231;Melhorias Urbanas em Assentamentos Precários;1;Consultorias e Apoio a Serviços Especiais;0.25;0;1743190;101817.7725;145403.965;116838.465;561482.99;527515.9125;459699.17
PVS;EIXO: PROMOVENDO VIDAS SAUDAVEIS;HAB;SUB-EIXO: HABITAÇÃO;NEX;NEX;16;Habitação;482;Habitação Urbana;64;Geração e Qualificação Habitacional em Áreas de Interesse Social;1231;Melhorias Urbanas em Assentamentos Precários;3;Outras Intervenções em Assentamentos Precários;0.25;0;1500;0;16119.395;16119.395;16119.395;16119.395;16119.395
PVS;EIXO: PROMOVENDO VIDAS SAUDAVEIS;HAB;SUB-EIXO: HABITAÇÃO;NEX;NEX;16;Habitação;482;Habitação Urbana;64;Geração e Qualificação Habitacional em Áreas de Interesse Social;1231;Melhorias Urbanas em Assentamentos Precários;8;Ações Sociais em Assentamentos Precários;0.25;0;40518;0;0;6632.7225;30754.1325;30754.1325;30754.1325
PVS;EIXO: PROMOVENDO VIDAS SAUDAVEIS;HAB;SUB-EIXO: HABITAÇÃO;NEX;NEX;16;Habitação;482;Habitação Urbana;64;Geração e Qualificação Habitacional em Áreas de Interesse Social;1231;Melhorias Urbanas em Assentamentos Precários;25;Reassentamento/Indenizações;0.25;0;568729;4512.72;-5487.28;-5487.28;29001.0575;19001.0575;19001.0575
PVS;EIXO: PROMOVENDO VIDAS SAUDAVEIS;HAB;SUB-EIXO: HABITAÇÃO;NEX;NEX;16;Habitação;482;Habitação Urbana;64;Geração e Qualificação Habitacional em Áreas de Interesse Social;1231;Melhorias Urbanas em Assentamentos Precários;27;Reassentamento/Indenizações - OP;0.25;0;268487;0;0;0;0;0;0
PVS;EIXO: PROMOVENDO VIDAS SAUDAVEIS;HAB;SUB-EIXO: HABITAÇÃO;NEX;NEX;16;Habitação;482;Habitação Urbana;64;Geração e Qualificação Habitacional em Áreas de Interesse Social;2792;Programa Bolsa Moradia;1;Programa Bolsa Moradia;0.25;0;1832837;144500;269943.75;269943.75;683750;659318.75;659318.75
PVS;EIXO: PROMOVENDO VIDAS SAUDAVEIS;HAB;SUB-EIXO: HABITAÇÃO;NEX;NEX;16;Habitação;482;Habitação Urbana;64;Geração e Qualificação Habitacional em Áreas de Interesse Social;2792;Programa Bolsa Moradia;2;Programa Bolsa Moradia - Risco;0.25;0;593450;64000;238812.5;238812.5;701875;700543.25;700543.25
PVS;EIXO: PROMOVENDO VIDAS SAUDAVEIS;HAB;SUB-EIXO: HABITAÇÃO;NEX;NEX;16;Habitação;482;Habitação Urbana;64;Geração e Qualificação Habitacional em Áreas de Interesse Social;2792;Programa Bolsa Moradia;3;Programa Bolsa Moradia - Obras Vila Viva;0.25;0;2004329;223750;514668.75;514668.75;1311954.25;1304293.75;1304293.75
PVS;EIXO: PROMOVENDO VIDAS SAUDAVEIS;HAB;SUB-EIXO: HABITAÇÃO;NEX;NEX;16;Habitação;482;Habitação Urbana;64;Geração e Qualificação Habitacional em Áreas de Interesse Social;2792;Programa Bolsa Moradia;5;Programa Bolsa Moradia - Implantação do Corta Caminho;0.25;0;142160;0;18000;18000;37875;35625;35625
PVS;EIXO: PROMOVENDO VIDAS SAUDAVEIS;HAB;SUB-EIXO: HABITAÇÃO;NEX;NEX;16;Habitação;482;Habitação Urbana;209;Implantação do Corta Caminho ;1330;Implantação do Corta Caminho;1;Ações Sociais;0.25;0;750;0;0;0;9779.975;9779.975;9779.975
PVS;EIXO: PROMOVENDO VIDAS SAUDAVEIS;HAB;SUB-EIXO: HABITAÇÃO;NEX;NEX;16;Habitação;482;Habitação Urbana;209;Implantação do Corta Caminho ;1330;Implantação do Corta Caminho;3;Via 710 - Reassentamento/Indenizações;0.25;0;403183;32194.1825;27778.6325;49201.06;144093.7375;139678.1875;139678.1875
PVS;EIXO: PROMOVENDO VIDAS SAUDAVEIS;HAB;SUB-EIXO: HABITAÇÃO;NEX;NEX;16;Habitação;482;Habitação Urbana;209;Implantação do Corta Caminho ;1330;Implantação do Corta Caminho;6;Consultoria e Serviços Técnicos;0.25;0;22750;0;0;0;0;0;0
PVS;EIXO: PROMOVENDO VIDAS SAUDAVEIS;HAB;SUB-EIXO: HABITAÇÃO;NEX;NEX;16;Habitação;482;Habitação Urbana;209;Implantação do Corta Caminho ;1330;Implantação do Corta Caminho;8;Revitalização Anel Rodoviário - Recuperação Assentamentos Precários;0.25;0;1000;0;0;0;0;0;0
PVS;EIXO: PROMOVENDO VIDAS SAUDAVEIS;HAB;SUB-EIXO: HABITAÇÃO;NEX;NEX;16;Habitação;482;Habitação Urbana;211;Prioridade ao Transporte Coletivo ;1272;Implantação de Novos Terminais Rodoviários;5;Ações Sociais;0.25;0;6750;0;0;0;9236.035;9236.035;9236.035
PVS;EIXO: PROMOVENDO VIDAS SAUDAVEIS;HAB;SUB-EIXO: HABITAÇÃO;NEX;NEX;16;Habitação;482;Habitação Urbana;211;Prioridade ao Transporte Coletivo ;1272;Implantação de Novos Terminais Rodoviários;6;Reassentamentos / Indenizações / Demolições;0.25;0;5000;0;0;0;0;0;0
PVS;EIXO: PROMOVENDO VIDAS SAUDAVEIS;HAB;SUB-EIXO: HABITAÇÃO;NEX;NEX;16;Habitação;482;Habitação Urbana;225;Vila Viva;1231;Melhorias Urbanas em Assentamentos Precários;1;Consultorias e Apoio a Serviços Especiais;0.25;0;12279542;1186993.28;1163488.628;1047124.105;8539154.68;7731800.768;6790167.695
PVS;EIXO: PROMOVENDO VIDAS SAUDAVEIS;HAB;SUB-EIXO: HABITAÇÃO;NEX;NEX;16;Habitação;482;Habitação Urbana;225;Vila Viva;1231;Melhorias Urbanas em Assentamentos Precários;3;Outras Intervenções em Assentamentos Precários;0.25;0;750750;313805.35;135166.8325;0;539471.9125;360833.395;118174.64
PVS;EIXO: PROMOVENDO VIDAS SAUDAVEIS;HAB;SUB-EIXO: HABITAÇÃO;NEX;NEX;16;Habitação;482;Habitação Urbana;225;Vila Viva;1231;Melhorias Urbanas em Assentamentos Precários;4;Orçamento Participativo - Empreendimento;0.25;0;6195117;1104494.458;672795.0625;473488.025;2236583.135;1779887.828;1567430.053
PVS;EIXO: PROMOVENDO VIDAS SAUDAVEIS;HAB;SUB-EIXO: HABITAÇÃO;NEX;NEX;16;Habitação;482;Habitação Urbana;225;Vila Viva;1231;Melhorias Urbanas em Assentamentos Precários;5;Planos Globais Específicos;0.25;0;287669;128370.4775;74796.9325;40518.3025;286177.21;232603.665;111677.12
PVS;EIXO: PROMOVENDO VIDAS SAUDAVEIS;HAB;SUB-EIXO: HABITAÇÃO;NEX;NEX;16;Habitação;482;Habitação Urbana;225;Vila Viva;1231;Melhorias Urbanas em Assentamentos Precários;6;Apoio Técnico a Projeto ou Obra;0.25;0;169000;60362.675;19362.675;19362.675;84909.74;43909.74;43909.74
PVS;EIXO: PROMOVENDO VIDAS SAUDAVEIS;HAB;SUB-EIXO: HABITAÇÃO;NEX;NEX;16;Habitação;482;Habitação Urbana;225;Vila Viva;1231;Melhorias Urbanas em Assentamentos Precários;7;Plano de Regularização Urbanística;0.25;0;450290;469672.5025;299443.3475;50933.1;636603.595;466374.44;90457.8875
PVS;EIXO: PROMOVENDO VIDAS SAUDAVEIS;HAB;SUB-EIXO: HABITAÇÃO;NEX;NEX;16;Habitação;482;Habitação Urbana;225;Vila Viva;1231;Melhorias Urbanas em Assentamentos Precários;8;Ações Sociais em Assentamentos Precários;0.25;0;1270686;214050.4625;111996.25;176038.745;683603.0825;574029.6175;533589.6325
PVS;EIXO: PROMOVENDO VIDAS SAUDAVEIS;HAB;SUB-EIXO: HABITAÇÃO;NEX;NEX;16;Habitação;482;Habitação Urbana;225;Vila Viva;1231;Melhorias Urbanas em Assentamentos Precários;9;Implantação do Vila Viva - Morro das Pedras;0.25;0;1930723;368879.515;265593.445;275267.0675;465366.3275;362080.2575;284474.5675
PVS;EIXO: PROMOVENDO VIDAS SAUDAVEIS;HAB;SUB-EIXO: HABITAÇÃO;NEX;NEX;16;Habitação;482;Habitação Urbana;225;Vila Viva;1231;Melhorias Urbanas em Assentamentos Precários;10;Implantação do Vila Viva - Taquaril;0.25;0;6010059;1871685.063;1207549.668;1056991.04;4824000.78;4114882.863;3964324.235
PVS;EIXO: PROMOVENDO VIDAS SAUDAVEIS;HAB;SUB-EIXO: HABITAÇÃO;NEX;NEX;16;Habitação;482;Habitação Urbana;225;Vila Viva;1231;Melhorias Urbanas em Assentamentos Precários;11;Implantação do Vila Viva - Califórnia;0.25;0;67500;187843;125708.6525;78344.0225;187843;125708.6525;78344.0225
PVS;EIXO: PROMOVENDO VIDAS SAUDAVEIS;HAB;SUB-EIXO: HABITAÇÃO;NEX;NEX;16;Habitação;482;Habitação Urbana;225;Vila Viva;1231;Melhorias Urbanas em Assentamentos Precários;13;Implantação do Vila Viva - Vila Pedreira Prado Lopes;0.25;0;1272064;408455.85;348328.3925;348328.3925;1238314.118;1149176.555;1149176.555
PVS;EIXO: PROMOVENDO VIDAS SAUDAVEIS;HAB;SUB-EIXO: HABITAÇÃO;NEX;NEX;16;Habitação;482;Habitação Urbana;225;Vila Viva;1231;Melhorias Urbanas em Assentamentos Precários;14;Implantação do Vila Viva - Vila Cemig/Alto das Antenas;0.25;0;923967;50000;0;6854.8125;1001239.475;951239.475;901875.455
PVS;EIXO: PROMOVENDO VIDAS SAUDAVEIS;HAB;SUB-EIXO: HABITAÇÃO;NEX;NEX;16;Habitação;482;Habitação Urbana;225;Vila Viva;1231;Melhorias Urbanas em Assentamentos Precários;15;Implantação do Vila Viva - Aglomerado Aeroporto/São Tomaz;0.25;0;2948689;0;0;0;0;0;0
PVS;EIXO: PROMOVENDO VIDAS SAUDAVEIS;HAB;SUB-EIXO: HABITAÇÃO;NEX;NEX;16;Habitação;482;Habitação Urbana;225;Vila Viva;1231;Melhorias Urbanas em Assentamentos Precários;18;Implantação do Vila Viva - Aglomerado da Serra;0.25;0;943791;1241076.05;604624.4375;824583.3075;2352598.213;1716121.6;1578091.865
PVS;EIXO: PROMOVENDO VIDAS SAUDAVEIS;HAB;SUB-EIXO: HABITAÇÃO;NEX;NEX;16;Habitação;482;Habitação Urbana;225;Vila Viva;1231;Melhorias Urbanas em Assentamentos Precários;19;Implantação do Vila Viva - Aglomerado Santa Lúcia;0.25;0;9309301;2075695.073;806590.44;1110946.118;4717649.813;3444095.128;3444095.128
PVS;EIXO: PROMOVENDO VIDAS SAUDAVEIS;HAB;SUB-EIXO: HABITAÇÃO;NEX;NEX;16;Habitação;482;Habitação Urbana;225;Vila Viva;1231;Melhorias Urbanas em Assentamentos Precários;20;Regularização de Domícílios;0.25;0;779123;0;0;0;1091.895;1091.895;1091.895
PVS;EIXO: PROMOVENDO VIDAS SAUDAVEIS;HAB;SUB-EIXO: HABITAÇÃO;NEX;NEX;16;Habitação;482;Habitação Urbana;225;Vila Viva;1231;Melhorias Urbanas em Assentamentos Precários;22;Eliminação das Situações de Risco Muito Alto e Alto;0.25;0;8933170;1346132.81;826511.8925;223812.64;3251071.388;2670303.87;1843890.413
PVS;EIXO: PROMOVENDO VIDAS SAUDAVEIS;HAB;SUB-EIXO: HABITAÇÃO;NEX;NEX;16;Habitação;482;Habitação Urbana;225;Vila Viva;1231;Melhorias Urbanas em Assentamentos Precários;23;Obras de Manutenção em Assentamentos Precários;0.25;0;2250000;0;0;0;0;0;0
PVS;EIXO: PROMOVENDO VIDAS SAUDAVEIS;HAB;SUB-EIXO: HABITAÇÃO;NEX;NEX;16;Habitação;482;Habitação Urbana;225;Vila Viva;1231;Melhorias Urbanas em Assentamentos Precários;25;Reassentamento/Indenizações;0.25;0;718613;11517.955;11517.955;0;23395.0925;23395.0925;11877.1375
PVS;EIXO: PROMOVENDO VIDAS SAUDAVEIS;HAB;SUB-EIXO: HABITAÇÃO;NEX;NEX;16;Habitação;482;Habitação Urbana;225;Vila Viva;1231;Melhorias Urbanas em Assentamentos Precários;26;Reassentamento/Indenizações - Programa Vila Viva;0.25;0;2913904;244158.615;212554.7425;221702.3525;818891.6025;785072.9425;694883.47
PVS;EIXO: PROMOVENDO VIDAS SAUDAVEIS;HAB;SUB-EIXO: HABITAÇÃO;NEX;NEX;16;Habitação;482;Habitação Urbana;225;Vila Viva;1231;Melhorias Urbanas em Assentamentos Precários;27;Reassentamento/Indenizações - OP;0.25;0;555226;37882.2625;17833.205;17833.205;145441.05;125391.9925;125391.9925
PVS;EIXO: PROMOVENDO VIDAS SAUDAVEIS;HAB;SUB-EIXO: HABITAÇÃO;NEX;NEX;16;Habitação;482;Habitação Urbana;225;Vila Viva;1231;Melhorias Urbanas em Assentamentos Precários;29;Obras de Produção de Moradias da Av. Santa Terezinha;0.25;0;482707;0;0;0;0;0;0
PVS;EIXO: PROMOVENDO VIDAS SAUDAVEIS;HAB;SUB-EIXO: HABITAÇÃO;NEX;NEX;16;Habitação;482;Habitação Urbana;226;Habitação ;1207;Produção de Moradias;3;Produção de Moradias do Programa Minha Casa Minha Vida;0.25;0;18187386;382750;140086.5025;121329.13;654000;281952.5975;262280.91
PVS;EIXO: PROMOVENDO VIDAS SAUDAVEIS;HAB;SUB-EIXO: HABITAÇÃO;NEX;NEX;16;Habitação;482;Habitação Urbana;226;Habitação ;1207;Produção de Moradias;7;Acompanhamento Social de Famílias do Programa Minha Casa Minha Vida;0.25;0;790965;125000;0;0;125000;0;0
PVS;EIXO: PROMOVENDO VIDAS SAUDAVEIS;HAB;SUB-EIXO: HABITAÇÃO;NEX;NEX;16;Habitação;482;Habitação Urbana;226;Habitação ;1207;Produção de Moradias;8;Gestão da Política Municipal de Habitação-PMH e Participação Popular;0.25;0;375338;0;0;47840.825;78773.4225;78773.4225;78773.4225
PVS;EIXO: PROMOVENDO VIDAS SAUDAVEIS;HAB;SUB-EIXO: HABITAÇÃO;NEX;NEX;16;Habitação;482;Habitação Urbana;226;Habitação ;1207;Produção de Moradias;11;Regularização de Moradias implantadas pela PBH no período de 1993 a 2012;0.25;0;1500;59808.7325;49018.11;8500.48;67981.7225;57191.1;16673.47
PVS;EIXO: PROMOVENDO VIDAS SAUDAVEIS;HAB;SUB-EIXO: HABITAÇÃO;NEX;NEX;16;Habitação;482;Habitação Urbana;226;Habitação ;1207;Produção de Moradias;13;Produção de Moradias do Programa Minha Casa Minha Vida - ENTIDADES;0.25;0;250;0;0;0;0;0;0
PVS;EIXO: PROMOVENDO VIDAS SAUDAVEIS;HAB;SUB-EIXO: HABITAÇÃO;NEX;NEX;16;Habitação;482;Habitação Urbana;226;Habitação ;1207;Produção de Moradias;18; Reassentamento/Indenizações;0.25;0;423000;0;0;0;0;0;0
PVS;EIXO: PROMOVENDO VIDAS SAUDAVEIS;HAB;SUB-EIXO: HABITAÇÃO;NEX;NEX;16;Habitação;482;Habitação Urbana;234;BH Cidadania  e o SUAS - Sistema Único de Assistência Social ;1231;Melhorias Urbanas em Assentamentos Precários;1;Consultorias e Apoio a Serviços Especiais;0.25;0;4250;0;0;0;0;0;0
PVS;EIXO: PROMOVENDO VIDAS SAUDAVEIS;HAB;SUB-EIXO: HABITAÇÃO;NEX;NEX;16;Habitação;482;Habitação Urbana;234;BH Cidadania  e o SUAS - Sistema Único de Assistência Social ;1231;Melhorias Urbanas em Assentamentos Precários;32;Projetos e Obras de Melhorias Habitacionais;0.25;0;224656;0;0;0;0;0;0
PVS;EIXO: PROMOVENDO VIDAS SAUDAVEIS;HAB;SUB-EIXO: HABITAÇÃO;NEX;NEX;16;Habitação;482;Habitação Urbana;234;BH Cidadania  e o SUAS - Sistema Único de Assistência Social ;1231;Melhorias Urbanas em Assentamentos Precários;34;"Atendimento ampliado kit de acessibilidade ""kit Idoso"" às famílias de pessoas com deficiência ";0.25;0;250000;0;0;0;0;0;0
PVS;EIXO: PROMOVENDO VIDAS SAUDAVEIS;SAN;SUB-EIXO: SANEAMENTO;NEX;NEX;17;Saneamento;512;Saneamento Básico Urbano;46;Operacionalização e Modernização da Limpeza Pública;2537;Tratamento e Destinação de Resíduos Sólidos;1;Serviços de Operação de Áreas de Manejo, de Remoção e Destinação de Resíduos de Construção Civil;0.25;0;1171710;1801587.313;1352452.358;889244.7075;4633839.18;4067925.74;3604718.09
PVS;EIXO: PROMOVENDO VIDAS SAUDAVEIS;SAN;SUB-EIXO: SANEAMENTO;NEX;NEX;17;Saneamento;512;Saneamento Básico Urbano;46;Operacionalização e Modernização da Limpeza Pública;2537;Tratamento e Destinação de Resíduos Sólidos;2;Reestruturação da Infraestrutura para Triagem de Materiais Recicláveis;0.25;0;150000;0;0;0;0;0;0
PVS;EIXO: PROMOVENDO VIDAS SAUDAVEIS;SAN;SUB-EIXO: SANEAMENTO;NEX;NEX;17;Saneamento;512;Saneamento Básico Urbano;46;Operacionalização e Modernização da Limpeza Pública;2537;Tratamento e Destinação de Resíduos Sólidos;3;Transbordo de Resíduos Sólidos;0.25;0;1272641;559478.455;558814.9725;433296.5875;1365354.553;1253949.165;1027548.243
PVS;EIXO: PROMOVENDO VIDAS SAUDAVEIS;SAN;SUB-EIXO: SANEAMENTO;NEX;NEX;17;Saneamento;512;Saneamento Básico Urbano;46;Operacionalização e Modernização da Limpeza Pública;2537;Tratamento e Destinação de Resíduos Sólidos;11;Aterragem de Resíduos Sólidos;0.25;0;8566419;2960312.92;1235302.713;510611.825;8632772.17;5981496.423;5256805.535
PVS;EIXO: PROMOVENDO VIDAS SAUDAVEIS;SAN;SUB-EIXO: SANEAMENTO;NEX;NEX;17;Saneamento;512;Saneamento Básico Urbano;46;Operacionalização e Modernização da Limpeza Pública;2539;Execução dos Serviços de Limpeza Urbana;3;Limpeza de Áreas Públicas Decorrentes de Grandes Eventos;0.25;0;701881;257455.4625;153660.125;8896.1125;676949.095;527843.595;277567.7625
PVS;EIXO: PROMOVENDO VIDAS SAUDAVEIS;SAN;SUB-EIXO: SANEAMENTO;NEX;NEX;17;Saneamento;512;Saneamento Básico Urbano;46;Operacionalização e Modernização da Limpeza Pública;2539;Execução dos Serviços de Limpeza Urbana;4;Cobertura dos Serviços de Limpeza de Vias em Áreas Urbanas;0.25;0;23145580;11523603.53;8787974.07;3204764.89;26376053.13;22709235.2;13919701.33
PVS;EIXO: PROMOVENDO VIDAS SAUDAVEIS;SAN;SUB-EIXO: SANEAMENTO;NEX;NEX;17;Saneamento;512;Saneamento Básico Urbano;46;Operacionalização e Modernização da Limpeza Pública;2539;Execução dos Serviços de Limpeza Urbana;5;Gerenciamento da Central de Tratamento de Resíduos Sólidos;0.25;0;2428755;652981.16;654368.81;300191.21;1729409.855;1503688.348;1026470.128
PVS;EIXO: PROMOVENDO VIDAS SAUDAVEIS;SAN;SUB-EIXO: SANEAMENTO;NEX;NEX;17;Saneamento;512;Saneamento Básico Urbano;46;Operacionalização e Modernização da Limpeza Pública;2539;Execução dos Serviços de Limpeza Urbana;7;Execução de Serviços de Limpeza Urbana - Multitarefa;0.25;0;8123817;4101683.96;3539883.32;224295.39;7773511.005;6456214.22;2746738.673
PVS;EIXO: PROMOVENDO VIDAS SAUDAVEIS;SAN;SUB-EIXO: SANEAMENTO;NEX;NEX;17;Saneamento;512;Saneamento Básico Urbano;46;Operacionalização e Modernização da Limpeza Pública;2900;Serviços Administrativos e Financeiros;1;Serviços Administrativos e Financeiros ;0.25;0;32748562;10748713.05;11933876.42;11056596.17;29158151.91;28534262.61;27348121.24
PVS;EIXO: PROMOVENDO VIDAS SAUDAVEIS;SAN;SUB-EIXO: SANEAMENTO;NEX;NEX;17;Saneamento;512;Saneamento Básico Urbano;46;Operacionalização e Modernização da Limpeza Pública;2900;Serviços Administrativos e Financeiros;2;Implantação do Sistema de Gerenciamento de Resíduos Sólidos - PMAT IV;0.25;0;125000;0;0;0;0;0;0
PVS;EIXO: PROMOVENDO VIDAS SAUDAVEIS;SAN;SUB-EIXO: SANEAMENTO;NEX;NEX;17;Saneamento;512;Saneamento Básico Urbano;66;Saneamento e Tratamento de Fundos de Vale;1203;Drenagem e Tratamento de Fundos de Vale;1;Drenagem e Tratamento de Fundos de Vale;0.25;0;12096689;1239127.553;1024159.09;561468.3525;2877478.38;2329195.208;1228436.443
PVS;EIXO: PROMOVENDO VIDAS SAUDAVEIS;SAN;SUB-EIXO: SANEAMENTO;NEX;NEX;17;Saneamento;512;Saneamento Básico Urbano;66;Saneamento e Tratamento de Fundos de Vale;1203;Drenagem e Tratamento de Fundos de Vale;9;Projetos, Consultoria e apoio a serviços especiais;0.25;0;57420;0;0;0;0;0;0
PVS;EIXO: PROMOVENDO VIDAS SAUDAVEIS;SAN;SUB-EIXO: SANEAMENTO;NEX;NEX;17;Saneamento;512;Saneamento Básico Urbano;225;Vila Viva;1203;Drenagem e Tratamento de Fundos de Vale;2;Av. Santa Terezinha;0.25;0;11910;0;0;0;0;0;0
PVS;EIXO: PROMOVENDO VIDAS SAUDAVEIS;SAN;SUB-EIXO: SANEAMENTO;NEX;NEX;17;Saneamento;512;Saneamento Básico Urbano;225;Vila Viva;1231;Melhorias Urbanas em Assentamentos Precários;16;Implantação do Vila Viva - Complexo Várzea da Palma;0.25;0;1170553;3019682.865;1956662.365;1936912.013;8285706.908;5920229.543;5397152.693
PVS;EIXO: PROMOVENDO VIDAS SAUDAVEIS;SAN;SUB-EIXO: SANEAMENTO;NEX;NEX;17;Saneamento;512;Saneamento Básico Urbano;228;Coleta, Destinação e Tratamento de Resíduos Sólidos ;2538;Execução dos Serviços de Coleta de Resíduos;1;Coleta de Resíduos Sólidos;0.25;0;24914885;5256079.705;6465000.588;381072.21;21371640.41;20034101.72;10932352.86
PVS;EIXO: PROMOVENDO VIDAS SAUDAVEIS;SAN;SUB-EIXO: SANEAMENTO;NEX;NEX;17;Saneamento;512;Saneamento Básico Urbano;228;Coleta, Destinação e Tratamento de Resíduos Sólidos ;2538;Execução dos Serviços de Coleta de Resíduos;2;Serviços de Coleta Seletiva na modalidade ponto a ponto;0.25;0;293083;0;0;0;0;0;0
PVS;EIXO: PROMOVENDO VIDAS SAUDAVEIS;SAN;SUB-EIXO: SANEAMENTO;NEX;NEX;17;Saneamento;512;Saneamento Básico Urbano;228;Coleta, Destinação e Tratamento de Resíduos Sólidos ;2539;Execução dos Serviços de Limpeza Urbana;2;Instalação e Manutenção de Cestos Coletores;0.25;0;410302;1540017.53;1498306.99;1326685.79;1818924.683;1774867.745;1522273.27
PVS;EIXO: PROMOVENDO VIDAS SAUDAVEIS;SAN;SUB-EIXO: SANEAMENTO;NEX;NEX;17;Saneamento;512;Saneamento Básico Urbano;228;Coleta, Destinação e Tratamento de Resíduos Sólidos ;2539;Execução dos Serviços de Limpeza Urbana;9;Serviço de limpeza urbana em Vilas e Favelas;0.25;0;1500000;0;0;0;306000.3675;306000.3675;306000.3675
PVS;EIXO: PROMOVENDO VIDAS SAUDAVEIS;SAN;SUB-EIXO: SANEAMENTO;NEX;NEX;17;Saneamento;512;Saneamento Básico Urbano;228;Coleta, Destinação e Tratamento de Resíduos Sólidos ;2539;Execução dos Serviços de Limpeza Urbana;10;Serviços de Limpeza de Córregos em Vilas e Favelas;0.25;0;88630;0;0;0;0;0;0
PVS;EIXO: PROMOVENDO VIDAS SAUDAVEIS;SAN;SUB-EIXO: SANEAMENTO;NEX;NEX;17;Saneamento;512;Saneamento Básico Urbano;233;Manutenção da Cidade;1203;Drenagem e Tratamento de Fundos de Vale;3;Serviços e Obras de Conteção e Manutenção em Redes de Drenagem Pluvial;0.25;0;6471457;1419668.115;1318862.008;167431.6225;4061346.913;3490695.108;1746383.258
PVS;EIXO: PROMOVENDO VIDAS SAUDAVEIS;SAN;SUB-EIXO: SANEAMENTO;NEX;NEX;17;Saneamento;512;Saneamento Básico Urbano;243;Gestão Ambiental;1203;Drenagem e Tratamento de Fundos de Vale;1;Drenagem e Tratamento de Fundos de Vale;0.25;0;148970777;2993046.243;3907341.975;4392303.643;14886169.85;13006059.39;11638633.37
PVS;EIXO: PROMOVENDO VIDAS SAUDAVEIS;SAN;SUB-EIXO: SANEAMENTO;NEX;NEX;17;Saneamento;512;Saneamento Básico Urbano;243;Gestão Ambiental;1307;Implantação do Programa DRENURBS;1;Implantação do Programa DRENURBS;0.25;0;97350;1548;1540.455;1540.455;13857.8275;13850.2825;13850.2825
PVS;EIXO: PROMOVENDO VIDAS SAUDAVEIS;SAN;SUB-EIXO: SANEAMENTO;NEX;NEX;17;Saneamento;512;Saneamento Básico Urbano;243;Gestão Ambiental;1307;Implantação do Programa DRENURBS;2;Recuperação Ambiental do Córrego Bonsucesso;0.25;0;13541999;2877827.93;3030549.843;3039606.55;6481810.26;6213555.693;6174009.625
PVS;EIXO: PROMOVENDO VIDAS SAUDAVEIS;SAN;SUB-EIXO: SANEAMENTO;NEX;NEX;17;Saneamento;512;Saneamento Básico Urbano;243;Gestão Ambiental;1307;Implantação do Programa DRENURBS;3;Implantação do Drenurbs - custeios gerais;0.25;0;2500;12000;22466.8925;22466.8925;87844.5;86317.135;86317.135
PVS;EIXO: PROMOVENDO VIDAS SAUDAVEIS;SAU;SUB-EIXO: SAÚDE;NEX;NEX;10;Saúde;122;Administração Geral;30;Atendimento Ambulatorial, Emergencial e Hospitalar;2900;Serviços Administrativos e Financeiros;1;Serviços Administrativos e Financeiros ;0.25;0;8233211;2146100.105;2906628.333;2626151.12;7277668.763;6472750.958;5811879.688
PVS;EIXO: PROMOVENDO VIDAS SAUDAVEIS;SAU;SUB-EIXO: SAÚDE;NEX;NEX;10;Saúde;122;Administração Geral;114;Rede de Cuidados Especializados Complementares à Saúde;2891;Rede Própria de Cuidados Especializados Complementares à Saúde - Ambulatorial;6;Gestão de Recursos Humanos;0.25;0;26744475;8907820.438;8907820.438;8852220.188;25815687.54;25815687.54;23783322.17
PVS;EIXO: PROMOVENDO VIDAS SAUDAVEIS;SAU;SUB-EIXO: SAÚDE;NEX;NEX;10;Saúde;122;Administração Geral;117;Gestão do SUS-BH;2662;Gestão do SUS-BH;1;Modernização do Sistema de Informação em Saúde na PBH;0.25;0;1592050;-134447.41;-98940.4675;167444.6175;474172.8225;415756.3525;316182.8275
PVS;EIXO: PROMOVENDO VIDAS SAUDAVEIS;SAU;SUB-EIXO: SAÚDE;NEX;NEX;10;Saúde;122;Administração Geral;117;Gestão do SUS-BH;2662;Gestão do SUS-BH;5;Incorporação de Tecnologia de Informação e Comunicação para Área de Urgência da SMSA-PMAT IV. ;0.25;0;1992300;0;0;0;0;0;0
PVS;EIXO: PROMOVENDO VIDAS SAUDAVEIS;SAU;SUB-EIXO: SAÚDE;NEX;NEX;10;Saúde;122;Administração Geral;117;Gestão do SUS-BH;2662;Gestão do SUS-BH;6;Sitema de Gestão da Regulação - PMAT IV;0.25;0;716374;0;29272.8125;29272.8125;81250;29272.8125;29272.8125
PVS;EIXO: PROMOVENDO VIDAS SAUDAVEIS;SAU;SUB-EIXO: SAÚDE;NEX;NEX;10;Saúde;122;Administração Geral;117;Gestão do SUS-BH;2662;Gestão do SUS-BH;7;Evolução Tecnológica do SISREDE - PMAT IV.;0.25;0;3072008;0;1129543.113;1016938.505;1129543.113;1129543.113;1016938.505
PVS;EIXO: PROMOVENDO VIDAS SAUDAVEIS;SAU;SUB-EIXO: SAÚDE;NEX;NEX;10;Saúde;122;Administração Geral;117;Gestão do SUS-BH;2662;Gestão do SUS-BH;8;Coleta Móvel de Dados pelos ACS's - PMAT IV.;0.25;0;554999;0;0;0;0;0;0
PVS;EIXO: PROMOVENDO VIDAS SAUDAVEIS;SAU;SUB-EIXO: SAÚDE;NEX;NEX;10;Saúde;122;Administração Geral;117;Gestão do SUS-BH;2662;Gestão do SUS-BH;9;Infraestrutura de Tecnologia de Informação e Comunicação do Hospital Metropolitano.;0.25;0;212250;-19265.4775;0;0;51859.5225;0;0
PVS;EIXO: PROMOVENDO VIDAS SAUDAVEIS;SAU;SUB-EIXO: SAÚDE;NEX;NEX;10;Saúde;122;Administração Geral;117;Gestão do SUS-BH;2895;Suporte Logístico;3;Serviços de Apoio à Rede Própria do SUS-BH;0.25;0;26568595;6176759.795;9022287.018;6275134.268;26485605;22112218.04;14028785.51
PVS;EIXO: PROMOVENDO VIDAS SAUDAVEIS;SAU;SUB-EIXO: SAÚDE;NEX;NEX;10;Saúde;122;Administração Geral;117;Gestão do SUS-BH;2895;Suporte Logístico;4;Manutenção dos Equipamentos, Mobiliários e Prediais;0.25;0;2212500;0;39253.965;948.46;240738.38;130239.11;14233.9075
PVS;EIXO: PROMOVENDO VIDAS SAUDAVEIS;SAU;SUB-EIXO: SAÚDE;NEX;NEX;10;Saúde;122;Administração Geral;117;Gestão do SUS-BH;2895;Suporte Logístico;5;Gestão dos Recursos Humanos;0.25;0;63722837;21491456.31;27817498.05;25577076.74;69771553.56;68762450.47;63827525.66
PVS;EIXO: PROMOVENDO VIDAS SAUDAVEIS;SAU;SUB-EIXO: SAÚDE;NEX;NEX;10;Saúde;122;Administração Geral;157;Atenção Primária à Saúde (APS);2690;Saúde da Família;10;Gestão de Recursos Humanos;0.25;0;121436225;42080748.27;42080747.46;41681473.73;121645800.1;121645798.4;111945697.5
PVS;EIXO: PROMOVENDO VIDAS SAUDAVEIS;SAU;SUB-EIXO: SAÚDE;NEX;NEX;10;Saúde;122;Administração Geral;204;Gestão e Regionalização da Saúde ;1216;Construção, Ampliação e Reforma de Unidades de Saúde;1;Construção, Ampliação e Reforma de Unidades de Saúde;0.25;0;16312853;623551.3825;811273.52;320164.6375;5485577.158;5240053.518;4628046.76
PVS;EIXO: PROMOVENDO VIDAS SAUDAVEIS;SAU;SUB-EIXO: SAÚDE;NEX;NEX;10;Saúde;122;Administração Geral;204;Gestão e Regionalização da Saúde ;2334;Gestão Compartilhada e Participação Social;2;Apoio aos Conselhos Municipais;0.25;0;203132;11000;2109.255;6627.6475;58022.99;38768.04;37118.04
PVS;EIXO: PROMOVENDO VIDAS SAUDAVEIS;SAU;SUB-EIXO: SAÚDE;NEX;NEX;10;Saúde;122;Administração Geral;204;Gestão e Regionalização da Saúde ;2334;Gestão Compartilhada e Participação Social;3;Realização de Conferências;0.25;0;255750;3954.54;50003.975;47697.5;58478.055;57801.6;48688.875
PVS;EIXO: PROMOVENDO VIDAS SAUDAVEIS;SAU;SUB-EIXO: SAÚDE;NEX;NEX;10;Saúde;122;Administração Geral;204;Gestão e Regionalização da Saúde ;2334;Gestão Compartilhada e Participação Social;24;Capacitação de Conselheiros ;0.25;0;172500;0;32792.2475;0;32792.2475;32792.2475;0
PVS;EIXO: PROMOVENDO VIDAS SAUDAVEIS;SAU;SUB-EIXO: SAÚDE;NEX;NEX;10;Saúde;128;Formação de Recursos Humanos;30;Atendimento Ambulatorial, Emergencial e Hospitalar;2176;Gestão do Trabalho, Ensino e Pesquisa;1;Gerenciamento do Sistema de Recursos Humanos;0.25;0;5853817;850211.1125;1390183.56;1390878.675;3385277.313;3329331.088;3323581.325
PVS;EIXO: PROMOVENDO VIDAS SAUDAVEIS;SAU;SUB-EIXO: SAÚDE;NEX;NEX;10;Saúde;301;Atenção Básica;157;Atenção Primária à Saúde (APS);2690;Saúde da Família;1;Atendimento da População na Atenção Primária à Saúde do SUS-BH;0.25;0;23409175;5897739.255;8116059.095;5183430.745;21911018.73;17702725.35;10048848.71
PVS;EIXO: PROMOVENDO VIDAS SAUDAVEIS;SAU;SUB-EIXO: SAÚDE;NEX;NEX;10;Saúde;301;Atenção Básica;157;Atenção Primária à Saúde (APS);2690;Saúde da Família;10;Gestão de Recursos Humanos;0.25;0;22801875;3304685.36;4226836.115;4037458.375;12213246.1;12057884.2;11044043.18
PVS;EIXO: PROMOVENDO VIDAS SAUDAVEIS;SAU;SUB-EIXO: SAÚDE;NEX;NEX;10;Saúde;301;Atenção Básica;202;Saúde da Família ;1371;Parcerias Público Privadas, Concessões e Operações Urbanas;6;Centros de Saúde/Unidades Básicas de Saúde em Funcionamento - Qualificação da infraestrutura;0.25;0;22653275;0;0;0;0;0;0
PVS;EIXO: PROMOVENDO VIDAS SAUDAVEIS;SAU;SUB-EIXO: SAÚDE;NEX;NEX;10;Saúde;302;Assistência Hospitalar e Ambulatorial;30;Atendimento Ambulatorial, Emergencial e Hospitalar;2616;Gestão da Assistência Hospitalar e Ambulatorial;1;Assistência Hospitalar e Ambulatorial;0.25;0;16177232;4213074.875;5792853.213;5783064.203;14535660.01;13637440.62;13408832.28
PVS;EIXO: PROMOVENDO VIDAS SAUDAVEIS;SAU;SUB-EIXO: SAÚDE;EX;EX;10;Saúde;302;Assistência Hospitalar e Ambulatorial;30;Atendimento Ambulatorial, Emergencial e Hospitalar;2616;Gestão da Assistência Hospitalar e Ambulatorial;2;Unidade Materno Infantil;1;0;1000;0;0;0;0;0;0
PVS;EIXO: PROMOVENDO VIDAS SAUDAVEIS;SAU;SUB-EIXO: SAÚDE;NEX;NEX;10;Saúde;302;Assistência Hospitalar e Ambulatorial;30;Atendimento Ambulatorial, Emergencial e Hospitalar;2620;Gestão Técnico-Hospitalar;1;Gestão Técnico-Hospitalar;0.25;0;8134690;2022823.28;3049154.733;2958901.605;6993496.99;6689272.738;6470937.253
PVS;EIXO: PROMOVENDO VIDAS SAUDAVEIS;SAU;SUB-EIXO: SAÚDE;NEX;NEX;10;Saúde;302;Assistência Hospitalar e Ambulatorial;30;Atendimento Ambulatorial, Emergencial e Hospitalar;2620;Gestão Técnico-Hospitalar;2;Gerenciamento da Assistência Alimentar e Nutricional;0.25;0;1161960;347542.4075;354507.47;321176.17;1117326.673;793810.3775;638355.715
PVS;EIXO: PROMOVENDO VIDAS SAUDAVEIS;SAU;SUB-EIXO: SAÚDE;NEX;NEX;10;Saúde;302;Assistência Hospitalar e Ambulatorial;30;Atendimento Ambulatorial, Emergencial e Hospitalar;2620;Gestão Técnico-Hospitalar;3;Diagnóstico por Imagem do HOB;0.25;0;1116300;105671.3625;252457.2325;276881.29;472859.885;366445.8975;324459.275
PVS;EIXO: PROMOVENDO VIDAS SAUDAVEIS;SAU;SUB-EIXO: SAÚDE;NEX;NEX;10;Saúde;302;Assistência Hospitalar e Ambulatorial;30;Atendimento Ambulatorial, Emergencial e Hospitalar;2620;Gestão Técnico-Hospitalar;4;Laboratório e Hemoterapia do HOB;0.25;0;1018218;157536.395;240302.91;286785.49;735878.575;532872.125;414173.5875
PVS;EIXO: PROMOVENDO VIDAS SAUDAVEIS;SAU;SUB-EIXO: SAÚDE;NEX;NEX;10;Saúde;302;Assistência Hospitalar e Ambulatorial;30;Atendimento Ambulatorial, Emergencial e Hospitalar;2620;Gestão Técnico-Hospitalar;5;Assistência Farmacêutica e Materiais Especiais;0.25;0;1962597;30252.695;61587.6575;183519.175;385186.065;362877.4675;328222.61
PVS;EIXO: PROMOVENDO VIDAS SAUDAVEIS;SAU;SUB-EIXO: SAÚDE;NEX;NEX;10;Saúde;302;Assistência Hospitalar e Ambulatorial;30;Atendimento Ambulatorial, Emergencial e Hospitalar;2875;Gestão da Atenção à Urgência;1;Pronto Socorro do HOB;0.25;0;27340975;9548496.39;13331405.01;13205799.31;31183279.02;29249877.3;28616569.39
PVS;EIXO: PROMOVENDO VIDAS SAUDAVEIS;SAU;SUB-EIXO: SAÚDE;NEX;NEX;10;Saúde;302;Assistência Hospitalar e Ambulatorial;30;Atendimento Ambulatorial, Emergencial e Hospitalar;2875;Gestão da Atenção à Urgência;2;Unidade Nossa Senhora Aparecida;0.25;0;1898238;306901.73;414479.415;346503.46;1182236.493;923714.4625;719829.545
PVS;EIXO: PROMOVENDO VIDAS SAUDAVEIS;SAU;SUB-EIXO: SAÚDE;NEX;NEX;10;Saúde;302;Assistência Hospitalar e Ambulatorial;30;Atendimento Ambulatorial, Emergencial e Hospitalar;2875;Gestão da Atenção à Urgência;3;Hospital Dia;0.25;0;599158;128950.5875;130355.065;114710.5875;367955.3025;234854.5125;186154.2475
PVS;EIXO: PROMOVENDO VIDAS SAUDAVEIS;SAU;SUB-EIXO: SAÚDE;NEX;NEX;10;Saúde;302;Assistência Hospitalar e Ambulatorial;30;Atendimento Ambulatorial, Emergencial e Hospitalar;2875;Gestão da Atenção à Urgência;4;UPA HOB;0.25;0;369500;4592.75;3443.5;1618.25;4592.75;3443.5;1618.25
PVS;EIXO: PROMOVENDO VIDAS SAUDAVEIS;SAU;SUB-EIXO: SAÚDE;NEX;NEX;10;Saúde;302;Assistência Hospitalar e Ambulatorial;114;Rede de Cuidados Especializados Complementares à Saúde;2891;Rede Própria de Cuidados Especializados Complementares à Saúde - Ambulatorial;1;Atendimento da População na Rede Complementar Própria do SUS-BH;0.25;0;3228425;627884.645;749988.5175;353594.7125;1642545.705;1284571.81;766719.155
PVS;EIXO: PROMOVENDO VIDAS SAUDAVEIS;SAU;SUB-EIXO: SAÚDE;NEX;NEX;10;Saúde;302;Assistência Hospitalar e Ambulatorial;114;Rede de Cuidados Especializados Complementares à Saúde;2891;Rede Própria de Cuidados Especializados Complementares à Saúde - Ambulatorial;2;Procedimentos Ambulatoriais Processados na Rede Complementar Própria do SUS-BH;0.25;0;2500;0;0;0;0;0;0
PVS;EIXO: PROMOVENDO VIDAS SAUDAVEIS;SAU;SUB-EIXO: SAÚDE;NEX;NEX;10;Saúde;302;Assistência Hospitalar e Ambulatorial;114;Rede de Cuidados Especializados Complementares à Saúde;2891;Rede Própria de Cuidados Especializados Complementares à Saúde - Ambulatorial;9;Hospital Odilon Behrens;0.25;0;2747500;1137869.743;917534.275;1112807.693;3025619.743;2371089.283;2363853.55
PVS;EIXO: PROMOVENDO VIDAS SAUDAVEIS;SAU;SUB-EIXO: SAÚDE;NEX;NEX;10;Saúde;302;Assistência Hospitalar e Ambulatorial;114;Rede de Cuidados Especializados Complementares à Saúde;2892;Rede Contratada de Cuidados Especializados Complementares à Saúde - Ambulatorial;1;Atendimento da População na Rede Complementar Contratada do SUS-BH;0.25;0;5841375;2080707.08;524143.98;1122666.683;5269891.633;3247166.295;2044297.965
PVS;EIXO: PROMOVENDO VIDAS SAUDAVEIS;SAU;SUB-EIXO: SAÚDE;NEX;NEX;10;Saúde;302;Assistência Hospitalar e Ambulatorial;114;Rede de Cuidados Especializados Complementares à Saúde;2892;Rede Contratada de Cuidados Especializados Complementares à Saúde - Ambulatorial;2;Procedimentos Ambulatoriais Processados na Rede Complementar Contratada do SUS-BH;0.25;0;93675000;18903377;27646455.5;26076442.8;75577468.27;74179580.4;68434098.08
PVS;EIXO: PROMOVENDO VIDAS SAUDAVEIS;SAU;SUB-EIXO: SAÚDE;NEX;NEX;10;Saúde;302;Assistência Hospitalar e Ambulatorial;114;Rede de Cuidados Especializados Complementares à Saúde;2892;Rede Contratada de Cuidados Especializados Complementares à Saúde - Ambulatorial;3;Cirurgias Eletivas SUS-BH;0.25;0;1525000;574119.465;671612.875;935624.6825;2062959.923;2040786.058;1707137.125
PVS;EIXO: PROMOVENDO VIDAS SAUDAVEIS;SAU;SUB-EIXO: SAÚDE;NEX;NEX;10;Saúde;302;Assistência Hospitalar e Ambulatorial;114;Rede de Cuidados Especializados Complementares à Saúde;2893;Rede de Urgência;1;Atendimento da População na Rede de Urgência do SUS-BH;0.25;0;15764475;4257680.878;4637890.485;4002306.89;15439180.39;14117519.45;9805115.938
PVS;EIXO: PROMOVENDO VIDAS SAUDAVEIS;SAU;SUB-EIXO: SAÚDE;NEX;NEX;10;Saúde;302;Assistência Hospitalar e Ambulatorial;201;Hospital Metropolitano;1336;Construção do Hospital Metropolitano;1;Hospital Metropolitano;0.25;0;716761;0;0;0;0;0;0
PVS;EIXO: PROMOVENDO VIDAS SAUDAVEIS;SAU;SUB-EIXO: SAÚDE;NEX;NEX;10;Saúde;302;Assistência Hospitalar e Ambulatorial;201;Hospital Metropolitano;1371;Parcerias Público Privadas, Concessões e Operações Urbanas;4;Parceria Público-Privada do Hospital Metropolitano;0.25;0;12709107;11318497.9;8013778.65;8883691.395;16153201.43;12473443.82;12473443.82
PVS;EIXO: PROMOVENDO VIDAS SAUDAVEIS;SAU;SUB-EIXO: SAÚDE;NEX;NEX;10;Saúde;302;Assistência Hospitalar e Ambulatorial;201;Hospital Metropolitano;2896;Operacionalização do Hospital Metropolitano;1;Operacionalização do Hospital Metropolitano;0.25;0;17960604;2045546.173;669181.5125;487741.725;3394948.57;761155.0575;541177.99
PVS;EIXO: PROMOVENDO VIDAS SAUDAVEIS;SAU;SUB-EIXO: SAÚDE;NEX;NEX;10;Saúde;302;Assistência Hospitalar e Ambulatorial;203;Melhoria do Atendimento Hospitalar e Especializado;2894;Rede Hospitalar;1;Atendimento da População na Rede Hospitalar do SUS-BH;0.25;0;230350000;60303133.9;75003737.74;75404158.96;225983956.8;217650981;197414385.6
PVS;EIXO: PROMOVENDO VIDAS SAUDAVEIS;SAU;SUB-EIXO: SAÚDE;NEX;NEX;10;Saúde;302;Assistência Hospitalar e Ambulatorial;203;Melhoria do Atendimento Hospitalar e Especializado;2894;Rede Hospitalar;2;Cirurgias Eletivas no SUS-BH;0.25;0;11000000;2035993.133;3600969.125;4540999.093;11535111.28;10976068.97;9705069.213
PVS;EIXO: PROMOVENDO VIDAS SAUDAVEIS;SAU;SUB-EIXO: SAÚDE;NEX;NEX;10;Saúde;302;Assistência Hospitalar e Ambulatorial;203;Melhoria do Atendimento Hospitalar e Especializado;2894;Rede Hospitalar;3;Hospital Odilon Behrens;0.25;0;65171000;17116610.67;19988555.57;19113917.95;53960670.67;52397591.23;47716652.87
PVS;EIXO: PROMOVENDO VIDAS SAUDAVEIS;SAU;SUB-EIXO: SAÚDE;NEX;NEX;10;Saúde;303;Suporte Profilático e Terapêutico;204;Gestão e Regionalização da Saúde ;2895;Suporte Logístico;1;Assistência Farmacêutica;0.25;0;9822575;1348863.265;1571261.498;623934.9375;4536256.198;2614335.663;646556.6475
PVS;EIXO: PROMOVENDO VIDAS SAUDAVEIS;SAU;SUB-EIXO: SAÚDE;NEX;NEX;10;Saúde;304;Vigilância Sanitária;28;Vigilância em Saúde;2829;Vigilância em Saúde;2;Ações de Vigilância Sanitária e Saúde do Trabalhador;0.25;0;443625;250304.3725;214591.7;201561.815;317025.3075;236100.185;222842.87
PVS;EIXO: PROMOVENDO VIDAS SAUDAVEIS;SAU;SUB-EIXO: SAÚDE;NEX;NEX;10;Saúde;304;Vigilância Sanitária;28;Vigilância em Saúde;2829;Vigilância em Saúde;6;Fortalecimento das ações intersetoriais para o controle da Dengue e Leishmaniose Visceral - Implantação de Equipes;0.25;0;5000;0;0;0;0;0;0
PVS;EIXO: PROMOVENDO VIDAS SAUDAVEIS;SAU;SUB-EIXO: SAÚDE;NEX;NEX;10;Saúde;304;Vigilância Sanitária;28;Vigilância em Saúde;2829;Vigilância em Saúde;7;Campanha de Prevenção de Leishmaniose em Centros de Saúde;0.25;0;5000;0;0;0;0;0;0
PVS;EIXO: PROMOVENDO VIDAS SAUDAVEIS;SAU;SUB-EIXO: SAÚDE;NEX;NEX;10;Saúde;305;Vigilância Epidemiológica;28;Vigilância em Saúde;2829;Vigilância em Saúde;1;Ações de Vigilância, Prevenção e Controle de Doenças e Agravos - Zoonozes;0.25;0;1185625;565823.4775;826422.795;320186.6825;2307182.935;2033297.368;495864
PVS;EIXO: PROMOVENDO VIDAS SAUDAVEIS;SAU;SUB-EIXO: SAÚDE;NEX;NEX;10;Saúde;305;Vigilância Epidemiológica;28;Vigilância em Saúde;2829;Vigilância em Saúde;3;Ações de Vigilância Epidemiológica;0.25;0;1189625;172358.9825;673959.705;216650.99;1095166.233;954345.4425;380460.9225
PVS;EIXO: PROMOVENDO VIDAS SAUDAVEIS;SAU;SUB-EIXO: SAÚDE;NEX;NEX;10;Saúde;305;Vigilância Epidemiológica;28;Vigilância em Saúde;2829;Vigilância em Saúde;5;Gestão de Recursos Humanos;0.25;0;8698600;108478.0425;1190684.18;1193665.418;3555269.543;3456408.713;3224861.01
PVS;EIXO: PROMOVENDO VIDAS SAUDAVEIS;SAU;SUB-EIXO: SAÚDE;NEX;NEX;10;Saúde;305;Vigilância Epidemiológica;28;Vigilância em Saúde;2829;Vigilância em Saúde;8;Ações de Vigilância da Dengue;0.25;0;700175;27981.25;14956.25;17951.25;74571.25;32326.25;31496.25
PVS;EIXO: PROMOVENDO VIDAS SAUDAVEIS;SAU;SUB-EIXO: SAÚDE;NEX;NEX;10;Saúde;305;Vigilância Epidemiológica;28;Vigilância em Saúde;2829;Vigilância em Saúde;9;Ações de Atenção DST e AIDS - Prevenção, Assistência e Capacitação de multiplicadores.;0.25;0;817850;136849.945;218634.0625;175485.8275;486082.94;356742.455;299217.22
