Relatório de Monitoramento do OCA 2º quadrimestre 2015;;;;;;;;;;;;;;;;;;;;;;;;
classif01;desc_classif01;classif02;desc_classif02;classif03;desc_classif03;funcao;nome_funcao;subfuncao;nome_subfuncao;programa;nome_programa;projativ;nome_projativ;subitem_projativ;nome_subitem_projativ;indice_proporcionalidade;valor_credito_inicial;valor_orcado;valor_empenhado;valor_liquidado;valor_pago;valor_empenhado_acumulado;valor_liquidado_acumulado;valor_pago_acumulado
AEQ;EIXO: ACESSO À EDUCAÇÃO DE QUALIDADE;CUL;SUB-EIXO: CULTURA;NEX;NEX;13;Cultura;122;Administração Geral;146;Gestão da Política Cultural;2334;Gestão Compartilhada e Participação Social;2;Apoio aos Conselhos Municipais;0.25;0;27941;1754.95;1754.95;1754.95;1820.05;1820.05;1820.05
AEQ;EIXO: ACESSO À EDUCAÇÃO DE QUALIDADE;CUL;SUB-EIXO: CULTURA;NEX;NEX;13;Cultura;122;Administração Geral;146;Gestão da Política Cultural;2334;Gestão Compartilhada e Participação Social;3;Realização de Conferências;0.25;0;12500;3090;3090;3090;3090;3090;3090
AEQ;EIXO: ACESSO À EDUCAÇÃO DE QUALIDADE;CUL;SUB-EIXO: CULTURA;NEX;NEX;13;Cultura;122;Administração Geral;146;Gestão da Política Cultural;2334;Gestão Compartilhada e Participação Social;12;Participação em Fóruns e Grupos de Trabalho;0.25;0;2500;0;0;0;0;0;0
AEQ;EIXO: ACESSO À EDUCAÇÃO DE QUALIDADE;CUL;SUB-EIXO: CULTURA;NEX;NEX;13;Cultura;122;Administração Geral;146;Gestão da Política Cultural;2338;Gestão, Planejamento e Administração Cultural;1;Gerenciamento da Infraestrutura;0.25;0;3150422;1192119.943;1018907.14;985664.26;2296571.415;1803907.815;1770092.685
AEQ;EIXO: ACESSO À EDUCAÇÃO DE QUALIDADE;CUL;SUB-EIXO: CULTURA;NEX;NEX;13;Cultura;122;Administração Geral;146;Gestão da Política Cultural;2338;Gestão, Planejamento e Administração Cultural;2;Participação da Fundação em Eventos Locais, Nacionais e Internacionais;0.25;0;157250;15242.03;11752.3325;10322.3325;24792.3625;15351.345;13921.345
AEQ;EIXO: ACESSO À EDUCAÇÃO DE QUALIDADE;CUL;SUB-EIXO: CULTURA;NEX;NEX;13;Cultura;122;Administração Geral;146;Gestão da Política Cultural;2338;Gestão, Planejamento e Administração Cultural;3;Ações de Divulgação e Comunicação Institucional;0.25;0;240750;82100;93591.975;77515.7;180850;109652.2875;84471.7
AEQ;EIXO: ACESSO À EDUCAÇÃO DE QUALIDADE;CUL;SUB-EIXO: CULTURA;NEX;NEX;13;Cultura;122;Administração Geral;146;Gestão da Política Cultural;2338;Gestão, Planejamento e Administração Cultural;4;Gerenciamento de Programas e Informações Culturais;0.25;0;788750;7140.13;146.055;146.055;7140.13;146.055;146.055
AEQ;EIXO: ACESSO À EDUCAÇÃO DE QUALIDADE;CUL;SUB-EIXO: CULTURA;NEX;NEX;13;Cultura;122;Administração Geral;146;Gestão da Política Cultural;2338;Gestão, Planejamento e Administração Cultural;5;Desenvolvimento Organizacional e Capacitação de Recursos Humanos;0.25;0;1899750;628330.7575;525715.875;531000.8025;1274124.698;1105370.365;1104709.433
AEQ;EIXO: ACESSO À EDUCAÇÃO DE QUALIDADE;CUL;SUB-EIXO: CULTURA;NEX;NEX;13;Cultura;122;Administração Geral;146;Gestão da Política Cultural;2900;Serviços Administrativos e Financeiros;1;Serviços Administrativos e Financeiros ;0.25;0;2619600;884562.435;955377.5125;959575.5475;2079175.848;1628395.465;1612583.62
AEQ;EIXO: ACESSO À EDUCAÇÃO DE QUALIDADE;CUL;SUB-EIXO: CULTURA;NEX;NEX;13;Cultura;122;Administração Geral;239;Rede BH Cultural ;2338;Gestão, Planejamento e Administração Cultural;4;Gerenciamento de Programas e Informações Culturais;0.25;0;17500;0;0;0;0;0;0
AEQ;EIXO: ACESSO À EDUCAÇÃO DE QUALIDADE;CUL;SUB-EIXO: CULTURA;NEX;NEX;13;Cultura;391;Patrimônio Histórico, Artístico e Arqueológico;155;História, Memória e Patrimônio Cultural de Belo Horizonte;2375;Identificação e Valorização do Patrimônio e das Identidades Culturais;1;Preservação do Patrimônio Cultural;0.25;0;1605000;438298.6075;341806.49;341806.49;856661.44;755517.585;755517.585
AEQ;EIXO: ACESSO À EDUCAÇÃO DE QUALIDADE;CUL;SUB-EIXO: CULTURA;NEX;NEX;13;Cultura;391;Patrimônio Histórico, Artístico e Arqueológico;155;História, Memória e Patrimônio Cultural de Belo Horizonte;2375;Identificação e Valorização do Patrimônio e das Identidades Culturais;2;Educação Patrimonial e Preservação da Memória Coletiva;0.25;0;402000;12644;35394;81947;118911.4025;118661.4025;118649.4025
AEQ;EIXO: ACESSO À EDUCAÇÃO DE QUALIDADE;CUL;SUB-EIXO: CULTURA;NEX;NEX;13;Cultura;391;Patrimônio Histórico, Artístico e Arqueológico;155;História, Memória e Patrimônio Cultural de Belo Horizonte;2375;Identificação e Valorização do Patrimônio e das Identidades Culturais;4;Aquisição e Desenvolvimento de Acervos;0.25;0;45000;0;0;0;0;0;0
AEQ;EIXO: ACESSO À EDUCAÇÃO DE QUALIDADE;CUL;SUB-EIXO: CULTURA;NEX;NEX;13;Cultura;391;Patrimônio Histórico, Artístico e Arqueológico;155;História, Memória e Patrimônio Cultural de Belo Horizonte;2375;Identificação e Valorização do Patrimônio e das Identidades Culturais;5;Tratamento e Preservação de Acervos;0.25;0;145000;1249.1625;1249.1625;1249.1625;1249.1625;1249.1625;1249.1625
AEQ;EIXO: ACESSO À EDUCAÇÃO DE QUALIDADE;CUL;SUB-EIXO: CULTURA;NEX;NEX;13;Cultura;391;Patrimônio Histórico, Artístico e Arqueológico;155;História, Memória e Patrimônio Cultural de Belo Horizonte;2872;Gestão do Fundo de Proteção do Patrimônio Cultural de BH;1;Preservação do Patrimônio Cultural;0.25;0;640925;0;0;0;0;0;0
AEQ;EIXO: ACESSO À EDUCAÇÃO DE QUALIDADE;CUL;SUB-EIXO: CULTURA;NEX;NEX;13;Cultura;391;Patrimônio Histórico, Artístico e Arqueológico;239;Rede BH Cultural ;1339;Requalificação dos Espaços e Serviços da Cultura;8;Implantação do CINEMIS Santa Tereza;0.25;0;57500;12500;12500;12500;12500;12500;12500
AEQ;EIXO: ACESSO À EDUCAÇÃO DE QUALIDADE;CUL;SUB-EIXO: CULTURA;NEX;NEX;13;Cultura;391;Patrimônio Histórico, Artístico e Arqueológico;239;Rede BH Cultural ;2375;Identificação e Valorização do Patrimônio e das Identidades Culturais;2;Educação Patrimonial e Preservação da Memória Coletiva;0.25;0;10000;0;0;0;25000;25000;25000
AEQ;EIXO: ACESSO À EDUCAÇÃO DE QUALIDADE;CUL;SUB-EIXO: CULTURA;NEX;NEX;13;Cultura;391;Patrimônio Histórico, Artístico e Arqueológico;239;Rede BH Cultural ;2375;Identificação e Valorização do Patrimônio e das Identidades Culturais;10;Presépios e Folias;0.25;0;42000;0;0;0;0;0;0
AEQ;EIXO: ACESSO À EDUCAÇÃO DE QUALIDADE;CUL;SUB-EIXO: CULTURA;NEX;NEX;13;Cultura;392;Difusão Cultural;154;Fomento, Incentivo e Desenvolvimento Cultural;2369;Gestão da Lei Municipal de Incentivo à Cultura;1;Incentivos a Projetos Culturais;0.25;0;2575000;40017.175;39834.7;261266.225;468141.0025;445740.2775;380526.9025
AEQ;EIXO: ACESSO À EDUCAÇÃO DE QUALIDADE;CUL;SUB-EIXO: CULTURA;NEX;NEX;13;Cultura;392;Difusão Cultural;154;Fomento, Incentivo e Desenvolvimento Cultural;2371;Fomento e Estímulo à Cultura;1;Fomento à Produção e Difusão Cultural;0.25;0;1722500;626838.0725;479540.7875;403490.7875;1055181.365;906153.895;790103.895
AEQ;EIXO: ACESSO À EDUCAÇÃO DE QUALIDADE;CUL;SUB-EIXO: CULTURA;NEX;NEX;13;Cultura;392;Difusão Cultural;154;Fomento, Incentivo e Desenvolvimento Cultural;2371;Fomento e Estímulo à Cultura;2;Iniciativas de Formação e Qualificação na Área Cultural;0.25;0;158500;10000;13750;13750;13750;13750;13750
AEQ;EIXO: ACESSO À EDUCAÇÃO DE QUALIDADE;CUL;SUB-EIXO: CULTURA;EX;EX;13;Cultura;392;Difusão Cultural;154;Fomento, Incentivo e Desenvolvimento Cultural;2371;Fomento e Estímulo à Cultura;3;Projeto Arena da Cultura / Escola Livre de Artes;1;0;7429680;0;916700.49;201767.56;916700.49;916700.49;201767.56
AEQ;EIXO: ACESSO À EDUCAÇÃO DE QUALIDADE;CUL;SUB-EIXO: CULTURA;NEX;NEX;13;Cultura;392;Difusão Cultural;154;Fomento, Incentivo e Desenvolvimento Cultural;2371;Fomento e Estímulo à Cultura;5;Promoção de Festival, Encontro e Mostra de Arte e Cultura;0.25;0;112500;0;0;50000;50000;50000;50000
AEQ;EIXO: ACESSO À EDUCAÇÃO DE QUALIDADE;CUL;SUB-EIXO: CULTURA;NEX;NEX;13;Cultura;392;Difusão Cultural;239;Rede BH Cultural ;1215;Construção, Ampliação e Reforma de Unidades de Cultura;1;Construção, Ampliação e Reforma de Unidades de Cultura;0.25;0;2338439;0;0;0;133428.255;133428.255;133428.255
AEQ;EIXO: ACESSO À EDUCAÇÃO DE QUALIDADE;CUL;SUB-EIXO: CULTURA;NEX;NEX;13;Cultura;392;Difusão Cultural;239;Rede BH Cultural ;1339;Requalificação dos Espaços e Serviços da Cultura;2;Implantação do Espaço Cênico Alípio de Melo;0.25;0;22500;29320;33820;40911.25;45411.25;45411.25;40911.25
AEQ;EIXO: ACESSO À EDUCAÇÃO DE QUALIDADE;CUL;SUB-EIXO: CULTURA;NEX;NEX;13;Cultura;392;Difusão Cultural;239;Rede BH Cultural ;1339;Requalificação dos Espaços e Serviços da Cultura;4;Implantação do Centro Cultural Bairro das Indústrias;0.25;0;15000;1289.9375;1069.2875;1069.2875;1289.9375;1069.2875;1069.2875
AEQ;EIXO: ACESSO À EDUCAÇÃO DE QUALIDADE;CUL;SUB-EIXO: CULTURA;NEX;NEX;13;Cultura;392;Difusão Cultural;239;Rede BH Cultural ;1339;Requalificação dos Espaços e Serviços da Cultura;6;Implantação do Espaço Multiuso no Parque Municipal;0.25;0;8750;0;0;0;0;0;0
AEQ;EIXO: ACESSO À EDUCAÇÃO DE QUALIDADE;CUL;SUB-EIXO: CULTURA;NEX;NEX;13;Cultura;392;Difusão Cultural;239;Rede BH Cultural ;1339;Requalificação dos Espaços e Serviços da Cultura;9;Reimplantação do Centro Cultural Liberalino Alves de Oliveira  em conjunto com a Biblioteca São Cristóvão;0.25;0;55377;0;0;0;0;0;0
AEQ;EIXO: ACESSO À EDUCAÇÃO DE QUALIDADE;CUL;SUB-EIXO: CULTURA;NEX;NEX;13;Cultura;392;Difusão Cultural;239;Rede BH Cultural ;2371;Fomento e Estímulo à Cultura;1;Fomento à Produção e Difusão Cultural;0.25;0;85500;102495.5275;102495.5275;56770.2775;102495.5275;102495.5275;56770.2775
AEQ;EIXO: ACESSO À EDUCAÇÃO DE QUALIDADE;CUL;SUB-EIXO: CULTURA;NEX;NEX;13;Cultura;392;Difusão Cultural;239;Rede BH Cultural ;2371;Fomento e Estímulo à Cultura;5;Promoção de Festival, Encontro e Mostra de Arte e Cultura;0.25;0;100000;55000;55000;55000;55000;55000;55000
AEQ;EIXO: ACESSO À EDUCAÇÃO DE QUALIDADE;CUL;SUB-EIXO: CULTURA;NEX;NEX;13;Cultura;392;Difusão Cultural;239;Rede BH Cultural ;2371;Fomento e Estímulo à Cultura;7;"Realização do Concurso  de Literatura  ""Cidade de Belo Horizonte """;0.25;0;50000;0;0;0;0;0;0
AEQ;EIXO: ACESSO À EDUCAÇÃO DE QUALIDADE;CUL;SUB-EIXO: CULTURA;NEX;NEX;13;Cultura;392;Difusão Cultural;239;Rede BH Cultural ;2371;Fomento e Estímulo à Cultura;12;Criação do Prêmio Escultura na Praça;0.25;0;40500;0;0;0;0;0;0
AEQ;EIXO: ACESSO À EDUCAÇÃO DE QUALIDADE;CUL;SUB-EIXO: CULTURA;NEX;NEX;13;Cultura;392;Difusão Cultural;239;Rede BH Cultural ;2371;Fomento e Estímulo à Cultura;16;Realização do Festival Internacional de Quadrinhos de BH - FIQ;0.25;0;250000;0;0;0;0;0;0
AEQ;EIXO: ACESSO À EDUCAÇÃO DE QUALIDADE;CUL;SUB-EIXO: CULTURA;NEX;NEX;13;Cultura;392;Difusão Cultural;239;Rede BH Cultural ;2371;Fomento e Estímulo à Cultura;18;Realização da Virada Cultural;0.25;0;375000;195625;195625;129112.45;195625;195625;129112.45
AEQ;EIXO: ACESSO À EDUCAÇÃO DE QUALIDADE;CUL;SUB-EIXO: CULTURA;NEX;NEX;13;Cultura;392;Difusão Cultural;239;Rede BH Cultural ;2371;Fomento e Estímulo à Cultura;19;Realização do  Festival de Arte Negra - FAN;0.25;0;375000;0;0;50000;131618.5;131618.5;50000
AEQ;EIXO: ACESSO À EDUCAÇÃO DE QUALIDADE;CUL;SUB-EIXO: CULTURA;NEX;NEX;13;Cultura;392;Difusão Cultural;239;Rede BH Cultural ;2371;Fomento e Estímulo à Cultura;21;Criação do Cadastro Único de Cultura;0.25;0;50000;0;0;0;0;0;0
AEQ;EIXO: ACESSO À EDUCAÇÃO DE QUALIDADE;CUL;SUB-EIXO: CULTURA;NEX;NEX;13;Cultura;392;Difusão Cultural;239;Rede BH Cultural ;2371;Fomento e Estímulo à Cultura;25;Pré-Produção do Festival Internacional de Teatro Palco e Rua de BH - FIT;0.25;0;62500;0;0;0;41806.75;41806.75;41806.75
AEQ;EIXO: ACESSO À EDUCAÇÃO DE QUALIDADE;DLA;SUB-EIXO: DESPORTO E LAZER;EX;EX;27;Desporto e Lazer;811;Desporto de Rendimento;101;Promoção e Democratização das Práticas de Esportes e Lazer;2866;Esporte de Rendimento;4;BH Descobrindo Talentos no Futebol;1;0;576000;0;0;0;0;0;0
AEQ;EIXO: ACESSO À EDUCAÇÃO DE QUALIDADE;DLA;SUB-EIXO: DESPORTO E LAZER;NEX;"NEX";27;Desporto e Lazer;811;Desporto de Rendimento;101;Promoção e Democratização das Práticas de Esportes e Lazer;2866;Esporte de Rendimento;15;Programa Minas Olímpica Oficina de Esportes;0.25;0;12000;0;0;0;0;0;0
AEQ;EIXO: ACESSO À EDUCAÇÃO DE QUALIDADE;DLA;SUB-EIXO: DESPORTO E LAZER;NEX;"NEX";27;Desporto e Lazer;811;Desporto de Rendimento;238;Promoção do Esporte e do Lazer;2866;Esporte de Rendimento;3;Copa Centenário de Futebol Amador Wadson Lima;0.25;0;72500;34794.1;3812.1;249.6;34794.1;3812.1;249.6
AEQ;EIXO: ACESSO À EDUCAÇÃO DE QUALIDADE;DLA;SUB-EIXO: DESPORTO E LAZER;NEX;"NEX";27;Desporto e Lazer;811;Desporto de Rendimento;238;Promoção do Esporte e do Lazer;2866;Esporte de Rendimento;5;BH Descobrindo Talentos no Esporte;0.25;0;142250;0;0;0;0;0;0
AEQ;EIXO: ACESSO À EDUCAÇÃO DE QUALIDADE;DLA;SUB-EIXO: DESPORTO E LAZER;NEX;"NEX";27;Desporto e Lazer;812;Desporto Comunitário;101;Promoção e Democratização das Práticas de Esportes e Lazer;2106;Gestão da Política de Esporte e Lazer;1;Apoio a Entidades nas Ações Esportivas e de Lazer;0.25;0;55000;0;0;0;0;0;0
AEQ;EIXO: ACESSO À EDUCAÇÃO DE QUALIDADE;DLA;SUB-EIXO: DESPORTO E LAZER;NEX;"NEX";27;Desporto e Lazer;812;Desporto Comunitário;101;Promoção e Democratização das Práticas de Esportes e Lazer;2106;Gestão da Política de Esporte e Lazer;2;Patrocínio;0.25;0;25000;5676.75;5676.75;4275;7426.75;7426.75;6025
AEQ;EIXO: ACESSO À EDUCAÇÃO DE QUALIDADE;DLA;SUB-EIXO: DESPORTO E LAZER;NEX;"NEX";27;Desporto e Lazer;812;Desporto Comunitário;101;Promoção e Democratização das Práticas de Esportes e Lazer;2106;Gestão da Política de Esporte e Lazer;3;Serviços Administrativos e Financeiros;0.25;0;1920850;374023.0575;447215.625;580711.2725;1261834.89;1105384.823;961213.1
AEQ;EIXO: ACESSO À EDUCAÇÃO DE QUALIDADE;DLA;SUB-EIXO: DESPORTO E LAZER;NEX;"NEX";27;Desporto e Lazer;812;Desporto Comunitário;101;Promoção e Democratização das Práticas de Esportes e Lazer;2106;Gestão da Política de Esporte e Lazer;4;Centro de Memória do Esporte e do Lazer da Cidade;0.25;0;1000;0;0;0;0;0;0
AEQ;EIXO: ACESSO À EDUCAÇÃO DE QUALIDADE;DLA;SUB-EIXO: DESPORTO E LAZER;NEX;"NEX";27;Desporto e Lazer;812;Desporto Comunitário;101;Promoção e Democratização das Práticas de Esportes e Lazer;2106;Gestão da Política de Esporte e Lazer;7;Manutenção do Conselho Municipal do Esporte e Lazer;0.25;0;250;0;0;0;0;0;0
AEQ;EIXO: ACESSO À EDUCAÇÃO DE QUALIDADE;DLA;SUB-EIXO: DESPORTO E LAZER;EX;EX;27;Desporto e Lazer;812;Desporto Comunitário;101;Promoção e Democratização das Práticas de Esportes e Lazer;2531;Programas de Esporte Educacional;1;Programa Segundo Tempo;1;0;8265000;1941625.1;1940624.91;1483522.89;1941625.1;1940624.91;1483522.89
AEQ;EIXO: ACESSO À EDUCAÇÃO DE QUALIDADE;DLA;SUB-EIXO: DESPORTO E LAZER;EX;EX;27;Desporto e Lazer;812;Desporto Comunitário;101;Promoção e Democratização das Práticas de Esportes e Lazer;2531;Programas de Esporte Educacional;2;Recreio nas Férias;1;0;4000;0;0;0;0;0;0
AEQ;EIXO: ACESSO À EDUCAÇÃO DE QUALIDADE;DLA;SUB-EIXO: DESPORTO E LAZER;EX;EX;27;Desporto e Lazer;812;Desporto Comunitário;101;Promoção e Democratização das Práticas de Esportes e Lazer;2531;Programas de Esporte Educacional;4;Programa Esporte Esperança / BH Cidadania;1;0;4342000;753953.52;753953.52;0;753953.52;753953.52;0
AEQ;EIXO: ACESSO À EDUCAÇÃO DE QUALIDADE;DLA;SUB-EIXO: DESPORTO E LAZER;EX;EX;27;Desporto e Lazer;812;Desporto Comunitário;101;Promoção e Democratização das Práticas de Esportes e Lazer;2531;Programas de Esporte Educacional;12;Festival de Atletismo;1;0;68000;0;0;0;0;0;0
AEQ;EIXO: ACESSO À EDUCAÇÃO DE QUALIDADE;DLA;SUB-EIXO: DESPORTO E LAZER;NEX;"NEX";27;Desporto e Lazer;812;Desporto Comunitário;101;Promoção e Democratização das Práticas de Esportes e Lazer;2545;Promoções e Eventos Esportivos e Gestão de Áreas de Lazer;1;Promoções e Eventos Esportivos e Gestão de Áreas de Lazer;0.25;0;608575;188307.74;189018.5275;185841.875;353594.1475;353594.1475;310826.985
AEQ;EIXO: ACESSO À EDUCAÇÃO DE QUALIDADE;DLA;SUB-EIXO: DESPORTO E LAZER;NEX;"NEX";27;Desporto e Lazer;812;Desporto Comunitário;101;Promoção e Democratização das Práticas de Esportes e Lazer;2757;Programas e Atividades  Esportivas;1;Programas Esportivos Sociais e Atividades de Lazer Comunitárias;0.25;0;1237425;381336.335;381336.335;374624.8175;734841.0775;734841.0775;643061.83
AEQ;EIXO: ACESSO À EDUCAÇÃO DE QUALIDADE;DLA;SUB-EIXO: DESPORTO E LAZER;NEX;"NEX";27;Desporto e Lazer;812;Desporto Comunitário;238;Promoção do Esporte e do Lazer;1213;Construção, Ampliação e Reforma de Equipamentos Esportivos e Áreas de Lazer;1;Construção, Ampliação e Reforma de Equipamentos Esportivos e Áreas de Lazer;0.25;0;7079607;1685233.098;1537638.853;1609970.153;3034249.535;2637664.135;2286951.99
AEQ;EIXO: ACESSO À EDUCAÇÃO DE QUALIDADE;DLA;SUB-EIXO: DESPORTO E LAZER;EX;EX;27;Desporto e Lazer;812;Desporto Comunitário;238;Promoção do Esporte e do Lazer;2531;Programas de Esporte Educacional;6;Programa de Atletismo;1;0;707600;0;0;0;0;0;0
AEQ;EIXO: ACESSO À EDUCAÇÃO DE QUALIDADE;DLA;SUB-EIXO: DESPORTO E LAZER;EX;EX;27;Desporto e Lazer;812;Desporto Comunitário;238;Promoção do Esporte e do Lazer;2531;Programas de Esporte Educacional;7;Programa de Esporte e Lazer na Cidade;1;0;211000;0;0;0;0;0;0
AEQ;EIXO: ACESSO À EDUCAÇÃO DE QUALIDADE;DLA;SUB-EIXO: DESPORTO E LAZER;EX;EX;27;Desporto e Lazer;812;Desporto Comunitário;238;Promoção do Esporte e do Lazer;2531;Programas de Esporte Educacional;8;Programa Ginástica Ritmica;1;0;175000;0;0;0;0;0;0
AEQ;EIXO: ACESSO À EDUCAÇÃO DE QUALIDADE;DLA;SUB-EIXO: DESPORTO E LAZER;NEX;"NEX";27;Desporto e Lazer;812;Desporto Comunitário;238;Promoção do Esporte e do Lazer;2534;Implantação, Manutenção e Recuperação de Equipamentos Esportivos e Áreas de Lazer;1;Manutenção, Conservação, Pequenas Reformas e Custeio de Equipamentos Esportivos;0.25;0;1627631;371426.565;498616.7525;491698.7225;1112830.128;971213.8575;870174.64
AEQ;EIXO: ACESSO À EDUCAÇÃO DE QUALIDADE;DLA;SUB-EIXO: DESPORTO E LAZER;EX;EX;27;Desporto e Lazer;812;Desporto Comunitário;238;Promoção do Esporte e do Lazer;2536;Programa Superar;1;Superar Educacional / BH Cidadania;1;0;486000;91648.26;91648.26;3450;91648.26;91648.26;3450
AEQ;EIXO: ACESSO À EDUCAÇÃO DE QUALIDADE;DLA;SUB-EIXO: DESPORTO E LAZER;NEX;"NEX";27;Desporto e Lazer;812;Desporto Comunitário;238;Promoção do Esporte e do Lazer;2536;Programa Superar;5;Incentivo ao Esporte da Pessoa com Deficiência;0.25;0;250000;0;0;0;0;0;0
AEQ;EIXO: ACESSO À EDUCAÇÃO DE QUALIDADE;DLA;SUB-EIXO: DESPORTO E LAZER;NEX;"NEX";27;Desporto e Lazer;813;Lazer;101;Promoção e Democratização das Práticas de Esportes e Lazer;2869;Programas e Atividades de Lazer;1;Programas e Atividades de Lazer;0.25;0;595350;196433.5225;196433.5225;201747.385;378092.175;378092.175;332992.1725
AEQ;EIXO: ACESSO À EDUCAÇÃO DE QUALIDADE;DLA;SUB-EIXO: DESPORTO E LAZER;EX;EX;27;Desporto e Lazer;813;Lazer;101;Promoção e Democratização das Práticas de Esportes e Lazer;2869;Programas e Atividades de Lazer;3;Recrear;1;0;102500;47568;47568;0;47568;47568;0
AEQ;EIXO: ACESSO À EDUCAÇÃO DE QUALIDADE;DLA;SUB-EIXO: DESPORTO E LAZER;NEX;"NEX";27;Desporto e Lazer;813;Lazer;101;Promoção e Democratização das Práticas de Esportes e Lazer;2869;Programas e Atividades de Lazer;6;Lazer Mais Saúde;0.25;0;500;0;0;0;0;0;0
AEQ;EIXO: ACESSO À EDUCAÇÃO DE QUALIDADE;DLA;SUB-EIXO: DESPORTO E LAZER;NEX;"NEX";27;Desporto e Lazer;813;Lazer;101;Promoção e Democratização das Práticas de Esportes e Lazer;2869;Programas e Atividades de Lazer;9;Caminhar Pistas;0.25;0;14000;0;0;0;0;0;0
AEQ;EIXO: ACESSO À EDUCAÇÃO DE QUALIDADE;DLA;SUB-EIXO: DESPORTO E LAZER;NEX;"NEX";27;Desporto e Lazer;813;Lazer;101;Promoção e Democratização das Práticas de Esportes e Lazer;2869;Programas e Atividades de Lazer;10;Promoção de Eventos de Lazer;0.25;0;68000;0;0;0;0;0;0
AEQ;EIXO: ACESSO À EDUCAÇÃO DE QUALIDADE;DLA;SUB-EIXO: DESPORTO E LAZER;EX;EX;27;Desporto e Lazer;813;Lazer;101;Promoção e Democratização das Práticas de Esportes e Lazer;2869;Programas e Atividades de Lazer;11;BH em Férias;1;0;52500;0;0;0;0;0;0
AEQ;EIXO: ACESSO À EDUCAÇÃO DE QUALIDADE;DLA;SUB-EIXO: DESPORTO E LAZER;NEX;"NEX";27;Desporto e Lazer;813;Lazer;238;Promoção do Esporte e do Lazer;2869;Programas e Atividades de Lazer;2;Caminhar / BH Cidadania;0.25;0;131750;27726.405;27726.405;0;27726.405;27726.405;0
AEQ;EIXO: ACESSO À EDUCAÇÃO DE QUALIDADE;DLA;SUB-EIXO: DESPORTO E LAZER;EX;EX;27;Desporto e Lazer;813;Lazer;238;Promoção do Esporte e do Lazer;2869;Programas e Atividades de Lazer;4;Caminhar na Escola;1;0;32500;0;0;0;0;0;0
AEQ;EIXO: ACESSO À EDUCAÇÃO DE QUALIDADE;DLA;SUB-EIXO: DESPORTO E LAZER;NEX;"NEX";27;Desporto e Lazer;813;Lazer;238;Promoção do Esporte e do Lazer;2869;Programas e Atividades de Lazer;5;Domingo a Rua é Nossa;0.25;0;26250;0;0;0;0;0;0
AEQ;EIXO: ACESSO À EDUCAÇÃO DE QUALIDADE;DLA;SUB-EIXO: DESPORTO E LAZER;NEX;"NEX";27;Desporto e Lazer;813;Lazer;238;Promoção do Esporte e do Lazer;2869;Programas e Atividades de Lazer;7;Vila Radical;0.25;0;1250;0;0;0;0;0;0
AEQ;EIXO: ACESSO À EDUCAÇÃO DE QUALIDADE;DLA;SUB-EIXO: DESPORTO E LAZER;EX;EX;27;Desporto e Lazer;813;Lazer;238;Promoção do Esporte e do Lazer;2869;Programas e Atividades de Lazer;8;Brincando na Vila;1;0;91000;0;0;0;0;0;0
AEQ;EIXO: ACESSO À EDUCAÇÃO DE QUALIDADE;EDU;SUB-EIXO: EDUCAÇÃO;EX;EX;4;Administração;122;Administração Geral;227;Orçamento Participativo e Gestão Compartilhada;2334;Gestão Compartilhada e Participação Social;11;Implantação do Orçamento Participativo Criança e Adolescente - OPCA nas Escolas Municipais;1;0;1000;0;0;0;0;0;0
AEQ;EIXO: ACESSO À EDUCAÇÃO DE QUALIDADE;EDU;SUB-EIXO: EDUCAÇÃO;EX;EX;8;Assistência Social;306;Alimentação e Nutrição;132;Gestão da Política Municipal de Segurança Alimentar e Nutricional;2761;Gestão da Assistência Alimentar e Nutricional à Rede Municipal de Ensino;1;Gerenciamento da Assistência Alimentar e Nutricional às Escolas de Ensino Fundamental ;1;0;7177930;2592884.88;2635114.89;2638693.75;4755961.78;3242231.34;3060739.78
AEQ;EIXO: ACESSO À EDUCAÇÃO DE QUALIDADE;EDU;SUB-EIXO: EDUCAÇÃO;EX;EX;8;Assistência Social;306;Alimentação e Nutrição;132;Gestão da Política Municipal de Segurança Alimentar e Nutricional;2761;Gestão da Assistência Alimentar e Nutricional à Rede Municipal de Ensino;2;Gerenciamento da Assistência Alimentar e Nutricional às UMEIS;1;0;9486263;2446051.68;2393427.67;2270698.07;5031942.28;2878069.7;2559854.55
AEQ;EIXO: ACESSO À EDUCAÇÃO DE QUALIDADE;EDU;SUB-EIXO: EDUCAÇÃO;EX;EX;8;Assistência Social;306;Alimentação e Nutrição;132;Gestão da Política Municipal de Segurança Alimentar e Nutricional;2761;Gestão da Assistência Alimentar e Nutricional à Rede Municipal de Ensino;3;Gerenciamento da Assistência Alimentar e Nutricional às Escolas Integradas;1;0;11082632;4262580.81;5023550.12;4751178.77;8420184.81;5935726.8;5424342.76
AEQ;EIXO: ACESSO À EDUCAÇÃO DE QUALIDADE;EDU;SUB-EIXO: EDUCAÇÃO;EX;EX;8;Assistência Social;306;Alimentação e Nutrição;132;Gestão da Política Municipal de Segurança Alimentar e Nutricional;2761;Gestão da Assistência Alimentar e Nutricional à Rede Municipal de Ensino;4;Gerenciamento da Assistência Alimentar e Nutricional aos alunos do Ensino de Jovens e Adultos - EJA;1;0;1105910;249057.14;252764.47;264347.47;521832.24;317257.05;315340.05
AEQ;EIXO: ACESSO À EDUCAÇÃO DE QUALIDADE;EDU;SUB-EIXO: EDUCAÇÃO;EX;EX;8;Assistência Social;306;Alimentação e Nutrição;132;Gestão da Política Municipal de Segurança Alimentar e Nutricional;2761;Gestão da Assistência Alimentar e Nutricional à Rede Municipal de Ensino;8;Gerenciamento da Assistência Alimentar e Nutricional às Creches Conveniadas;1;0;3560567;1063693.99;912071.33;691162.67;1849570.14;995548.67;734140.01
AEQ;EIXO: ACESSO À EDUCAÇÃO DE QUALIDADE;EDU;SUB-EIXO: EDUCAÇÃO;EX;EX;8;Assistência Social;306;Alimentação e Nutrição;132;Gestão da Política Municipal de Segurança Alimentar e Nutricional;2761;Gestão da Assistência Alimentar e Nutricional à Rede Municipal de Ensino;10;Gerenciamento da Assistência Alimentar e Nutricional à Rede Municipal;1;0;4307000;778480.26;1220982.46;1136545.38;2318010.08;1979169.21;1816732.42
AEQ;EIXO: ACESSO À EDUCAÇÃO DE QUALIDADE;EDU;SUB-EIXO: EDUCAÇÃO;EX;EX;8;Assistência Social;306;Alimentação e Nutrição;207;Melhoria da Qualidade da Educação;2761;Gestão da Assistência Alimentar e Nutricional à Rede Municipal de Ensino;6;Atendimento das Demandas de Dietas Especiais;1;0;10000;0;0;0;0;0;0
AEQ;EIXO: ACESSO À EDUCAÇÃO DE QUALIDADE;EDU;SUB-EIXO: EDUCAÇÃO;NEX;NEX;8;Assistência Social;306;Alimentação e Nutrição;236;Direito de Todos ;2331;Centro de Referência em Segurança Alimentar e Nutricional Sustentável;1;Implantação do Centro Metropolitano de Referência em Segurança Alimentar e Nutricional Sustentável;0.25;0;500;0;0;0;195;185.25;185.25
AEQ;EIXO: ACESSO À EDUCAÇÃO DE QUALIDADE;EDU;SUB-EIXO: EDUCAÇÃO;NEX;NEX;8;Assistência Social;306;Alimentação e Nutrição;236;Direito de Todos ;2331;Centro de Referência em Segurança Alimentar e Nutricional Sustentável;2;Promoção da Alimentação Saudável por meio da Educação Alimentar e Nutricional;0.25;0;13000;4005.37;5985.88;5586.395;10305.27;8499.4075;7645.82
AEQ;EIXO: ACESSO À EDUCAÇÃO DE QUALIDADE;EDU;SUB-EIXO: EDUCAÇÃO;NEX;NEX;8;Assistência Social;306;Alimentação e Nutrição;236;Direito de Todos ;2331;Centro de Referência em Segurança Alimentar e Nutricional Sustentável;3;Educação Alimentar e Nutricional com Atividades Lúdicas Educativas;0.85;0;10200;0;0;0;0;0;0
AEQ;EIXO: ACESSO À EDUCAÇÃO DE QUALIDADE;EDU;SUB-EIXO: EDUCAÇÃO;NEX;NEX;8;Assistência Social;306;Alimentação e Nutrição;236;Direito de Todos ;2331;Centro de Referência em Segurança Alimentar e Nutricional Sustentável;4;Campanhas Educativas de Mobilização Social;0.85;0;2550;0;0;0;0;0;0
AEQ;EIXO: ACESSO À EDUCAÇÃO DE QUALIDADE;EDU;SUB-EIXO: EDUCAÇÃO;EX;EX;8;Assistência Social;306;Alimentação e Nutrição;236;Direito de Todos ;2331;Centro de Referência em Segurança Alimentar e Nutricional Sustentável;5;Formação de Profissionais de Manipulação de Alimentos para a Rede Pública Conveniada e Não Conveniada;1;0;2500;404.5;219.64;196.52;624.14;219.64;196.52
AEQ;EIXO: ACESSO À EDUCAÇÃO DE QUALIDADE;EDU;SUB-EIXO: EDUCAÇÃO;EX;EX;12;Educação;122;Administração Geral;140;Gestão e Operacionalização da Política Educacional;2317;Gestão Administrativa e Pedagógica;1;Gestão Administrativa;1;0;83543777;22791993.76;25695408.51;24990105.15;53895180.6;49539091.99;44050266.12
AEQ;EIXO: ACESSO À EDUCAÇÃO DE QUALIDADE;EDU;SUB-EIXO: EDUCAÇÃO;EX;EX;12;Educação;122;Administração Geral;140;Gestão e Operacionalização da Política Educacional;2317;Gestão Administrativa e Pedagógica;2;Gestão Pedagógica;1;0;751760;1290;1290;1290;1290;1290;1290
AEQ;EIXO: ACESSO À EDUCAÇÃO DE QUALIDADE;EDU;SUB-EIXO: EDUCAÇÃO;EX;EX;12;Educação;122;Administração Geral;140;Gestão e Operacionalização da Política Educacional;2334;Gestão Compartilhada e Participação Social;2;Apoio aos Conselhos Municipais;1;0;65000;1192.92;232.31;232.31;1232.31;232.31;232.31
AEQ;EIXO: ACESSO À EDUCAÇÃO DE QUALIDADE;EDU;SUB-EIXO: EDUCAÇÃO;EX;EX;12;Educação;122;Administração Geral;140;Gestão e Operacionalização da Política Educacional;2334;Gestão Compartilhada e Participação Social;3;Realização de Conferências;1;0;10000;900;3690;3690;9477.7;9477.7;9477.7
AEQ;EIXO: ACESSO À EDUCAÇÃO DE QUALIDADE;EDU;SUB-EIXO: EDUCAÇÃO;EX;EX;12;Educação;361;Ensino Fundamental;85;Gestão da Política de Tecnologia da Informação e Comunicação;2605;Evolução da Rede de Telecomunicações da PBH ;1;Serviços de Informática - Educação ;1;0;1173999;293686.8;311346.14;319646.95;750377.03;606028.23;532270.98
AEQ;EIXO: ACESSO À EDUCAÇÃO DE QUALIDADE;EDU;SUB-EIXO: EDUCAÇÃO;EX;EX;12;Educação;361;Ensino Fundamental;140;Gestão e Operacionalização da Política Educacional;2041;Formação para Profissionais da Educação;10;Formação de Professores do Ensino Fundamental em Cursos de Pós-graduação Lato Sensu e Stricto Sensu ;1;0;780000;116875.44;210938.04;210938.04;613439.38;496563.94;496563.94
AEQ;EIXO: ACESSO À EDUCAÇÃO DE QUALIDADE;EDU;SUB-EIXO: EDUCAÇÃO;EX;EX;12;Educação;361;Ensino Fundamental;140;Gestão e Operacionalização da Política Educacional;2046;Gestão Descentralizada da Educação;2;Assistência ao Educando, Conservação de Unidades Escolares do Ensino Fundamental;1;0;26964310;9795966;5069632.07;5058064.57;9795966;5069632.07;5058064.57
AEQ;EIXO: ACESSO À EDUCAÇÃO DE QUALIDADE;EDU;SUB-EIXO: EDUCAÇÃO;EX;EX;12;Educação;361;Ensino Fundamental;140;Gestão e Operacionalização da Política Educacional;2046;Gestão Descentralizada da Educação;5;PAP - Projeto de Ação Pedagógica - Ensino Fudamental;1;0;10215170;5717159.94;240000;240000;5717159.94;240000;240000
AEQ;EIXO: ACESSO À EDUCAÇÃO DE QUALIDADE;EDU;SUB-EIXO: EDUCAÇÃO;EX;EX;12;Educação;361;Ensino Fundamental;140;Gestão e Operacionalização da Política Educacional;2046;Gestão Descentralizada da Educação;10;Revitalização de Unidades Escolares do Ensino Fundamental;1;0;9079200;0;0;0;0;0;0
AEQ;EIXO: ACESSO À EDUCAÇÃO DE QUALIDADE;EDU;SUB-EIXO: EDUCAÇÃO;EX;EX;12;Educação;361;Ensino Fundamental;140;Gestão e Operacionalização da Política Educacional;2046;Gestão Descentralizada da Educação;13;Contratação de Apoio Administrativo - Ensino Fundamental;1;0;156100370;60657464;60657324;57141921.48;90868497;90868317;78266592
AEQ;EIXO: ACESSO À EDUCAÇÃO DE QUALIDADE;EDU;SUB-EIXO: EDUCAÇÃO;EX;EX;12;Educação;361;Ensino Fundamental;140;Gestão e Operacionalização da Política Educacional;2080;Administração do Ensino Fundamental;1;Administração do Ensino Fundamental;1;0;769657749;224976751.7;225651299;225619275.7;421822973.1;420192493;369350371.9
AEQ;EIXO: ACESSO À EDUCAÇÃO DE QUALIDADE;EDU;SUB-EIXO: EDUCAÇÃO;EX;EX;12;Educação;361;Ensino Fundamental;140;Gestão e Operacionalização da Política Educacional;2080;Administração do Ensino Fundamental;2;Pré-Conferência Municipal de Educação;1;0;45000;0;0;0;0;0;0
AEQ;EIXO: ACESSO À EDUCAÇÃO DE QUALIDADE;EDU;SUB-EIXO: EDUCAÇÃO;EX;EX;12;Educação;361;Ensino Fundamental;140;Gestão e Operacionalização da Política Educacional;2080;Administração do Ensino Fundamental;3;Cadastro Escolar;1;0;45000;0;0;0;0;0;0
AEQ;EIXO: ACESSO À EDUCAÇÃO DE QUALIDADE;EDU;SUB-EIXO: EDUCAÇÃO;EX;EX;12;Educação;361;Ensino Fundamental;140;Gestão e Operacionalização da Política Educacional;2317;Gestão Administrativa e Pedagógica;1;Gestão Administrativa;1;0;3648281;2092373.11;2092373.11;2103048.13;3695162.8;3695162.8;3225063.55
AEQ;EIXO: ACESSO À EDUCAÇÃO DE QUALIDADE;EDU;SUB-EIXO: EDUCAÇÃO;EX;EX;12;Educação;361;Ensino Fundamental;140;Gestão e Operacionalização da Política Educacional;2503;Gestão do Programa Bolsa Escola;1;Gestão do Programa Bolsa Escola;1;0;2936300;937100.94;936317.74;945146.27;1765305.84;1764125.24;1559922
AEQ;EIXO: ACESSO À EDUCAÇÃO DE QUALIDADE;EDU;SUB-EIXO: EDUCAÇÃO;EX;EX;12;Educação;361;Ensino Fundamental;140;Gestão e Operacionalização da Política Educacional;2503;Gestão do Programa Bolsa Escola;2;Manutenção das Atividades do Bolsa Escola Municipal;1;0;860700;37065;100957;100957;269148;185228;185228
AEQ;EIXO: ACESSO À EDUCAÇÃO DE QUALIDADE;EDU;SUB-EIXO: EDUCAÇÃO;EX;EX;12;Educação;361;Ensino Fundamental;140;Gestão e Operacionalização da Política Educacional;2700;Operação e Manutenção da Educação;2;Fornecimento de Kits Escolares - Ensino Fundamental;1;0;29348750;1754347.17;5226945.38;7445514.22;12508261.56;11164112.38;7473314.22
AEQ;EIXO: ACESSO À EDUCAÇÃO DE QUALIDADE;EDU;SUB-EIXO: EDUCAÇÃO;EX;EX;12;Educação;361;Ensino Fundamental;140;Gestão e Operacionalização da Política Educacional;2700;Operação e Manutenção da Educação;10;Operação e Manutenção da Educação -  Ensino Fundamental;1;0;40133829;5336267.15;4890841.65;3430387.47;8408128.87;6186509.46;4070421.1
AEQ;EIXO: ACESSO À EDUCAÇÃO DE QUALIDADE;EDU;SUB-EIXO: EDUCAÇÃO;EX;EX;12;Educação;361;Ensino Fundamental;140;Gestão e Operacionalização da Política Educacional;2700;Operação e Manutenção da Educação;16;Fórum Mineiro de Educação Integrada;1;0;430000;0;0;0;0;0;0
AEQ;EIXO: ACESSO À EDUCAÇÃO DE QUALIDADE;EDU;SUB-EIXO: EDUCAÇÃO;EX;EX;12;Educação;361;Ensino Fundamental;140;Gestão e Operacionalização da Política Educacional;2885;Transporte Escolar;1;Transporte Escolar;1;0;13159182;3740382.19;4468361.77;4552801.25;8685652.76;6985826.45;6535940.92
AEQ;EIXO: ACESSO À EDUCAÇÃO DE QUALIDADE;EDU;SUB-EIXO: EDUCAÇÃO;EX;EX;12;Educação;361;Ensino Fundamental;140;Gestão e Operacionalização da Política Educacional;2886;Gestão da Melhoria da Qualidade da Educação;11;Ações Intersetoriais da Educação;1;0;9000;0;0;0;0;0;0
AEQ;EIXO: ACESSO À EDUCAÇÃO DE QUALIDADE;EDU;SUB-EIXO: EDUCAÇÃO;EX;EX;12;Educação;361;Ensino Fundamental;140;Gestão e Operacionalização da Política Educacional;2886;Gestão da Melhoria da Qualidade da Educação;13;Eventos Curriculares;1;0;742000;0;0;0;0;0;0
AEQ;EIXO: ACESSO À EDUCAÇÃO DE QUALIDADE;EDU;SUB-EIXO: EDUCAÇÃO;EX;EX;12;Educação;361;Ensino Fundamental;206;Expansão da Escola Integrada ;1211;Construção, Ampliação e Reforma de Unidades de Ensino;4;Construção, Ampliação e Reforma de Unidades de Ensino;1;0;109437340;2254070.52;1505412.36;1428437.53;3869495.23;2940361.61;2074572.59
AEQ;EIXO: ACESSO À EDUCAÇÃO DE QUALIDADE;EDU;SUB-EIXO: EDUCAÇÃO;EX;EX;12;Educação;361;Ensino Fundamental;206;Expansão da Escola Integrada ;2702;Gestão do Programa Escola Integrada;2;Atendimento do Programa Escola Integrada;1;0;35472080;7966300.08;3606260.3;3606260.3;7966336.44;3606260.3;3606260.3
AEQ;EIXO: ACESSO À EDUCAÇÃO DE QUALIDADE;EDU;SUB-EIXO: EDUCAÇÃO;EX;EX;12;Educação;361;Ensino Fundamental;206;Expansão da Escola Integrada ;2702;Gestão do Programa Escola Integrada;3;Publicações de Cadernos sobre o Programa;1;0;6000;0;0;0;0;0;0
AEQ;EIXO: ACESSO À EDUCAÇÃO DE QUALIDADE;EDU;SUB-EIXO: EDUCAÇÃO;EX;EX;12;Educação;361;Ensino Fundamental;206;Expansão da Escola Integrada ;2702;Gestão do Programa Escola Integrada;4;Manutenção de Convênios com Instituições - Ensino Fundamental;1;0;7493271;1897440;1740080;1625600;3722240;3188880;3072000
AEQ;EIXO: ACESSO À EDUCAÇÃO DE QUALIDADE;EDU;SUB-EIXO: EDUCAÇÃO;EX;EX;12;Educação;361;Ensino Fundamental;206;Expansão da Escola Integrada ;2702;Gestão do Programa Escola Integrada;5;Programa Escola Aberta - Ampliação do Atendimento ;1;0;7238361;2270493;255678;255678;2270493;255678;255678
AEQ;EIXO: ACESSO À EDUCAÇÃO DE QUALIDADE;EDU;SUB-EIXO: EDUCAÇÃO;EX;EX;12;Educação;361;Ensino Fundamental;206;Expansão da Escola Integrada ;2702;Gestão do Programa Escola Integrada;6;Programa Escola nas Férias;1;0;3009000;1507700;13352;13352;1507700;13352;13352
AEQ;EIXO: ACESSO À EDUCAÇÃO DE QUALIDADE;EDU;SUB-EIXO: EDUCAÇÃO;EX;EX;12;Educação;361;Ensino Fundamental;206;Expansão da Escola Integrada ;2702;Gestão do Programa Escola Integrada;7;Consolidação e Ampliação de Parcerias;1;0;19292000;8764939.06;8764939.06;2221070;8764939.06;8764939.06;2221070
AEQ;EIXO: ACESSO À EDUCAÇÃO DE QUALIDADE;EDU;SUB-EIXO: EDUCAÇÃO;EX;EX;12;Educação;361;Ensino Fundamental;206;Expansão da Escola Integrada ;2702;Gestão do Programa Escola Integrada;12;Projeto BH para Crianças;1;0;2538251;598626.64;798166.64;605209.86;1795881.77;1396791.62;1203834.84
AEQ;EIXO: ACESSO À EDUCAÇÃO DE QUALIDADE;EDU;SUB-EIXO: EDUCAÇÃO;EX;EX;12;Educação;361;Ensino Fundamental;206;Expansão da Escola Integrada ;2702;Gestão do Programa Escola Integrada;14;Disponibilização de Vagas para o Ensino de Música em Escolas de Música;1;0;4000000;164412;992008.63;766874.5;1965202.5;1582839.13;1196461
AEQ;EIXO: ACESSO À EDUCAÇÃO DE QUALIDADE;EDU;SUB-EIXO: EDUCAÇÃO;EX;EX;12;Educação;361;Ensino Fundamental;206;Expansão da Escola Integrada ;2702;Gestão do Programa Escola Integrada;16;Coordenação de rede Física de Ensino Fundamental;1;0;1000;0;0;0;0;0;0
AEQ;EIXO: ACESSO À EDUCAÇÃO DE QUALIDADE;EDU;SUB-EIXO: EDUCAÇÃO;EX;EX;12;Educação;361;Ensino Fundamental;206;Expansão da Escola Integrada ;2858;Expansão de Unidades Municipais de Educação - Parceria Público-Privada;2;Expansão de Unidades Municipais de Ensino Fundamental - Parceria Público-Privada;1;0;10084400;3098574;4131430.6;4131430.6;16005302.8;13801666.95;13801666.95
AEQ;EIXO: ACESSO À EDUCAÇÃO DE QUALIDADE;EDU;SUB-EIXO: EDUCAÇÃO;EX;EX;12;Educação;361;Ensino Fundamental;207;Melhoria da Qualidade da Educação;2041;Formação para Profissionais da Educação;3;Formação dos Professores do Ensino Fundamental em Cursos/Oficinas Específicas para Alfabetização e Matemática;1;0;850000;15812.92;14199.62;536.13;17464.31;15811.62;2148.13
AEQ;EIXO: ACESSO À EDUCAÇÃO DE QUALIDADE;EDU;SUB-EIXO: EDUCAÇÃO;EX;EX;12;Educação;361;Ensino Fundamental;207;Melhoria da Qualidade da Educação;2705;Mobilização da Comunidade Escolar;1;Formação e Mobilização da Comunidade Escolar;1;0;91000;2078.08;2066.3;2066.3;2114.44;2066.3;2066.3
AEQ;EIXO: ACESSO À EDUCAÇÃO DE QUALIDADE;EDU;SUB-EIXO: EDUCAÇÃO;EX;EX;12;Educação;361;Ensino Fundamental;207;Melhoria da Qualidade da Educação;2705;Mobilização da Comunidade Escolar;2;Realização do Fórum Família Escola;1;0;142000;9000;2400;2400;9000;2400;2400
AEQ;EIXO: ACESSO À EDUCAÇÃO DE QUALIDADE;EDU;SUB-EIXO: EDUCAÇÃO;EX;EX;12;Educação;361;Ensino Fundamental;207;Melhoria da Qualidade da Educação;2705;Mobilização da Comunidade Escolar;4;Publicação de Jornal Família Escola do Ensino Fundamental;1;0;126000;0;0;0;0;0;0
AEQ;EIXO: ACESSO À EDUCAÇÃO DE QUALIDADE;EDU;SUB-EIXO: EDUCAÇÃO;EX;EX;12;Educação;361;Ensino Fundamental;207;Melhoria da Qualidade da Educação;2705;Mobilização da Comunidade Escolar;5;Ações Educativas  Preventivas da Obesidade;1;0;500000;0;0;0;0;0;0
AEQ;EIXO: ACESSO À EDUCAÇÃO DE QUALIDADE;EDU;SUB-EIXO: EDUCAÇÃO;EX;EX;12;Educação;361;Ensino Fundamental;207;Melhoria da Qualidade da Educação;2706;Melhoria da Aprendizagem e Avaliação de Desempenho Escolar;3;Avaliação de Aprendizagem dos Alunos - Avalia BH e Avalia EJA;1;0;2771070;996692.8;996692.8;0;996692.8;996692.8;0
AEQ;EIXO: ACESSO À EDUCAÇÃO DE QUALIDADE;EDU;SUB-EIXO: EDUCAÇÃO;EX;EX;12;Educação;361;Ensino Fundamental;207;Melhoria da Qualidade da Educação;2706;Melhoria da Aprendizagem e Avaliação de Desempenho Escolar;5;Realização de Concursos e Prêmios;1;0;301000;0;0;0;0;0;0
AEQ;EIXO: ACESSO À EDUCAÇÃO DE QUALIDADE;EDU;SUB-EIXO: EDUCAÇÃO;EX;EX;12;Educação;361;Ensino Fundamental;207;Melhoria da Qualidade da Educação;2706;Melhoria da Aprendizagem e Avaliação de Desempenho Escolar;6;Ação de incentivo à Educação Especializada complementar para Garantia da Aprendizagem da Pessoa com Deficiência;1;0;500000;0;0;0;0;0;0
AEQ;EIXO: ACESSO À EDUCAÇÃO DE QUALIDADE;EDU;SUB-EIXO: EDUCAÇÃO;EX;EX;12;Educação;361;Ensino Fundamental;207;Melhoria da Qualidade da Educação;2886;Gestão da Melhoria da Qualidade da Educação;1;Projeto Trajetórias Adolescentes;1;0;200000;0;0;0;0;0;0
AEQ;EIXO: ACESSO À EDUCAÇÃO DE QUALIDADE;EDU;SUB-EIXO: EDUCAÇÃO;EX;EX;12;Educação;361;Ensino Fundamental;207;Melhoria da Qualidade da Educação;2886;Gestão da Melhoria da Qualidade da Educação;3;Elaboração do Plano Municipal de Educação;1;0;29085;0;0;0;0;0;0
AEQ;EIXO: ACESSO À EDUCAÇÃO DE QUALIDADE;EDU;SUB-EIXO: EDUCAÇÃO;EX;EX;12;Educação;361;Ensino Fundamental;207;Melhoria da Qualidade da Educação;2886;Gestão da Melhoria da Qualidade da Educação;4;Implantação do Observatório do Clima Escolar;1;0;190000;0;0;0;0;0;0
AEQ;EIXO: ACESSO À EDUCAÇÃO DE QUALIDADE;EDU;SUB-EIXO: EDUCAÇÃO;EX;EX;12;Educação;361;Ensino Fundamental;207;Melhoria da Qualidade da Educação;2886;Gestão da Melhoria da Qualidade da Educação;5;Implementação da Política de Alfabetização;1;0;50000;0;0;0;0;0;0
AEQ;EIXO: ACESSO À EDUCAÇÃO DE QUALIDADE;EDU;SUB-EIXO: EDUCAÇÃO;EX;EX;12;Educação;361;Ensino Fundamental;207;Melhoria da Qualidade da Educação;2886;Gestão da Melhoria da Qualidade da Educação;7;Implementação do Projeto Arte na Escola;1;0;199999;0;0;0;0;0;0
AEQ;EIXO: ACESSO À EDUCAÇÃO DE QUALIDADE;EDU;SUB-EIXO: EDUCAÇÃO;EX;EX;12;Educação;361;Ensino Fundamental;207;Melhoria da Qualidade da Educação;2886;Gestão da Melhoria da Qualidade da Educação;8;"Publicação da Revista ""Pensar Educação""";1;0;5000;0;0;0;0;0;0
AEQ;EIXO: ACESSO À EDUCAÇÃO DE QUALIDADE;EDU;SUB-EIXO: EDUCAÇÃO;EX;EX;12;Educação;361;Ensino Fundamental;207;Melhoria da Qualidade da Educação;2886;Gestão da Melhoria da Qualidade da Educação;10;Cidades Educadoras;1;0;7000;0;0;0;0;0;0
AEQ;EIXO: ACESSO À EDUCAÇÃO DE QUALIDADE;EDU;SUB-EIXO: EDUCAÇÃO;EX;EX;12;Educação;361;Ensino Fundamental;233;Manutenção da Cidade;1211;Construção, Ampliação e Reforma de Unidades de Ensino;3;Construção, Ampliação e Reforma de Unidades de Ensino;1;0;8936109;2842757.05;2293517.85;1315255.57;3980450.77;3319646.29;2341384.01
AEQ;EIXO: ACESSO À EDUCAÇÃO DE QUALIDADE;EDU;SUB-EIXO: EDUCAÇÃO;EX;EX;12;Educação;361;Ensino Fundamental;236;Direito de Todos ;2041;Formação para Profissionais da Educação;6;Qualificar Professores em História Indígena e Afro-brasileira;1;0;42000;0;0;0;0;0;0
AEQ;EIXO: ACESSO À EDUCAÇÃO DE QUALIDADE;EDU;SUB-EIXO: EDUCAÇÃO;EX;EX;12;Educação;361;Ensino Fundamental;236;Direito de Todos ;2041;Formação para Profissionais da Educação;8;Formação de professores no projeto Educação para a Diversidade;1;0;12100;0;0;0;0;0;0
AEQ;EIXO: ACESSO À EDUCAÇÃO DE QUALIDADE;EDU;SUB-EIXO: EDUCAÇÃO;EX;EX;12;Educação;361;Ensino Fundamental;236;Direito de Todos ;2386;Programa Municipal de Igualdade Racial;1;Atividades do Grupo de Promoção de Igualdade Racial na SMED;1;0;40000;0;0;0;0;0;0
AEQ;EIXO: ACESSO À EDUCAÇÃO DE QUALIDADE;EDU;SUB-EIXO: EDUCAÇÃO;EX;EX;12;Educação;361;Ensino Fundamental;237;Qualificação, Profissionalização e Emprego;2404;Ações de Qualificação, Profissionalização e Emprego;13;Disponibilização de Vagas para o Programa Municipal de Qualificação - EDUCAÇÃO;1;0;1062000;0;0;0;0;0;0
AEQ;EIXO: ACESSO À EDUCAÇÃO DE QUALIDADE;EDU;SUB-EIXO: EDUCAÇÃO;EX;EX;12;Educação;361;Ensino Fundamental;237;Qualificação, Profissionalização e Emprego;2702;Gestão do Programa Escola Integrada;10;Formação de Educadores do Programa;1;0;50000;0;0;0;0;0;0
AEQ;EIXO: ACESSO À EDUCAÇÃO DE QUALIDADE;EDU;SUB-EIXO: EDUCAÇÃO;EX;EX;12;Educação;361;Ensino Fundamental;241;Recomeço;2886;Gestão da Melhoria da Qualidade da Educação;6;Publicação de Material de Prevenção ao Uso de Drogas;1;0;105000;0;0;0;0;0;0
AEQ;EIXO: ACESSO À EDUCAÇÃO DE QUALIDADE;EDU;SUB-EIXO: EDUCAÇÃO;EX;EX;12;Educação;365;Educação Infantil;140;Gestão e Operacionalização da Política Educacional;2041;Formação para Profissionais da Educação;2;Formação de Professores da Educação Infantil;1;0;188000;9360;9360;513.01;10328;10328;1481.01
AEQ;EIXO: ACESSO À EDUCAÇÃO DE QUALIDADE;EDU;SUB-EIXO: EDUCAÇÃO;EX;EX;12;Educação;365;Educação Infantil;140;Gestão e Operacionalização da Política Educacional;2046;Gestão Descentralizada da Educação;1;Assistência ao Educando, Conservação de Unidades Escolares da Educação Infantil;1;0;11662528;4544269;2414765.06;2414765.06;4544269;2414765.06;2414765.06
AEQ;EIXO: ACESSO À EDUCAÇÃO DE QUALIDADE;EDU;SUB-EIXO: EDUCAÇÃO;EX;EX;12;Educação;365;Educação Infantil;140;Gestão e Operacionalização da Política Educacional;2046;Gestão Descentralizada da Educação;4;PAP - Projeto de Ação Pedagógica - Educação Infantil;1;0;3663244;2712336.2;924000;924000;2712336.2;924000;924000
AEQ;EIXO: ACESSO À EDUCAÇÃO DE QUALIDADE;EDU;SUB-EIXO: EDUCAÇÃO;EX;EX;12;Educação;365;Educação Infantil;140;Gestão e Operacionalização da Política Educacional;2046;Gestão Descentralizada da Educação;9;Revitalização de Unidades Escolares da Educação Infantil;1;0;1682000;0;0;0;0;0;0
AEQ;EIXO: ACESSO À EDUCAÇÃO DE QUALIDADE;EDU;SUB-EIXO: EDUCAÇÃO;EX;EX;12;Educação;365;Educação Infantil;140;Gestão e Operacionalização da Política Educacional;2046;Gestão Descentralizada da Educação;12;Contratação de Apoio Administrativo - Educação Infantil;1;0;4441071;3489571;3489571;3229327;5051836;5051836;4322911
AEQ;EIXO: ACESSO À EDUCAÇÃO DE QUALIDADE;EDU;SUB-EIXO: EDUCAÇÃO;EX;EX;12;Educação;365;Educação Infantil;140;Gestão e Operacionalização da Política Educacional;2542;Administração da Educação Infantil;1;Administração da Educação Infantil;1;0;245698401;82301072.54;82433696.05;81926755.95;153528893.4;153094237.9;133846251.7
AEQ;EIXO: ACESSO À EDUCAÇÃO DE QUALIDADE;EDU;SUB-EIXO: EDUCAÇÃO;EX;EX;12;Educação;365;Educação Infantil;140;Gestão e Operacionalização da Política Educacional;2700;Operação e Manutenção da Educação;1;Fornecimento de Kits Escolares - Educação Infantil;1;0;10207468;456955.56;3735816.74;3656542.33;4985421.85;4983383.17;3933328.18
AEQ;EIXO: ACESSO À EDUCAÇÃO DE QUALIDADE;EDU;SUB-EIXO: EDUCAÇÃO;EX;EX;12;Educação;365;Educação Infantil;140;Gestão e Operacionalização da Política Educacional;2700;Operação e Manutenção da Educação;8;Operação e Manutenção da Educação - Educação Infantil;1;0;9039157;1413504.09;1226940.15;887460.83;2287727.84;1619655.63;1061874.96
AEQ;EIXO: ACESSO À EDUCAÇÃO DE QUALIDADE;EDU;SUB-EIXO: EDUCAÇÃO;EX;EX;12;Educação;365;Educação Infantil;140;Gestão e Operacionalização da Política Educacional;2888;Conveniamento com Instituições de Educação Infantil;2;Gestão de Convênio com Instituições de Educação Infantil;1;0;87984309;34699400;29859228;28957412;63149970;54311615;48224548
AEQ;EIXO: ACESSO À EDUCAÇÃO DE QUALIDADE;EDU;SUB-EIXO: EDUCAÇÃO;EX;EX;12;Educação;365;Educação Infantil;205;Expansão da Educação Infantil ;1211;Construção, Ampliação e Reforma de Unidades de Ensino;1;Construção, Ampliação e Reforma de Unidades de Ensino;1;0;51007864;3521060.84;2210816.48;1880305.71;5120449.9;3453115.26;3047743.54
AEQ;EIXO: ACESSO À EDUCAÇÃO DE QUALIDADE;EDU;SUB-EIXO: EDUCAÇÃO;EX;EX;12;Educação;365;Educação Infantil;205;Expansão da Educação Infantil ;2707;Aquisição e Instalação de Equipamentos;1;Aquisição e Instalação de Equipamentos;1;0;174000;326755.79;70833.25;20106;332485.79;70833.25;20106
AEQ;EIXO: ACESSO À EDUCAÇÃO DE QUALIDADE;EDU;SUB-EIXO: EDUCAÇÃO;EX;EX;12;Educação;365;Educação Infantil;205;Expansão da Educação Infantil ;2858;Expansão de Unidades Municipais de Educação - Parceria Público-Privada;1;Expansão de Unidades Municipais de Educação Infantil - Parceria Público-Privada;1;0;66271174;39614238;42724240.17;31434657.72;77977760;58413468.22;39224666.99
AEQ;EIXO: ACESSO À EDUCAÇÃO DE QUALIDADE;EDU;SUB-EIXO: EDUCAÇÃO;EX;EX;12;Educação;365;Educação Infantil;205;Expansão da Educação Infantil ;2888;Conveniamento com Instituições de Educação Infantil;3;Aquisição de Materiais para Creches Conveniadas - Termos de Compromisso;1;0;10356489;0;0;0;0;0;0
AEQ;EIXO: ACESSO À EDUCAÇÃO DE QUALIDADE;EDU;SUB-EIXO: EDUCAÇÃO;EX;EX;12;Educação;365;Educação Infantil;207;Melhoria da Qualidade da Educação;2705;Mobilização da Comunidade Escolar;3;Publicação de Jornal Família Escola da Educação Infantil;1;0;50000;0;0;0;0;0;0
AEQ;EIXO: ACESSO À EDUCAÇÃO DE QUALIDADE;EDU;SUB-EIXO: EDUCAÇÃO;EX;EX;12;Educação;366;Educação de Jovens e Adultos;140;Gestão e Operacionalização da Política Educacional;2041;Formação para Profissionais da Educação;4;Formação de Professores da Educação de Jovens e Adultos;1;0;96000;4680;4680;256.5;4680;4680;256.5
AEQ;EIXO: ACESSO À EDUCAÇÃO DE QUALIDADE;EDU;SUB-EIXO: EDUCAÇÃO;EX;EX;12;Educação;366;Educação de Jovens e Adultos;140;Gestão e Operacionalização da Política Educacional;2046;Gestão Descentralizada da Educação;3;Assistência ao Educando, Conservação de Unidades Escolares - Educação de Jovens e Adultos;1;0;777298;481899;237038.63;236754.63;481899;237038.63;236754.63
AEQ;EIXO: ACESSO À EDUCAÇÃO DE QUALIDADE;EDU;SUB-EIXO: EDUCAÇÃO;EX;EX;12;Educação;366;Educação de Jovens e Adultos;140;Gestão e Operacionalização da Política Educacional;2046;Gestão Descentralizada da Educação;6;PAP - Projeto de Ação Pedagógica - EJA;1;0;761666;350157.11;0;0;350157.11;0;0
AEQ;EIXO: ACESSO À EDUCAÇÃO DE QUALIDADE;EDU;SUB-EIXO: EDUCAÇÃO;EX;EX;12;Educação;366;Educação de Jovens e Adultos;140;Gestão e Operacionalização da Política Educacional;2080;Administração do Ensino Fundamental;1;Administração do Ensino Fundamental;1;0;49221800;9668856.95;9668856.95;9596849.05;21903383.55;21903383.55;19679329.52
AEQ;EIXO: ACESSO À EDUCAÇÃO DE QUALIDADE;EDU;SUB-EIXO: EDUCAÇÃO;EX;EX;12;Educação;366;Educação de Jovens e Adultos;140;Gestão e Operacionalização da Política Educacional;2700;Operação e Manutenção da Educação;3;Fornecimento de Kits Escolares - EJA;1;0;1452380;0;0;288626;334256;334256;334256
AEQ;EIXO: ACESSO À EDUCAÇÃO DE QUALIDADE;EDU;SUB-EIXO: EDUCAÇÃO;EX;EX;12;Educação;366;Educação de Jovens e Adultos;140;Gestão e Operacionalização da Política Educacional;2700;Operação e Manutenção da Educação;9;Operação e Manutenção da Educação - Educação de Jovens e Adultos;1;0;423199;44450.4;76855.62;46028.06;133661.8;96545.32;65717.76
AEQ;EIXO: ACESSO À EDUCAÇÃO DE QUALIDADE;EDU;SUB-EIXO: EDUCAÇÃO;EX;EX;12;Educação;366;Educação de Jovens e Adultos;140;Gestão e Operacionalização da Política Educacional;2700;Operação e Manutenção da Educação;11;Manutenção do Programa Brasil Alfabetizado;1;0;73750;0;0;0;0;0;0
AEQ;EIXO: ACESSO À EDUCAÇÃO DE QUALIDADE;EDU;SUB-EIXO: EDUCAÇÃO;EX;EX;12;Educação;366;Educação de Jovens e Adultos;207;Melhoria da Qualidade da Educação;2706;Melhoria da Aprendizagem e Avaliação de Desempenho Escolar;3;Avaliação de Aprendizagem dos Alunos - Avalia BH e Avalia EJA;1;0;680000;-996692.8;0;115982.54;325837.82;325837.82;325837.82
AEQ;EIXO: ACESSO À EDUCAÇÃO DE QUALIDADE;EDU;SUB-EIXO: EDUCAÇÃO;EX;EX;12;Educação;367;Educação Especial;140;Gestão e Operacionalização da Política Educacional;2700;Operação e Manutenção da Educação;10;Operação e Manutenção da Educação -  Ensino Fundamental;1;0;7470000;0;0;0;0;0;0
AEQ;EIXO: ACESSO À EDUCAÇÃO DE QUALIDADE;EDU;SUB-EIXO: EDUCAÇÃO;EX;EX;12;Educação;367;Educação Especial;140;Gestão e Operacionalização da Política Educacional;2701;Apoio a inclusão de alunos com deficiência no cotidiano escolar;1;Atendimento Educacional Especializado na Rede Privada;1;0;840000;123113.7;159198.75;159198.75;371228.4;281604.9;281604.9
AEQ;EIXO: ACESSO À EDUCAÇÃO DE QUALIDADE;EDU;SUB-EIXO: EDUCAÇÃO;EX;EX;12;Educação;367;Educação Especial;207;Melhoria da Qualidade da Educação;2701;Apoio a inclusão de alunos com deficiência no cotidiano escolar;4;Formação de Professores de Educação Especial;1;0;553000;0;0;0;0;0;0
AEQ;EIXO: ACESSO À EDUCAÇÃO DE QUALIDADE;EDU;SUB-EIXO: EDUCAÇÃO;EX;EX;12;Educação;367;Educação Especial;207;Melhoria da Qualidade da Educação;2885;Transporte Escolar;2;Transporte Acessível;1;0;6045498;1789308.94;2098492.52;2245080.41;4503660.9;3634639.68;3281161.69
AEQ;EIXO: ACESSO À EDUCAÇÃO DE QUALIDADE;EDU;SUB-EIXO: EDUCAÇÃO;EX;EX;12;Educação;367;Educação Especial;207;Melhoria da Qualidade da Educação;2886;Gestão da Melhoria da Qualidade da Educação;9;Ampliação de Alunos no Atendimento Educacional Especializado - AEE;1;0;12000;0;29990.4;29990.4;29990.4;29990.4;29990.4
AEQ;EIXO: ACESSO À EDUCAÇÃO DE QUALIDADE;EDU;SUB-EIXO: EDUCAÇÃO;NEX;NEX;18;Gestão Ambiental;541;Preservação e Conservação Ambiental;69;Gestão da Política Ambiental;2564;Operacionalização das Políticas Ambientais;2;Gestão da Política de Educação Ambiental;0.25;0;2887987;1011078.485;1011078.485;1012203.84;1909239.865;1906889.865;1675296.095
AEQ;EIXO: ACESSO À EDUCAÇÃO DE QUALIDADE;EDU;SUB-EIXO: EDUCAÇÃO;NEX;NEX;18;Gestão Ambiental;541;Preservação e Conservação Ambiental;69;Gestão da Política Ambiental;2564;Operacionalização das Políticas Ambientais;4;Reestruturação dos Centros Regionais de Educação Ambiental - CEAs;0.25;0;31483;0;0;0;0;0;0
AEQ;EIXO: ACESSO À EDUCAÇÃO DE QUALIDADE;EDU;SUB-EIXO: EDUCAÇÃO;NEX;NEX;18;Gestão Ambiental;541;Preservação e Conservação Ambiental;69;Gestão da Política Ambiental;2564;Operacionalização das Políticas Ambientais;8;Educação Ambiental - Programa Pampulha;0.25;0;1500;0;0;0;0;0;0
AEQ;EIXO: ACESSO À EDUCAÇÃO DE QUALIDADE;EDU;SUB-EIXO: EDUCAÇÃO;NEX;NEX;18;Gestão Ambiental;541;Preservação e Conservação Ambiental;69;Gestão da Política Ambiental;2564;Operacionalização das Políticas Ambientais;9;Gestão Operacional do Centro de Educação Ambiental - CEA/PROPAN;0.25;0;33775;6628.03;8488.23;8695.92;18796.41;16642.18;14975.81
AEQ;EIXO: ACESSO À EDUCAÇÃO DE QUALIDADE;EDU;SUB-EIXO: EDUCAÇÃO;NEX;NEX;18;Gestão Ambiental;541;Preservação e Conservação Ambiental;72;Planejamento, Monitoramento e Gerenciamento dos Parques e Necrópoles;2817;Educação Ambiental e Promoção de Eventos;1;Realização de Atividades de Educação Ambiental e Eventos;0.25;0;122845;17752.4;19462.6725;19462.6725;30933.65;30874.9275;30874.9275
AEQ;EIXO: ACESSO À EDUCAÇÃO DE QUALIDADE;EDU;SUB-EIXO: EDUCAÇÃO;NEX;NEX;18;Gestão Ambiental;541;Preservação e Conservação Ambiental;72;Planejamento, Monitoramento e Gerenciamento dos Parques e Necrópoles;2817;Educação Ambiental e Promoção de Eventos;2;Desenvolvimento de Material Educativo e de Comunicação;0.25;0;58750;0;0;0;0;0;0
AEQ;EIXO: ACESSO À EDUCAÇÃO DE QUALIDADE;EDU;SUB-EIXO: EDUCAÇÃO;NEX;NEX;20;Agricultura;601;Promoção da Produção Vegetal;132;Gestão da Política Municipal de Segurança Alimentar e Nutricional;2121;Fomento e Gerenciamento da Comercialização Direta da Agricultura Urbana e Familiar;7;Hortas Escolares e Comunitárias;0.85;0;12750;0;0;0;0;0;0
AEQ;EIXO: ACESSO À EDUCAÇÃO DE QUALIDADE;EDU;SUB-EIXO: EDUCAÇÃO;NEX;NEX;20;Agricultura;601;Promoção da Produção Vegetal;236;Direito de Todos ;2331;Centro de Referência em Segurança Alimentar e Nutricional Sustentável;9;Oficinas de Plantio em Espaços Alternativos;0.25;0;500;0;0;0;0;0;0
PDI;EIXO: PROMOÇÃO DE DIREITOS E PROTEÇÃO INTEGRAL;ASS;SUB-EIXO: ASSISTÊNCIA SOCIAL;NEX;NEX;4;Administração;122;Administração Geral;123;Gestão da Política Social;1345;Sistema de Informação para Gestão das Políticas Sociais - SIGPS;2;Evolução do Sistema de Informação e Gestão de Políticas Sociais - SIGPS;0.25;0;577474;224250;32579.0725;31281.25;224250;32579.0725;31281.25
PDI;EIXO: PROMOÇÃO DE DIREITOS E PROTEÇÃO INTEGRAL;ASS;SUB-EIXO: ASSISTÊNCIA SOCIAL;NEX;NEX;4;Administração;122;Administração Geral;123;Gestão da Política Social;2334;Gestão Compartilhada e Participação Social;1;Coordenação e Participação em Fóruns Governamentais e GTs;0.25;0;22500;23;23;23;77.9;77.9;77.9
PDI;EIXO: PROMOÇÃO DE DIREITOS E PROTEÇÃO INTEGRAL;ASS;SUB-EIXO: ASSISTÊNCIA SOCIAL;NEX;NEX;4;Administração;122;Administração Geral;123;Gestão da Política Social;2334;Gestão Compartilhada e Participação Social;2;Apoio aos Conselhos Municipais;0.25;0;10750;0;0;0;0;0;0
PDI;EIXO: PROMOÇÃO DE DIREITOS E PROTEÇÃO INTEGRAL;ASS;SUB-EIXO: ASSISTÊNCIA SOCIAL;NEX;NEX;4;Administração;122;Administração Geral;123;Gestão da Política Social;2334;Gestão Compartilhada e Participação Social;3;Realização de Conferências;0.25;0;47500;0;0;0;0;0;0
PDI;EIXO: PROMOÇÃO DE DIREITOS E PROTEÇÃO INTEGRAL;ASS;SUB-EIXO: ASSISTÊNCIA SOCIAL;NEX;NEX;4;Administração;122;Administração Geral;123;Gestão da Política Social;2787;Planejamento e Monitoramento e Divulgação da Política Social;1;Produção de Estudos Técnicos e Diagnósticos Espaciais;0.25;0;34134;0;0;0;0;0;0
PDI;EIXO: PROMOÇÃO DE DIREITOS E PROTEÇÃO INTEGRAL;ASS;SUB-EIXO: ASSISTÊNCIA SOCIAL;NEX;NEX;4;Administração;122;Administração Geral;123;Gestão da Política Social;2787;Planejamento e Monitoramento e Divulgação da Política Social;2;Realização de Publicações Diversas e Produção de Material Informativo;0.25;0;18259;0;0;0;0;0;0
PDI;EIXO: PROMOÇÃO DE DIREITOS E PROTEÇÃO INTEGRAL;ASS;SUB-EIXO: ASSISTÊNCIA SOCIAL;NEX;NEX;4;Administração;122;Administração Geral;123;Gestão da Política Social;2787;Planejamento e Monitoramento e Divulgação da Política Social;3;Articulação para Gestão Integrada e Intersetorial das Políticas Sociais - Câmara Intersetorial de Políticas Sociais;0.25;0;787;0;0;0;0;0;0
PDI;EIXO: PROMOÇÃO DE DIREITOS E PROTEÇÃO INTEGRAL;ASS;SUB-EIXO: ASSISTÊNCIA SOCIAL;NEX;NEX;4;Administração;122;Administração Geral;123;Gestão da Política Social;2900;Serviços Administrativos e Financeiros;1;Serviços Administrativos e Financeiros ;0.25;0;1671121;601856.445;605499.11;578065.48;1083186.003;985750.465;872897.3275
PDI;EIXO: PROMOÇÃO DE DIREITOS E PROTEÇÃO INTEGRAL;ASS;SUB-EIXO: ASSISTÊNCIA SOCIAL;NEX;NEX;8;Assistência Social;122;Administração Geral;234;BH Cidadania  e o SUAS - Sistema Único de Assistência Social ;1353;Implantação dos Espaços BH Cidadania;1;Núcleos BH Cidadania Implantados;0.25;0;116250;0;0;351.75;659.0275;659.0275;659.0275
PDI;EIXO: PROMOÇÃO DE DIREITOS E PROTEÇÃO INTEGRAL;ASS;SUB-EIXO: ASSISTÊNCIA SOCIAL;EX;EX;8;Assistência Social;243;Assistência à Criança e ao Adolescente;19;Proteção Social Básica;2401;Serviço de Convivência e Fortalecimento de Vínculos;2;Serviços para Crianças até 6 Anos;1;0;822993;204998.43;245812.67;225405.56;614995.31;450811.1;430403.99
PDI;EIXO: PROMOÇÃO DE DIREITOS E PROTEÇÃO INTEGRAL;ASS;SUB-EIXO: ASSISTÊNCIA SOCIAL;EX;EX;8;Assistência Social;243;Assistência à Criança e ao Adolescente;19;Proteção Social Básica;2401;Serviço de Convivência e Fortalecimento de Vínculos;3;Serviços para Crianças e Adolescentes de 6 a 15 Anos;1;0;1646956;262598.39;389610.69;289367.15;754218.41;636132.25;522608.71
PDI;EIXO: PROMOÇÃO DE DIREITOS E PROTEÇÃO INTEGRAL;ASS;SUB-EIXO: ASSISTÊNCIA SOCIAL;EX;EX;8;Assistência Social;243;Assistência à Criança e ao Adolescente;19;Proteção Social Básica;2401;Serviço de Convivência e Fortalecimento de Vínculos;4;Serviços para Adolescentes e Jovens de 15 a 17 Anos;1;0;1840629;169455;532972.39;654289.72;1150889.58;1068729.58;1037919.58
PDI;EIXO: PROMOÇÃO DE DIREITOS E PROTEÇÃO INTEGRAL;ASS;SUB-EIXO: ASSISTÊNCIA SOCIAL;EX;EX;8;Assistência Social;243;Assistência à Criança e ao Adolescente;20;Proteção Social Especial;2403;Serviço de Proteção Social Especial de Alta Complexidade;3;Acolhimento Institucional para Criança e Adolescente;1;0;18852838;4736643.55;7487511.94;7273824.04;14495909.89;12538822.93;12027871.12
PDI;EIXO: PROMOÇÃO DE DIREITOS E PROTEÇÃO INTEGRAL;ASS;SUB-EIXO: ASSISTÊNCIA SOCIAL;EX;EX;8;Assistência Social;243;Assistência à Criança e ao Adolescente;20;Proteção Social Especial;2403;Serviço de Proteção Social Especial de Alta Complexidade;25;Acolhimento Institucional de Breve Permanencia;1;0;1534975;25088.6;51208.96;37962.96;82033.04;70190.44;56944.44
PDI;EIXO: PROMOÇÃO DE DIREITOS E PROTEÇÃO INTEGRAL;ASS;SUB-EIXO: ASSISTÊNCIA SOCIAL;EX;EX;8;Assistência Social;243;Assistência à Criança e ao Adolescente;163;Promoção e Proteção às Crianças e Adolescentes e suas Famílias ;2334;Gestão Compartilhada e Participação Social;3;Realização de Conferências;1;0;400000;0;162239.22;95819;173914.22;173914.22;104914
PDI;EIXO: PROMOÇÃO DE DIREITOS E PROTEÇÃO INTEGRAL;ASS;SUB-EIXO: ASSISTÊNCIA SOCIAL;EX;EX;8;Assistência Social;243;Assistência à Criança e ao Adolescente;163;Promoção e Proteção às Crianças e Adolescentes e suas Famílias ;2859; Ações para a Promoção e Proteção dos Direitos da Criança, Adolescentes e suas Famílias;1;Apoio aos Conselhos Tutelares;1;0;5232784;1635556.51;1731661.91;1654405.28;3455989.53;3295984.7;2890656.29
PDI;EIXO: PROMOÇÃO DE DIREITOS E PROTEÇÃO INTEGRAL;ASS;SUB-EIXO: ASSISTÊNCIA SOCIAL;EX;EX;8;Assistência Social;243;Assistência à Criança e ao Adolescente;163;Promoção e Proteção às Crianças e Adolescentes e suas Famílias ;2859; Ações para a Promoção e Proteção dos Direitos da Criança, Adolescentes e suas Famílias;2;Orientação e Apoio Sociofamiliar;1;0;776000;370317.8;55967.6;14900;370317.8;55967.6;14900
PDI;EIXO: PROMOÇÃO DE DIREITOS E PROTEÇÃO INTEGRAL;ASS;SUB-EIXO: ASSISTÊNCIA SOCIAL;EX;EX;8;Assistência Social;243;Assistência à Criança e ao Adolescente;163;Promoção e Proteção às Crianças e Adolescentes e suas Famílias ;2859; Ações para a Promoção e Proteção dos Direitos da Criança, Adolescentes e suas Famílias;3;Apoio Socioeducativo em Meio Aberto;1;0;2330000;1251293.6;1251293.6;1344793.95;2092894.29;2092894.29;2084654.29
PDI;EIXO: PROMOÇÃO DE DIREITOS E PROTEÇÃO INTEGRAL;ASS;SUB-EIXO: ASSISTÊNCIA SOCIAL;EX;EX;8;Assistência Social;243;Assistência à Criança e ao Adolescente;163;Promoção e Proteção às Crianças e Adolescentes e suas Famílias ;2859; Ações para a Promoção e Proteção dos Direitos da Criança, Adolescentes e suas Famílias;4;Acolhimento Familiar;1;0;1800000;54997.86;54997.86;0;54997.86;54997.86;0
PDI;EIXO: PROMOÇÃO DE DIREITOS E PROTEÇÃO INTEGRAL;ASS;SUB-EIXO: ASSISTÊNCIA SOCIAL;EX;EX;8;Assistência Social;243;Assistência à Criança e ao Adolescente;163;Promoção e Proteção às Crianças e Adolescentes e suas Famílias ;2859; Ações para a Promoção e Proteção dos Direitos da Criança, Adolescentes e suas Famílias;5;Acolhimento Institucional;1;0;775000;33952;33952;33952;98950;98368;98368
PDI;EIXO: PROMOÇÃO DE DIREITOS E PROTEÇÃO INTEGRAL;ASS;SUB-EIXO: ASSISTÊNCIA SOCIAL;EX;EX;8;Assistência Social;243;Assistência à Criança e ao Adolescente;163;Promoção e Proteção às Crianças e Adolescentes e suas Famílias ;2859; Ações para a Promoção e Proteção dos Direitos da Criança, Adolescentes e suas Famílias;11;Apoio às Ações Voltadas para a Crianças e Adolescente na Ocasião de Megaeventos;1;0;40000;0;0;0;0;0;0
PDI;EIXO: PROMOÇÃO DE DIREITOS E PROTEÇÃO INTEGRAL;ASS;SUB-EIXO: ASSISTÊNCIA SOCIAL;EX;EX;8;Assistência Social;243;Assistência à Criança e ao Adolescente;163;Promoção e Proteção às Crianças e Adolescentes e suas Famílias ;2859; Ações para a Promoção e Proteção dos Direitos da Criança, Adolescentes e suas Famílias;17;Apoio às Ações de Atendimento Socioeducativo;1;0;935000;0;0;0;0;0;0
PDI;EIXO: PROMOÇÃO DE DIREITOS E PROTEÇÃO INTEGRAL;ASS;SUB-EIXO: ASSISTÊNCIA SOCIAL;EX;EX;8;Assistência Social;243;Assistência à Criança e ao Adolescente;163;Promoção e Proteção às Crianças e Adolescentes e suas Famílias ;2859; Ações para a Promoção e Proteção dos Direitos da Criança, Adolescentes e suas Famílias;18;Apoio às Ações de Articulação Regional para a promoção dos Direitos da Criança e do Adolescente;1;0;195500;0;0;0;0;0;0
PDI;EIXO: PROMOÇÃO DE DIREITOS E PROTEÇÃO INTEGRAL;ASS;SUB-EIXO: ASSISTÊNCIA SOCIAL;EX;EX;8;Assistência Social;243;Assistência à Criança e ao Adolescente;163;Promoção e Proteção às Crianças e Adolescentes e suas Famílias ;2860;Ações para o Fortalecimento das Diretrizes do Estatuto da Criança e do Adolescente;1;Assessoria Técnica/Financeira;1;0;700000;19840;19840;19840;19840;19840;19840
PDI;EIXO: PROMOÇÃO DE DIREITOS E PROTEÇÃO INTEGRAL;ASS;SUB-EIXO: ASSISTÊNCIA SOCIAL;EX;EX;8;Assistência Social;243;Assistência à Criança e ao Adolescente;163;Promoção e Proteção às Crianças e Adolescentes e suas Famílias ;2860;Ações para o Fortalecimento das Diretrizes do Estatuto da Criança e do Adolescente;2;Vigilância e Defesa de Direitos;1;0;1172000;939462.88;934986.78;934986.78;939462.88;934986.78;934986.78
PDI;EIXO: PROMOÇÃO DE DIREITOS E PROTEÇÃO INTEGRAL;ASS;SUB-EIXO: ASSISTÊNCIA SOCIAL;EX;EX;8;Assistência Social;243;Assistência à Criança e ao Adolescente;163;Promoção e Proteção às Crianças e Adolescentes e suas Famílias ;2860;Ações para o Fortalecimento das Diretrizes do Estatuto da Criança e do Adolescente;3;Capacitação e Formatação de Atores de Atendimento e Defesa do Sistema de Garantia de Direitos;1;0;395000;2973.16;2973.16;2973.16;2973.16;2973.16;2973.16
PDI;EIXO: PROMOÇÃO DE DIREITOS E PROTEÇÃO INTEGRAL;ASS;SUB-EIXO: ASSISTÊNCIA SOCIAL;EX;EX;8;Assistência Social;243;Assistência à Criança e ao Adolescente;163;Promoção e Proteção às Crianças e Adolescentes e suas Famílias ;2860;Ações para o Fortalecimento das Diretrizes do Estatuto da Criança e do Adolescente;4;Publicações Diversas;1;0;80000;10950;20208.9;20208.9;20208.9;20208.9;20208.9
PDI;EIXO: PROMOÇÃO DE DIREITOS E PROTEÇÃO INTEGRAL;ASS;SUB-EIXO: ASSISTÊNCIA SOCIAL;EX;EX;8;Assistência Social;243;Assistência à Criança e ao Adolescente;163;Promoção e Proteção às Crianças e Adolescentes e suas Famílias ;2860;Ações para o Fortalecimento das Diretrizes do Estatuto da Criança e do Adolescente;5;Realização de campanhas na sociedade em prol da garantia de direitos das crianças e adolescentes;1;0;400000;0;0;0;0;0;0
PDI;EIXO: PROMOÇÃO DE DIREITOS E PROTEÇÃO INTEGRAL;ASS;SUB-EIXO: ASSISTÊNCIA SOCIAL;EX;EX;8;Assistência Social;243;Assistência à Criança e ao Adolescente;163;Promoção e Proteção às Crianças e Adolescentes e suas Famílias ;2860;Ações para o Fortalecimento das Diretrizes do Estatuto da Criança e do Adolescente;6;Promoção do Processo de Escolha de Conselheiros Tutelares;1;0;200000;0;0;0;0;0;0
PDI;EIXO: PROMOÇÃO DE DIREITOS E PROTEÇÃO INTEGRAL;ASS;SUB-EIXO: ASSISTÊNCIA SOCIAL;EX;EX;8;Assistência Social;243;Assistência à Criança e ao Adolescente;163;Promoção e Proteção às Crianças e Adolescentes e suas Famílias ;2860;Ações para o Fortalecimento das Diretrizes do Estatuto da Criança e do Adolescente;8;Apoio às ações de fortalecimento para a participação de Crianças e Adolescentes;1;0;147500;0;1440;1440;1440;1440;1440
PDI;EIXO: PROMOÇÃO DE DIREITOS E PROTEÇÃO INTEGRAL;ASS;SUB-EIXO: ASSISTÊNCIA SOCIAL;EX;EX;8;Assistência Social;243;Assistência à Criança e ao Adolescente;234;BH Cidadania  e o SUAS - Sistema Único de Assistência Social ;2859; Ações para a Promoção e Proteção dos Direitos da Criança, Adolescentes e suas Famílias;16;Avançar na Padronização e Modernização dos Conselhos Tutelares;1;0;150000;0;0;0;0;0;0
PDI;EIXO: PROMOÇÃO DE DIREITOS E PROTEÇÃO INTEGRAL;ASS;SUB-EIXO: ASSISTÊNCIA SOCIAL;EX;EX;8;Assistência Social;243;Assistência à Criança e ao Adolescente;237;Qualificação, Profissionalização e Emprego;2647;Inserção Social e Produtiva;2;Programa de Promoção ao Adolescente Trabalhador;1;0;6889516;1313404.65;437801.55;437801.55;3940213.95;1751206.2;1751206.2
PDI;EIXO: PROMOÇÃO DE DIREITOS E PROTEÇÃO INTEGRAL;ASS;SUB-EIXO: ASSISTÊNCIA SOCIAL;NEX;NEX;8;Assistência Social;244;Assistência Comunitária;19;Proteção Social Básica;1220;Construção, Ampliação e Reforma de Unidades de Assistência Social;1;Construção, Ampliação e Reforma de Unidades de Assistência Social;0.25;0;75000;0;0;0;0;0;0
PDI;EIXO: PROMOÇÃO DE DIREITOS E PROTEÇÃO INTEGRAL;ASS;SUB-EIXO: ASSISTÊNCIA SOCIAL;EX;EX;8;Assistência Social;244;Assistência Comunitária;19;Proteção Social Básica;2308;Serviço de Proteção e Atendimento Integral à Família ;2;Serviço de Proteção e Atendimento Integral à Família;1;0;25602250;7001352.93;7988923.04;7613306.19;15462648.44;14412564.67;12772921.31
PDI;EIXO: PROMOÇÃO DE DIREITOS E PROTEÇÃO INTEGRAL;ASS;SUB-EIXO: ASSISTÊNCIA SOCIAL;NEX;NEX;8;Assistência Social;244;Assistência Comunitária;19;Proteção Social Básica;2405;Serviços, Benefícios e Transferência de Renda;1;Inserção, Acompanhamento das Famílias Beneficiárias dos Programa de Transferência de Renda e Benefícios Eventuais - Base Regional;0.25;0;3504575;220466.25;241487.765;230372.8825;460468.9175;418527.8325;369213.3275
PDI;EIXO: PROMOÇÃO DE DIREITOS E PROTEÇÃO INTEGRAL;ASS;SUB-EIXO: ASSISTÊNCIA SOCIAL;NEX;NEX;8;Assistência Social;244;Assistência Comunitária;19;Proteção Social Básica;2405;Serviços, Benefícios e Transferência de Renda;2;Concessão de Benefícios Eventuais;0.25;0;906693;158095.6075;172925.1025;153894.7475;321600.95;282521.8075;234905.3075
PDI;EIXO: PROMOÇÃO DE DIREITOS E PROTEÇÃO INTEGRAL;ASS;SUB-EIXO: ASSISTÊNCIA SOCIAL;NEX;NEX;8;Assistência Social;244;Assistência Comunitária;19;Proteção Social Básica;2405;Serviços, Benefícios e Transferência de Renda;3;Inserção, Acompanhamento das Famílias Beneficiárias dos Programa de Transferência de Renda e Benefícios Eventuais ;0.25;0;1558043;65481.5875;77699.0125;77844.425;160882.885;138694.6375;128681.9125
PDI;EIXO: PROMOÇÃO DE DIREITOS E PROTEÇÃO INTEGRAL;ASS;SUB-EIXO: ASSISTÊNCIA SOCIAL;NEX;NEX;8;Assistência Social;244;Assistência Comunitária;19;Proteção Social Básica;2833;Ações de Assessoramento e de Defesa de Direitos;1;Ações de Assessoramento e de Defesa de Direitos;0.25;0;484833;0;89361.005;89361.005;242291.7825;161527.88;161527.88
PDI;EIXO: PROMOÇÃO DE DIREITOS E PROTEÇÃO INTEGRAL;ASS;SUB-EIXO: ASSISTÊNCIA SOCIAL;NEX;NEX;8;Assistência Social;244;Assistência Comunitária;19;Proteção Social Básica;2879;Serviço de Proteção Social Básica em Domicílio para Pessoas com Deficiência e Idosas;1;Proteção Social à Pessoa com Deficiência;0.25;0;303025;71469.93;93658.78;71469.93;214409.79;188952.02;142939.86
PDI;EIXO: PROMOÇÃO DE DIREITOS E PROTEÇÃO INTEGRAL;ASS;SUB-EIXO: ASSISTÊNCIA SOCIAL;NEX;NEX;8;Assistência Social;244;Assistência Comunitária;20;Proteção Social Especial;2403;Serviço de Proteção Social Especial de Alta Complexidade;2;Acolhimento Institucional e Unidade de Passagem para Adultos e Famílias;0.25;0;240479;65673.58;71634.6125;71634.6125;182397.895;149428.2475;148449.3725
PDI;EIXO: PROMOÇÃO DE DIREITOS E PROTEÇÃO INTEGRAL;ASS;SUB-EIXO: ASSISTÊNCIA SOCIAL;NEX;NEX;8;Assistência Social;244;Assistência Comunitária;20;Proteção Social Especial;2403;Serviço de Proteção Social Especial de Alta Complexidade;5;Acolhimento Institucional para Famílias;0.25;0;455012;50259.195;39365.525;42815.5275;173018.265;121188.255;115480.5075
PDI;EIXO: PROMOÇÃO DE DIREITOS E PROTEÇÃO INTEGRAL;ASS;SUB-EIXO: ASSISTÊNCIA SOCIAL;NEX;NEX;8;Assistência Social;244;Assistência Comunitária;20;Proteção Social Especial;2403;Serviço de Proteção Social Especial de Alta Complexidade;6;Acolhimento Institucional em Unidade de Passagem para População de Rua;0.25;0;620471;153650.6625;249717.3275;196378.07;448217.7675;397000.88;294567.105
PDI;EIXO: PROMOÇÃO DE DIREITOS E PROTEÇÃO INTEGRAL;ASS;SUB-EIXO: ASSISTÊNCIA SOCIAL;NEX;NEX;8;Assistência Social;244;Assistência Comunitária;20;Proteção Social Especial;2403;Serviço de Proteção Social Especial de Alta Complexidade;8;Serviço de Apoio e Reintegração Familiar;0.25;0;86793;20428.6275;27238.17;27238.17;61285.8825;40857.255;40857.255
PDI;EIXO: PROMOÇÃO DE DIREITOS E PROTEÇÃO INTEGRAL;ASS;SUB-EIXO: ASSISTÊNCIA SOCIAL;NEX;NEX;8;Assistência Social;244;Assistência Comunitária;20;Proteção Social Especial;2403;Serviço de Proteção Social Especial de Alta Complexidade;10;Serviço para Situação de Emergência;0.25;0;500;0;0;0;0;0;0
PDI;EIXO: PROMOÇÃO DE DIREITOS E PROTEÇÃO INTEGRAL;ASS;SUB-EIXO: ASSISTÊNCIA SOCIAL;EX;EX;8;Assistência Social;244;Assistência Comunitária;20;Proteção Social Especial;2403;Serviço de Proteção Social Especial de Alta Complexidade;11;Central de Vagas;1;0;204328;47995.41;63993.88;63993.88;143986.23;95990.82;95990.82
PDI;EIXO: PROMOÇÃO DE DIREITOS E PROTEÇÃO INTEGRAL;ASS;SUB-EIXO: ASSISTÊNCIA SOCIAL;NEX;NEX;8;Assistência Social;244;Assistência Comunitária;20;Proteção Social Especial;2403;Serviço de Proteção Social Especial de Alta Complexidade;13;Acolhimento Institucional ao Migrante;0.25;0;411424;104718.5675;130962.13;116766.88;294984.795;226781.705;211219.7475
PDI;EIXO: PROMOÇÃO DE DIREITOS E PROTEÇÃO INTEGRAL;ASS;SUB-EIXO: ASSISTÊNCIA SOCIAL;NEX;NEX;8;Assistência Social;244;Assistência Comunitária;20;Proteção Social Especial;2403;Serviço de Proteção Social Especial de Alta Complexidade;14;Serviço de Acolhimento em Repúblicas para Jovens;0.85;0;5100;0;0;0;0;0;0
PDI;EIXO: PROMOÇÃO DE DIREITOS E PROTEÇÃO INTEGRAL;ASS;SUB-EIXO: ASSISTÊNCIA SOCIAL;EX;EX;8;Assistência Social;244;Assistência Comunitária;20;Proteção Social Especial;2409;Centros de Referência;2;Centro de Referência Especializado para População de Rua / Miguilim;1;0;340214;0;0;0;0;0;0
PDI;EIXO: PROMOÇÃO DE DIREITOS E PROTEÇÃO INTEGRAL;ASS;SUB-EIXO: ASSISTÊNCIA SOCIAL;EX;EX;8;Assistência Social;244;Assistência Comunitária;20;Proteção Social Especial;2410;Apoio e Assessoria aos Serviços de Proteção Social de Média Complexidade;3;Atendimento Psicossocial a Crianças, Adolescentes e Familiares;1;0;208335;0;0;0;103667.28;34555.76;34555.76
PDI;EIXO: PROMOÇÃO DE DIREITOS E PROTEÇÃO INTEGRAL;ASS;SUB-EIXO: ASSISTÊNCIA SOCIAL;EX;EX;8;Assistência Social;244;Assistência Comunitária;20;Proteção Social Especial;2410;Apoio e Assessoria aos Serviços de Proteção Social de Média Complexidade;4;Atendimento à Agressores Intrafamiliares de Crianças e Adolescentes;1;0;208335;0;0;0;103667.28;34555.76;34555.76
PDI;EIXO: PROMOÇÃO DE DIREITOS E PROTEÇÃO INTEGRAL;ASS;SUB-EIXO: ASSISTÊNCIA SOCIAL;NEX;NEX;8;Assistência Social;244;Assistência Comunitária;20;Proteção Social Especial;2833;Ações de Assessoramento e de Defesa de Direitos;1;Ações de Assessoramento e de Defesa de Direitos;0.25;0;239870;0;0;0;119810.34;39936.78;39936.78
PDI;EIXO: PROMOÇÃO DE DIREITOS E PROTEÇÃO INTEGRAL;ASS;SUB-EIXO: ASSISTÊNCIA SOCIAL;NEX;NEX;8;Assistência Social;244;Assistência Comunitária;20;Proteção Social Especial;2878;Serviço de Proteção Especial de Média Complexidade;1;Serviço de Proteção e Atendimento Especializado às Famílias e Indivíduos - PAEFI/CREAS;0.5;0;4323201;3068061.45;3043619.825;3043346.06;5124215.605;5041132.895;4447464.075
PDI;EIXO: PROMOÇÃO DE DIREITOS E PROTEÇÃO INTEGRAL;ASS;SUB-EIXO: ASSISTÊNCIA SOCIAL;NEX;NEX;8;Assistência Social;244;Assistência Comunitária;20;Proteção Social Especial;2878;Serviço de Proteção Especial de Média Complexidade;2;Acompanhamento Sócio Familiar / Bolsa Moradia;0.5;0;57796;12062.05;9997.925;9997.925;18212.05;14044.235;12080.005
PDI;EIXO: PROMOÇÃO DE DIREITOS E PROTEÇÃO INTEGRAL;ASS;SUB-EIXO: ASSISTÊNCIA SOCIAL;EX;EX;8;Assistência Social;244;Assistência Comunitária;20;Proteção Social Especial;2878;Serviço de Proteção Especial de Média Complexidade;3;Serviço de Proteção aos Adolescentes em Cumprimento de Medidas Socioeducativas - LA/CREAS;1;0;9000;0;0;0;0;0;0
PDI;EIXO: PROMOÇÃO DE DIREITOS E PROTEÇÃO INTEGRAL;ASS;SUB-EIXO: ASSISTÊNCIA SOCIAL;EX;EX;8;Assistência Social;244;Assistência Comunitária;20;Proteção Social Especial;2878;Serviço de Proteção Especial de Média Complexidade;4;Serviço de Proteção aos Adolescentes em Cumprimento de Medidas Socioeducativas - PSC/CREAS;1;0;9000;0;0;0;0;0;0
PDI;EIXO: PROMOÇÃO DE DIREITOS E PROTEÇÃO INTEGRAL;ASS;SUB-EIXO: ASSISTÊNCIA SOCIAL;EX;EX;8;Assistência Social;244;Assistência Comunitária;20;Proteção Social Especial;2878;Serviço de Proteção Especial de Média Complexidade;5;Serviço de Proteção aos Adolescentes em Cumprimento de Medidas Socioeducativas - NAMSEP;1;0;204000;1396;16486;16486;37760.59;37760.59;37760.59
PDI;EIXO: PROMOÇÃO DE DIREITOS E PROTEÇÃO INTEGRAL;ASS;SUB-EIXO: ASSISTÊNCIA SOCIAL;EX;EX;8;Assistência Social;244;Assistência Comunitária;20;Proteção Social Especial;2878;Serviço de Proteção Especial de Média Complexidade;8;Combate ao Trabalho Infantil;1;0;50593;24054.1;19931.05;19931.05;36354.1;27997.75;24082.25
PDI;EIXO: PROMOÇÃO DE DIREITOS E PROTEÇÃO INTEGRAL;ASS;SUB-EIXO: ASSISTÊNCIA SOCIAL;NEX;NEX;8;Assistência Social;244;Assistência Comunitária;113;Gestão da Política de Assistência Social;2334;Gestão Compartilhada e Participação Social;2;Apoio aos Conselhos Municipais;0.25;0;94733;22788.9275;18746.9;15938.0525;28887.465;22408.3925;17761.515
PDI;EIXO: PROMOÇÃO DE DIREITOS E PROTEÇÃO INTEGRAL;ASS;SUB-EIXO: ASSISTÊNCIA SOCIAL;NEX;NEX;8;Assistência Social;244;Assistência Comunitária;113;Gestão da Política de Assistência Social;2334;Gestão Compartilhada e Participação Social;28;Ampliação da participação popular nos conselhos regionais de assistência social CORAS;0.25;0;37500;0;0;0;0;0;0
PDI;EIXO: PROMOÇÃO DE DIREITOS E PROTEÇÃO INTEGRAL;ASS;SUB-EIXO: ASSISTÊNCIA SOCIAL;NEX;NEX;8;Assistência Social;244;Assistência Comunitária;113;Gestão da Política de Assistência Social;2348;Gestão, Comunicação e Mobilização Social;1;Gestão do Trabalho;0.25;0;8787;4176.25;11861.72;9403.22;17485.62;17485.62;14526.87
PDI;EIXO: PROMOÇÃO DE DIREITOS E PROTEÇÃO INTEGRAL;ASS;SUB-EIXO: ASSISTÊNCIA SOCIAL;NEX;NEX;8;Assistência Social;244;Assistência Comunitária;113;Gestão da Política de Assistência Social;2348;Gestão, Comunicação e Mobilização Social;2;Produção de Informativos e Peças Publicitárias;0.25;0;23025;51.3525;1089.6725;1042.1725;1089.6725;1089.6725;1042.1725
PDI;EIXO: PROMOÇÃO DE DIREITOS E PROTEÇÃO INTEGRAL;ASS;SUB-EIXO: ASSISTÊNCIA SOCIAL;NEX;NEX;8;Assistência Social;244;Assistência Comunitária;113;Gestão da Política de Assistência Social;2348;Gestão, Comunicação e Mobilização Social;3;Produção de Eventos;0.25;0;32500;0;0;0;0;0;0
PDI;EIXO: PROMOÇÃO DE DIREITOS E PROTEÇÃO INTEGRAL;ASS;SUB-EIXO: ASSISTÊNCIA SOCIAL;NEX;NEX;8;Assistência Social;244;Assistência Comunitária;113;Gestão da Política de Assistência Social;2348;Gestão, Comunicação e Mobilização Social;4;Regulação e Regulamentação;0.25;0;1250;0;0;0;0;0;0
PDI;EIXO: PROMOÇÃO DE DIREITOS E PROTEÇÃO INTEGRAL;ASS;SUB-EIXO: ASSISTÊNCIA SOCIAL;NEX;NEX;8;Assistência Social;244;Assistência Comunitária;113;Gestão da Política de Assistência Social;2348;Gestão, Comunicação e Mobilização Social;5;Mobilização Social;0.25;0;4250;0;0;0;0;0;0
PDI;EIXO: PROMOÇÃO DE DIREITOS E PROTEÇÃO INTEGRAL;ASS;SUB-EIXO: ASSISTÊNCIA SOCIAL;NEX;NEX;8;Assistência Social;244;Assistência Comunitária;113;Gestão da Política de Assistência Social;2348;Gestão, Comunicação e Mobilização Social;6;Capacitação de Profissionais de Entidades Socioassistenciais;0.25;0;2625;0;0;0;0;0;0
PDI;EIXO: PROMOÇÃO DE DIREITOS E PROTEÇÃO INTEGRAL;ASS;SUB-EIXO: ASSISTÊNCIA SOCIAL;NEX;NEX;8;Assistência Social;244;Assistência Comunitária;113;Gestão da Política de Assistência Social;2350;Vigilância Socioassistencial;1;Sistema de Indicadores;0.25;0;15000;0;0;0;0;0;0
PDI;EIXO: PROMOÇÃO DE DIREITOS E PROTEÇÃO INTEGRAL;ASS;SUB-EIXO: ASSISTÊNCIA SOCIAL;NEX;NEX;8;Assistência Social;244;Assistência Comunitária;113;Gestão da Política de Assistência Social;2350;Vigilância Socioassistencial;2;Estudos Territoriais e Geoprocessamento;0.25;0;1750;0;0;0;0;0;0
PDI;EIXO: PROMOÇÃO DE DIREITOS E PROTEÇÃO INTEGRAL;ASS;SUB-EIXO: ASSISTÊNCIA SOCIAL;NEX;NEX;8;Assistência Social;244;Assistência Comunitária;113;Gestão da Política de Assistência Social;2350;Vigilância Socioassistencial;3;Diagnóstico;0.25;0;250;0;0;0;0;0;0
PDI;EIXO: PROMOÇÃO DE DIREITOS E PROTEÇÃO INTEGRAL;ASS;SUB-EIXO: ASSISTÊNCIA SOCIAL;NEX;NEX;8;Assistência Social;244;Assistência Comunitária;113;Gestão da Política de Assistência Social;2350;Vigilância Socioassistencial;4;Monitoramento e Acompanhamento;0.25;0;5250;0;0;0;0;0;0
PDI;EIXO: PROMOÇÃO DE DIREITOS E PROTEÇÃO INTEGRAL;ASS;SUB-EIXO: ASSISTÊNCIA SOCIAL;NEX;NEX;8;Assistência Social;244;Assistência Comunitária;113;Gestão da Política de Assistência Social;2350;Vigilância Socioassistencial;6;Realização de Estudo de Custo dos Serviços e Benefícios Socioassistenciais no âmbito do SUAS;0.25;0;33750;0;0;0;0;0;0
PDI;EIXO: PROMOÇÃO DE DIREITOS E PROTEÇÃO INTEGRAL;ASS;SUB-EIXO: ASSISTÊNCIA SOCIAL;NEX;NEX;8;Assistência Social;244;Assistência Comunitária;113;Gestão da Política de Assistência Social;2351;Serviço de Informação e Informatização;1;Serviço Interno de Informação;0.25;0;86460;0;1784.5;3093;3739.7475;3739.7475;3739.7475
PDI;EIXO: PROMOÇÃO DE DIREITOS E PROTEÇÃO INTEGRAL;ASS;SUB-EIXO: ASSISTÊNCIA SOCIAL;NEX;NEX;8;Assistência Social;244;Assistência Comunitária;113;Gestão da Política de Assistência Social;2804;Gestão dos Equipamentos e Promoção Social;1;Gestão dos Equipamentos e Promoção Social;0.25;0;283375;2444.15;756.65;756.65;2444.15;756.65;756.65
PDI;EIXO: PROMOÇÃO DE DIREITOS E PROTEÇÃO INTEGRAL;ASS;SUB-EIXO: ASSISTÊNCIA SOCIAL;NEX;NEX;8;Assistência Social;244;Assistência Comunitária;120;Transferência de Renda;2797;Coordenação das Ações de Transferência de Renda -  Programa Bolsa Família;1;Ações Intersetoriais de Atendimento às Famílias;0.25;0;583250;214544.1;214507.09;211408.15;392679.8825;392642.8725;344982.015
PDI;EIXO: PROMOÇÃO DE DIREITOS E PROTEÇÃO INTEGRAL;ASS;SUB-EIXO: ASSISTÊNCIA SOCIAL;NEX;NEX;8;Assistência Social;244;Assistência Comunitária;123;Gestão da Política Social;2804;Gestão dos Equipamentos e Promoção Social;1;Gestão dos Equipamentos e Promoção Social;0.25;0;6765323;1343375.33;1343375.33;1343177.488;2609778.765;2609778.765;2303689.045
PDI;EIXO: PROMOÇÃO DE DIREITOS E PROTEÇÃO INTEGRAL;ASS;SUB-EIXO: ASSISTÊNCIA SOCIAL;NEX;NEX;8;Assistência Social;244;Assistência Comunitária;234;BH Cidadania  e o SUAS - Sistema Único de Assistência Social ;1220;Construção, Ampliação e Reforma de Unidades de Assistência Social;1;Construção, Ampliação e Reforma de Unidades de Assistência Social;0.25;0;1487047;0;0;0;207953.47;207953.47;207953.47
PDI;EIXO: PROMOÇÃO DE DIREITOS E PROTEÇÃO INTEGRAL;ASS;SUB-EIXO: ASSISTÊNCIA SOCIAL;NEX;NEX;8;Assistência Social;244;Assistência Comunitária;234;BH Cidadania  e o SUAS - Sistema Único de Assistência Social ;1220;Construção, Ampliação e Reforma de Unidades de Assistência Social;2;Construção e/ou Reforma de Espaços BH Cidadania;0.25;0;1854585;225367.5;2711.8025;366.2325;225367.5;2711.8025;366.2325
PDI;EIXO: PROMOÇÃO DE DIREITOS E PROTEÇÃO INTEGRAL;ASS;SUB-EIXO: ASSISTÊNCIA SOCIAL;NEX;NEX;8;Assistência Social;244;Assistência Comunitária;234;BH Cidadania  e o SUAS - Sistema Único de Assistência Social ;2403;Serviço de Proteção Social Especial de Alta Complexidade;1;Acolhimento Institucional para Pessoa com Deficiência;0.25;0;241513;44655.15;70612.65;74272.6;142410.15;128240.15;127525.1
PDI;EIXO: PROMOÇÃO DE DIREITOS E PROTEÇÃO INTEGRAL;ASS;SUB-EIXO: ASSISTÊNCIA SOCIAL;NEX;NEX;8;Assistência Social;244;Assistência Comunitária;234;BH Cidadania  e o SUAS - Sistema Único de Assistência Social ;2403;Serviço de Proteção Social Especial de Alta Complexidade;7;Acolhimento Institucional para Adultos em Situação de Rua e Outros Riscos;0.25;0;564636;69500.85;104566.2;115929.2925;237332.8125;198972.44;197993.565
PDI;EIXO: PROMOÇÃO DE DIREITOS E PROTEÇÃO INTEGRAL;ASS;SUB-EIXO: ASSISTÊNCIA SOCIAL;EX;EX;8;Assistência Social;244;Assistência Comunitária;234;BH Cidadania  e o SUAS - Sistema Único de Assistência Social ;2403;Serviço de Proteção Social Especial de Alta Complexidade;9;Acompanhamento do Serviço de Famílias Acolhedoras;1;0;229160;66790;103580;68000;168370;165440;110000
PDI;EIXO: PROMOÇÃO DE DIREITOS E PROTEÇÃO INTEGRAL;ASS;SUB-EIXO: ASSISTÊNCIA SOCIAL;NEX;NEX;8;Assistência Social;244;Assistência Comunitária;234;BH Cidadania  e o SUAS - Sistema Único de Assistência Social ;2403;Serviço de Proteção Social Especial de Alta Complexidade;12;Acolhimento Institucional para Pessoa com Deficiência - Residência Inclusiva;0.25;0;368192;97369.5;128177.8625;133371.7875;281090.625;248634.125;246679.125
PDI;EIXO: PROMOÇÃO DE DIREITOS E PROTEÇÃO INTEGRAL;ASS;SUB-EIXO: ASSISTÊNCIA SOCIAL;EX;EX;8;Assistência Social;244;Assistência Comunitária;234;BH Cidadania  e o SUAS - Sistema Único de Assistência Social ;2403;Serviço de Proteção Social Especial de Alta Complexidade;20;Implantação do bolsa auxílio para famílias do Serviço de Famílias Acolhedoras;1;0;1000;0;0;0;0;0;0
PDI;EIXO: PROMOÇÃO DE DIREITOS E PROTEÇÃO INTEGRAL;ASS;SUB-EIXO: ASSISTÊNCIA SOCIAL;NEX;NEX;8;Assistência Social;244;Assistência Comunitária;234;BH Cidadania  e o SUAS - Sistema Único de Assistência Social ;2409;Centros de Referência;3;Centro Dia de Referência para Pessoa Adulta com Deficiência Dependente e Família;0.25;0;404621;18058.1275;81812.235;78632.355;162479.3725;153527.73;150347.85
PDI;EIXO: PROMOÇÃO DE DIREITOS E PROTEÇÃO INTEGRAL;ASS;SUB-EIXO: ASSISTÊNCIA SOCIAL;NEX;NEX;8;Assistência Social;244;Assistência Comunitária;237;Qualificação, Profissionalização e Emprego;2404;Ações de Qualificação, Profissionalização e Emprego;1;Disponibilização de Vagas para o Programa Municipal de Qualificação, Emprego e Renda;0.25;0;948709;0;184491.4125;220641.865;573526.8625;573526.8625;573526.8625
PDI;EIXO: PROMOÇÃO DE DIREITOS E PROTEÇÃO INTEGRAL;ASS;SUB-EIXO: ASSISTÊNCIA SOCIAL;EX;EX;8;Assistência Social;244;Assistência Comunitária;241;Recomeço;2403;Serviço de Proteção Social Especial de Alta Complexidade;24;Acolhimento Institucional de Bebes de Mães Usuárias de Drogas;1;0;594000;0;0;0;0;0;0
PDI;EIXO: PROMOÇÃO DE DIREITOS E PROTEÇÃO INTEGRAL;ASS;SUB-EIXO: ASSISTÊNCIA SOCIAL;NEX;NEX;8;Assistência Social;244;Assistência Comunitária;241;Recomeço;2873;Apoio às Ações de Políticas sobre Drogas;1;Apoio as Ações de Políticas sobre Drogas;0.25;0;12500;10173.81;10164.8375;10164.8375;16467.02;10164.8375;10164.8375
PDI;EIXO: PROMOÇÃO DE DIREITOS E PROTEÇÃO INTEGRAL;ASS;SUB-EIXO: ASSISTÊNCIA SOCIAL;NEX;NEX;8;Assistência Social;244;Assistência Comunitária;241;Recomeço;2873;Apoio às Ações de Políticas sobre Drogas;2;Implantação do Sistema de Informação Compartilhada sobre Usuários de Álcool e Outras Drogas;0.25;0;2500;0;0;0;0;0;0
PDI;EIXO: PROMOÇÃO DE DIREITOS E PROTEÇÃO INTEGRAL;ASS;SUB-EIXO: ASSISTÊNCIA SOCIAL;NEX;NEX;8;Assistência Social;244;Assistência Comunitária;241;Recomeço;2873;Apoio às Ações de Políticas sobre Drogas;3;Conferência Municipal de Políticas sobre Drogas de Belo Horizonte;0.25;0;6250;0;0;0;0;0;0
PDI;EIXO: PROMOÇÃO DE DIREITOS E PROTEÇÃO INTEGRAL;ASS;SUB-EIXO: ASSISTÊNCIA SOCIAL;NEX;NEX;8;Assistência Social;244;Assistência Comunitária;241;Recomeço;2873;Apoio às Ações de Políticas sobre Drogas;5;Suporte Técnico e Administrativo ao Conselho Municipal de Políticas sobre Drogas;0.25;0;3750;1226.5;1226.5;1226.5;1226.5;1226.5;1226.5
PDI;EIXO: PROMOÇÃO DE DIREITOS E PROTEÇÃO INTEGRAL;ASS;SUB-EIXO: ASSISTÊNCIA SOCIAL;NEX;NEX;8;Assistência Social;244;Assistência Comunitária;241;Recomeço;2878;Serviço de Proteção Especial de Média Complexidade;9;Centro de Referência Especializado de Assistência Social / CREAS Móvel;0.25;0;324531;3036.025;4003.8875;4982.7625;6111.025;6020.5625;6020.5625
PDI;EIXO: PROMOÇÃO DE DIREITOS E PROTEÇÃO INTEGRAL;ASS;SUB-EIXO: ASSISTÊNCIA SOCIAL;NEX;NEX;8;Assistência Social;244;Assistência Comunitária;241;Recomeço;2878;Serviço de Proteção Especial de Média Complexidade;10;Implantação do Centro de Referência Especializado de Assistência Social / CREAS Móvel;0.25;0;8200;0;0;0;0;0;0
PDI;EIXO: PROMOÇÃO DE DIREITOS E PROTEÇÃO INTEGRAL;ASS;SUB-EIXO: ASSISTÊNCIA SOCIAL;EX;EX;8;Assistência Social;306;Alimentação e Nutrição;132;Gestão da Política Municipal de Segurança Alimentar e Nutricional;2120;Gestão da Assistência Alimentar e Nutricional às Entidades;3;Gerenciamento da Assistência Alimentar e Nutricional às Creches Conveniadas - Educação Infantil;1;0;5718270;2079244.39;2691117.01;1815469.09;4435330.58;2973690.32;1993247.8
PDI;EIXO: PROMOÇÃO DE DIREITOS E PROTEÇÃO INTEGRAL;ASS;SUB-EIXO: ASSISTÊNCIA SOCIAL;EX;EX;8;Assistência Social;306;Alimentação e Nutrição;132;Gestão da Política Municipal de Segurança Alimentar e Nutricional;2120;Gestão da Assistência Alimentar e Nutricional às Entidades;4;Gerenciamento da Assistência Alimentar e Nutricional às Entidades Infanto Juvenis;1;0;800000;235457.45;387375.84;197381.82;641114.05;544676.64;299909.82
PDI;EIXO: PROMOÇÃO DE DIREITOS E PROTEÇÃO INTEGRAL;ASS;SUB-EIXO: ASSISTÊNCIA SOCIAL;NEX;NEX;8;Assistência Social;452;Serviços Urbanos;236;Direito de Todos ;2856;Execução do Programa Meio Passe Estudantil;1;Concessão do Benefício para Estudantes Municipais do Ensino Médio e EJA;0.85;0;2125000;807500;1361448.698;1361448.698;1445000;1438220.723;1438220.723
PDI;EIXO: PROMOÇÃO DE DIREITOS E PROTEÇÃO INTEGRAL;ASS;SUB-EIXO: ASSISTÊNCIA SOCIAL;EX;EX;11;Trabalho;333;Empregabilidade;236;Direito de Todos ;2331;Centro de Referência em Segurança Alimentar e Nutricional Sustentável;6;Programa Pão Escola;1;0;190800;55617.62;91361.95;80617.51;157486.88;135680.65;111611.63
PDI;EIXO: PROMOÇÃO DE DIREITOS E PROTEÇÃO INTEGRAL;ASS;SUB-EIXO: ASSISTÊNCIA SOCIAL;NEX;NEX;11;Trabalho;333;Empregabilidade;237;Qualificação, Profissionalização e Emprego;2404;Ações de Qualificação, Profissionalização e Emprego;1;Disponibilização de Vagas para o Programa Municipal de Qualificação, Emprego e Renda;0.25;0;25000;5037.5;39921;45971.5;72389.175;72389.175;72389.175
PDI;EIXO: PROMOÇÃO DE DIREITOS E PROTEÇÃO INTEGRAL;ASS;SUB-EIXO: ASSISTÊNCIA SOCIAL;NEX;NEX;11;Trabalho;334;Fomento ao Trabalho;237;Qualificação, Profissionalização e Emprego;2404;Ações de Qualificação, Profissionalização e Emprego;1;Disponibilização de Vagas para o Programa Municipal de Qualificação, Emprego e Renda;0.25;0;215207;17908.1;17908.1;4591.25;22396.85;22396.85;4591.25
PDI;EIXO: PROMOÇÃO DE DIREITOS E PROTEÇÃO INTEGRAL;ASS;SUB-EIXO: ASSISTÊNCIA SOCIAL;NEX;NEX;11;Trabalho;334;Fomento ao Trabalho;237;Qualificação, Profissionalização e Emprego;2404;Ações de Qualificação, Profissionalização e Emprego;11;Economia Solidária - Apoio aos Grupos Produtivos e Trabalhadores Autônomos;0.25;0;206126;63355.105;11939.2675;37148.4725;107223.35;51586.92;50003.555
PDI;EIXO: PROMOÇÃO DE DIREITOS E PROTEÇÃO INTEGRAL;ASS;SUB-EIXO: ASSISTÊNCIA SOCIAL;NEX;NEX;11;Trabalho;334;Fomento ao Trabalho;237;Qualificação, Profissionalização e Emprego;2404;Ações de Qualificação, Profissionalização e Emprego;12;Manutenção dos Serviços de Intermediação ao Trabalho - Atendimento ao Trabalhador nos SINES;0.25;0;884185;62753.3375;123725.1025;117172.6275;249809.525;226784.4725;216111.3125
PDI;EIXO: PROMOÇÃO DE DIREITOS E PROTEÇÃO INTEGRAL;ASS;SUB-EIXO: ASSISTÊNCIA SOCIAL;NEX;NEX;14;Direitos da Cidadania;422;Direitos Individuais, Coletivos e Difusos;236;Direito de Todos ;2819;Apoio à Promoção das Políticas da Juventude;1;Apoio à Promoção das Políticas da Juventude;0.25;0;157849;18811.56;18825.375;19423.1275;37720.055;35507.555;31259.0875
PDI;EIXO: PROMOÇÃO DE DIREITOS E PROTEÇÃO INTEGRAL;ASS;SUB-EIXO: ASSISTÊNCIA SOCIAL;NEX;NEX;14;Direitos da Cidadania;422;Direitos Individuais, Coletivos e Difusos;236;Direito de Todos ;2819;Apoio à Promoção das Políticas da Juventude;3;Conferência Municipal da Juventude;0.25;0;22500;23750;2340;0;23750;2340;0
PDI;EIXO: PROMOÇÃO DE DIREITOS E PROTEÇÃO INTEGRAL;ASS;SUB-EIXO: ASSISTÊNCIA SOCIAL;NEX;NEX;14;Direitos da Cidadania;422;Direitos Individuais, Coletivos e Difusos;236;Direito de Todos ;2819;Apoio à Promoção das Políticas da Juventude;4;Realização de Fóruns da Juventude;0.25;0;2500;0;0;0;0;0;0
PDI;EIXO: PROMOÇÃO DE DIREITOS E PROTEÇÃO INTEGRAL;ASS;SUB-EIXO: ASSISTÊNCIA SOCIAL;NEX;NEX;14;Direitos da Cidadania;422;Direitos Individuais, Coletivos e Difusos;236;Direito de Todos ;2819;Apoio à Promoção das Políticas da Juventude;5;Requalificação do Viaduto Santa Tereza;0.25;0;2500;0;0;0;0;0;0
PDI;EIXO: PROMOÇÃO DE DIREITOS E PROTEÇÃO INTEGRAL;ASS;SUB-EIXO: ASSISTÊNCIA SOCIAL;NEX;NEX;14;Direitos da Cidadania;422;Direitos Individuais, Coletivos e Difusos;236;Direito de Todos ;2819;Apoio à Promoção das Políticas da Juventude;6;Operacionalização do Centro de Referência da Juventude;0.25;0;75000;5261.92;5035.1275;5035.1275;5261.92;5035.1275;5035.1275
PDI;EIXO: PROMOÇÃO DE DIREITOS E PROTEÇÃO INTEGRAL;ASS;SUB-EIXO: ASSISTÊNCIA SOCIAL;NEX;NEX;14;Direitos da Cidadania;422;Direitos Individuais, Coletivos e Difusos;241;Recomeço;2873;Apoio às Ações de Políticas sobre Drogas;1;Apoio as Ações de Políticas sobre Drogas;0.25;0;122625;0;0;0;0;0;0
PDI;EIXO: PROMOÇÃO DE DIREITOS E PROTEÇÃO INTEGRAL;ASS;SUB-EIXO: ASSISTÊNCIA SOCIAL;NEX;NEX;19;Ciência e Tecnologia;126;Tecnologia da Informação;85;Gestão da Política de Tecnologia da Informação e Comunicação;2604;Centro de Recondicionamento de Computadores;1;Manutenção dos Centros de Inclusão Digital;0.25;0;1056285;158160.6475;166030.9825;163975.37;339844.985;326710.725;291305.4975
PDI;EIXO: PROMOÇÃO DE DIREITOS E PROTEÇÃO INTEGRAL;ASS;SUB-EIXO: ASSISTÊNCIA SOCIAL;NEX;NEX;19;Ciência e Tecnologia;126;Tecnologia da Informação;85;Gestão da Política de Tecnologia da Informação e Comunicação;2604;Centro de Recondicionamento de Computadores;2;Recondicionamento de Computadores;0.25;0;7750;0;0;0;0;0;0
PDI;EIXO: PROMOÇÃO DE DIREITOS E PROTEÇÃO INTEGRAL;ASS;SUB-EIXO: ASSISTÊNCIA SOCIAL;NEX;NEX;19;Ciência e Tecnologia;126;Tecnologia da Informação;85;Gestão da Política de Tecnologia da Informação e Comunicação;2604;Centro de Recondicionamento de Computadores;3;Qualificação em TIC - Tecnologia da Informação e Comunicação;0.25;0;117750;0;0;0;0;0;0
PDI;EIXO: PROMOÇÃO DE DIREITOS E PROTEÇÃO INTEGRAL;ASS;SUB-EIXO: ASSISTÊNCIA SOCIAL;NEX;NEX;19;Ciência e Tecnologia;572;Desenvolvimento Tecnológico e Engenharia;85;Gestão da Política de Tecnologia da Informação e Comunicação;2602;Gerenciamento, Implantação e Atendimento de Serviços na RMI;1;Melhoria dos Processos de Suporte e Entrega a Serviços de TIC;0.25;0;1542757;361998.6825;392085.3325;340707.135;1199578.453;981090.6425;852276.3575
PDI;EIXO: PROMOÇÃO DE DIREITOS E PROTEÇÃO INTEGRAL;ASS;SUB-EIXO: ASSISTÊNCIA SOCIAL;NEX;NEX;19;Ciência e Tecnologia;572;Desenvolvimento Tecnológico e Engenharia;85;Gestão da Política de Tecnologia da Informação e Comunicação;2602;Gerenciamento, Implantação e Atendimento de Serviços na RMI;2;Adequação do Datacenter às Demandas de Serviços de TIC da PBH;0.25;0;5620598;1690209.578;1639491.935;1625092.368;3293195.048;3215929.235;2801104.565
PDI;EIXO: PROMOÇÃO DE DIREITOS E PROTEÇÃO INTEGRAL;ASS;SUB-EIXO: ASSISTÊNCIA SOCIAL;NEX;NEX;19;Ciência e Tecnologia;572;Desenvolvimento Tecnológico e Engenharia;85;Gestão da Política de Tecnologia da Informação e Comunicação;2603;Implantação de Soluções e Modernização de Sistemas ;4;Estruturação de Ambientes para Desenvolvimento de Software;0.25;0;7121381;2162208.865;2197717.615;2107541.035;4355870.035;4264007.428;3662370.128
PDI;EIXO: PROMOÇÃO DE DIREITOS E PROTEÇÃO INTEGRAL;ASS;SUB-EIXO: ASSISTÊNCIA SOCIAL;NEX;NEX;19;Ciência e Tecnologia;572;Desenvolvimento Tecnológico e Engenharia;85;Gestão da Política de Tecnologia da Informação e Comunicação;2603;Implantação de Soluções e Modernização de Sistemas ;6;Melhoria do Processo de Implantação de Sistemas;0.25;0;2500;0;0;0;0;0;0
PDI;EIXO: PROMOÇÃO DE DIREITOS E PROTEÇÃO INTEGRAL;ASS;SUB-EIXO: ASSISTÊNCIA SOCIAL;NEX;NEX;19;Ciência e Tecnologia;572;Desenvolvimento Tecnológico e Engenharia;221;BH Digital;1373;Gestão do Plano Diretor de Informática;5;Internet Banda Larga Disponibilizada em Áreas de Vilas e Favelas ;0.25;0;2819029;1184271.83;0;0;1184271.83;0;0
PDI;EIXO: PROMOÇÃO DE DIREITOS E PROTEÇÃO INTEGRAL;ASS;SUB-EIXO: ASSISTÊNCIA SOCIAL;NEX;NEX;19;Ciência e Tecnologia;572;Desenvolvimento Tecnológico e Engenharia;221;BH Digital;1373;Gestão do Plano Diretor de Informática;7;"Disponibilização de Sinal de Internet em Bairros da Cidade através do Programa ""Uma Praça em cada Bairro""";0.25;0;73545;0;0;0;0;0;0
PDI;EIXO: PROMOÇÃO DE DIREITOS E PROTEÇÃO INTEGRAL;ASS;SUB-EIXO: ASSISTÊNCIA SOCIAL;NEX;NEX;19;Ciência e Tecnologia;572;Desenvolvimento Tecnológico e Engenharia;221;BH Digital;1373;Gestão do Plano Diretor de Informática;8;Implantação do Programa Saber em Primeiro Lugar - Atração de Voluntários nos Telecentros;0.25;0;17062;0;0;0;0;0;0
PDI;EIXO: PROMOÇÃO DE DIREITOS E PROTEÇÃO INTEGRAL;DCI;SUB-EIXO: DIREITOS DA CIDADANIA;NEX;NEX;14;Direitos da Cidadania;422;Direitos Individuais, Coletivos e Difusos;127;Promoção e Defesa de Direitos Humanos e Cidadania ;2334;Gestão Compartilhada e Participação Social;1;Coordenação e Participação em Fóruns Governamentais e GTs;0.25;0;500;0;0;0;0;0;0
PDI;EIXO: PROMOÇÃO DE DIREITOS E PROTEÇÃO INTEGRAL;DCI;SUB-EIXO: DIREITOS DA CIDADANIA;NEX;NEX;14;Direitos da Cidadania;422;Direitos Individuais, Coletivos e Difusos;127;Promoção e Defesa de Direitos Humanos e Cidadania ;2334;Gestão Compartilhada e Participação Social;2;Apoio aos Conselhos Municipais;0.25;0;25500;0;0;0;0;0;0
PDI;EIXO: PROMOÇÃO DE DIREITOS E PROTEÇÃO INTEGRAL;DCI;SUB-EIXO: DIREITOS DA CIDADANIA;NEX;NEX;14;Direitos da Cidadania;422;Direitos Individuais, Coletivos e Difusos;127;Promoção e Defesa de Direitos Humanos e Cidadania ;2334;Gestão Compartilhada e Participação Social;3;Realização de Conferências;0.25;0;12250;2559.75;2559.75;2559.75;2559.75;2559.75;2559.75
PDI;EIXO: PROMOÇÃO DE DIREITOS E PROTEÇÃO INTEGRAL;DCI;SUB-EIXO: DIREITOS DA CIDADANIA;NEX;NEX;14;Direitos da Cidadania;422;Direitos Individuais, Coletivos e Difusos;127;Promoção e Defesa de Direitos Humanos e Cidadania ;2334;Gestão Compartilhada e Participação Social;13;Implantação do Observatório de Direitos Humanos de Belo Horizonte;0.25;0;500;0;0;0;0;0;0
PDI;EIXO: PROMOÇÃO DE DIREITOS E PROTEÇÃO INTEGRAL;DCI;SUB-EIXO: DIREITOS DA CIDADANIA;NEX;NEX;14;Direitos da Cidadania;422;Direitos Individuais, Coletivos e Difusos;127;Promoção e Defesa de Direitos Humanos e Cidadania ;2335;Educação Política em Direitos Humanos e Cidadania;1;Sensibilização de Agentes Públicos e Sociedade Civil;0.25;0;49000;11140.605;18609.58;11231.3825;33733.605;26097.17;18718.9725
PDI;EIXO: PROMOÇÃO DE DIREITOS E PROTEÇÃO INTEGRAL;DCI;SUB-EIXO: DIREITOS DA CIDADANIA;NEX;NEX;14;Direitos da Cidadania;422;Direitos Individuais, Coletivos e Difusos;127;Promoção e Defesa de Direitos Humanos e Cidadania ;2335;Educação Política em Direitos Humanos e Cidadania;2;Orientação em Direitos Humanos;0.25;0;31750;14058.585;19749.715;19749.715;19749.715;19749.715;19749.715
PDI;EIXO: PROMOÇÃO DE DIREITOS E PROTEÇÃO INTEGRAL;DCI;SUB-EIXO: DIREITOS DA CIDADANIA;NEX;NEX;14;Direitos da Cidadania;422;Direitos Individuais, Coletivos e Difusos;127;Promoção e Defesa de Direitos Humanos e Cidadania ;2335;Educação Política em Direitos Humanos e Cidadania;3;Realização de Atividade de Orientação à Agentes Públicos para Melhor Atendimento ao Cidadão;0.25;0;3750;0;0;0;0;0;0
PDI;EIXO: PROMOÇÃO DE DIREITOS E PROTEÇÃO INTEGRAL;DCI;SUB-EIXO: DIREITOS DA CIDADANIA;NEX;NEX;14;Direitos da Cidadania;422;Direitos Individuais, Coletivos e Difusos;127;Promoção e Defesa de Direitos Humanos e Cidadania ;2900;Serviços Administrativos e Financeiros;1;Serviços Administrativos e Financeiros ;0.25;0;2097450;644073.25;655763.84;652114.225;1285941.02;1264498.613;1116291.378
PDI;EIXO: PROMOÇÃO DE DIREITOS E PROTEÇÃO INTEGRAL;DCI;SUB-EIXO: DIREITOS DA CIDADANIA;EX;EX;14;Direitos da Cidadania;422;Direitos Individuais, Coletivos e Difusos;163;Promoção e Proteção às Crianças e Adolescentes e suas Famílias ;2884;Programa BH: Crianças e Adolescentes Protegidos;1;Capacitação da Rede de Atenção à Criança e ao Adolescente, Sociedade Civil, Fóruns e Afins;1;0;426000;0;0;0;0;0;0
PDI;EIXO: PROMOÇÃO DE DIREITOS E PROTEÇÃO INTEGRAL;DCI;SUB-EIXO: DIREITOS DA CIDADANIA;EX;EX;14;Direitos da Cidadania;422;Direitos Individuais, Coletivos e Difusos;163;Promoção e Proteção às Crianças e Adolescentes e suas Famílias ;2884;Programa BH: Crianças e Adolescentes Protegidos;3;Realização de Eventos e Campanhas para Mobilização Social e Informação;1;0;15000;0;0;0;0;0;0
PDI;EIXO: PROMOÇÃO DE DIREITOS E PROTEÇÃO INTEGRAL;DCI;SUB-EIXO: DIREITOS DA CIDADANIA;EX;EX;14;Direitos da Cidadania;422;Direitos Individuais, Coletivos e Difusos;163;Promoção e Proteção às Crianças e Adolescentes e suas Famílias ;2884;Programa BH: Crianças e Adolescentes Protegidos;6;Reestruturação e Aperfeiçoamento do Programa de Enfrentamento ao Abuso e Exploração Sexual;1;0;9000;0;0;0;0;0;0
PDI;EIXO: PROMOÇÃO DE DIREITOS E PROTEÇÃO INTEGRAL;DCI;SUB-EIXO: DIREITOS DA CIDADANIA;NEX;NEX;14;Direitos da Cidadania;422;Direitos Individuais, Coletivos e Difusos;236;Direito de Todos ;2333;Promoção de Ações Afirmativas dos Movimentos Sociais;8;Ações Afirmativas BH Cidadã: Sem Homofobia;0.25;0;10000;9480;9480;1180;9480;9480;1180
PDI;EIXO: PROMOÇÃO DE DIREITOS E PROTEÇÃO INTEGRAL;DCI;SUB-EIXO: DIREITOS DA CIDADANIA;NEX;NEX;14;Direitos da Cidadania;422;Direitos Individuais, Coletivos e Difusos;236;Direito de Todos ;2333;Promoção de Ações Afirmativas dos Movimentos Sociais;11;Realização de Diagnósticos sobre a Realidade das Comunidades Indígenas e Quilombolas da Cidade;0.25;0;75000;0;0;0;0;0;0
PDI;EIXO: PROMOÇÃO DE DIREITOS E PROTEÇÃO INTEGRAL;DCI;SUB-EIXO: DIREITOS DA CIDADANIA;NEX;NEX;14;Direitos da Cidadania;422;Direitos Individuais, Coletivos e Difusos;236;Direito de Todos ;2335;Educação Política em Direitos Humanos e Cidadania;4;Orientação a Grupos Étnicos e Comunidades Raciais;0.25;0;5000;0;0;0;0;0;0
PDI;EIXO: PROMOÇÃO DE DIREITOS E PROTEÇÃO INTEGRAL;DCI;SUB-EIXO: DIREITOS DA CIDADANIA;NEX;NEX;14;Direitos da Cidadania;422;Direitos Individuais, Coletivos e Difusos;236;Direito de Todos ;2345;Atendimento e Orientação Psicossocial e Jurídico ;5;Atendimento Psicossocial e Jurídico à População LGBT;0.25;0;14000;0;0;0;0;0;0
PDI;EIXO: PROMOÇÃO DE DIREITOS E PROTEÇÃO INTEGRAL;DCI;SUB-EIXO: DIREITOS DA CIDADANIA;NEX;NEX;14;Direitos da Cidadania;422;Direitos Individuais, Coletivos e Difusos;236;Direito de Todos ;2345;Atendimento e Orientação Psicossocial e Jurídico ;7;Atendimento psicossocial e jurídico à mulher em situação de violência de gênero - Benvinda;0.25;0;23250;212.7825;329.6625;317.1875;995.2325;620.2325;607.7575
PDI;EIXO: PROMOÇÃO DE DIREITOS E PROTEÇÃO INTEGRAL;DCI;SUB-EIXO: DIREITOS DA CIDADANIA;NEX;NEX;14;Direitos da Cidadania;422;Direitos Individuais, Coletivos e Difusos;236;Direito de Todos ;2345;Atendimento e Orientação Psicossocial e Jurídico ;8;Acolhimento, qualificação e capacitação da mulher vitima de violência- Centro de opoio à Mulher BENVIDA;0.25;0;25000;0;0;0;0;0;0
PDI;EIXO: PROMOÇÃO DE DIREITOS E PROTEÇÃO INTEGRAL;DCI;SUB-EIXO: DIREITOS DA CIDADANIA;NEX;NEX;14;Direitos da Cidadania;422;Direitos Individuais, Coletivos e Difusos;237;Qualificação, Profissionalização e Emprego;2404;Ações de Qualificação, Profissionalização e Emprego;1;Disponibilização de Vagas para o Programa Municipal de Qualificação, Emprego e Renda;0.25;0;250;0;0;0;0;0;0
PDI;EIXO: PROMOÇÃO DE DIREITOS E PROTEÇÃO INTEGRAL;DCI;SUB-EIXO: DIREITOS DA CIDADANIA;NEX;NEX;14;Direitos da Cidadania;422;Direitos Individuais, Coletivos e Difusos;237;Qualificação, Profissionalização e Emprego;2404;Ações de Qualificação, Profissionalização e Emprego;19;Modernização e Ampliação dos Laboratórios da Escola Raimunda da Silva Soares;0.25;0;216500;50069.5725;63118.745;62500.96;146598.365;125931.73;112092.17
PVS;EIXO: PROMOVENDO VIDAS SAUDAVEIS;HAB;SUB-EIXO: HABITAÇÃO;NEX;NEX;16;Habitação;482;Habitação Urbana;64;Geração e Qualificação Habitacional em Áreas de Interesse Social;1207;Produção de Moradias;1;Diversos Programas Habitacionais - Obras;0.25;0;1251000;0;0;0;0;0;0
PVS;EIXO: PROMOVENDO VIDAS SAUDAVEIS;HAB;SUB-EIXO: HABITAÇÃO;NEX;NEX;16;Habitação;482;Habitação Urbana;64;Geração e Qualificação Habitacional em Áreas de Interesse Social;1207;Produção de Moradias;2;Acompanhamento Social de Famílias;0.25;0;432188;0;0;0;0;0;0
PVS;EIXO: PROMOVENDO VIDAS SAUDAVEIS;HAB;SUB-EIXO: HABITAÇÃO;NEX;NEX;16;Habitação;482;Habitação Urbana;64;Geração e Qualificação Habitacional em Áreas de Interesse Social;1207;Produção de Moradias;8;Gestão da Política Municipal de Habitação-PMH e Participação Popular;0.25;0;1370083;21473.545;21473.545;21473.545;21473.545;21473.545;21473.545
PVS;EIXO: PROMOVENDO VIDAS SAUDAVEIS;HAB;SUB-EIXO: HABITAÇÃO;NEX;NEX;16;Habitação;482;Habitação Urbana;64;Geração e Qualificação Habitacional em Áreas de Interesse Social;1207;Produção de Moradias;10;Intervenções Especiais em Conjuntos Habitacionais;0.25;0;181726;4766.6375;4766.6375;4766.6375;4766.6375;4766.6375;4766.6375
PVS;EIXO: PROMOVENDO VIDAS SAUDAVEIS;HAB;SUB-EIXO: HABITAÇÃO;NEX;NEX;16;Habitação;482;Habitação Urbana;64;Geração e Qualificação Habitacional em Áreas de Interesse Social;1231;Melhorias Urbanas em Assentamentos Precários;1;Consultorias e Apoio a Serviços Especiais;0.25;0;1743190;119475;156755.2425;154576.635;459665.2175;382111.9475;342860.705
PVS;EIXO: PROMOVENDO VIDAS SAUDAVEIS;HAB;SUB-EIXO: HABITAÇÃO;NEX;NEX;16;Habitação;482;Habitação Urbana;64;Geração e Qualificação Habitacional em Áreas de Interesse Social;1231;Melhorias Urbanas em Assentamentos Precários;3;Outras Intervenções em Assentamentos Precários;0.25;0;1500;16119.395;0;0;16119.395;0;0
PVS;EIXO: PROMOVENDO VIDAS SAUDAVEIS;HAB;SUB-EIXO: HABITAÇÃO;NEX;NEX;16;Habitação;482;Habitação Urbana;64;Geração e Qualificação Habitacional em Áreas de Interesse Social;1231;Melhorias Urbanas em Assentamentos Precários;8;Ações Sociais em Assentamentos Precários;0.25;0;40518;30754.1325;30754.1325;24121.41;30754.1325;30754.1325;24121.41
PVS;EIXO: PROMOVENDO VIDAS SAUDAVEIS;HAB;SUB-EIXO: HABITAÇÃO;NEX;NEX;16;Habitação;482;Habitação Urbana;64;Geração e Qualificação Habitacional em Áreas de Interesse Social;1231;Melhorias Urbanas em Assentamentos Precários;25;Reassentamento/Indenizações;0.25;0;568729;24488.3375;24488.3375;24488.3375;24488.3375;24488.3375;24488.3375
PVS;EIXO: PROMOVENDO VIDAS SAUDAVEIS;HAB;SUB-EIXO: HABITAÇÃO;NEX;NEX;16;Habitação;482;Habitação Urbana;64;Geração e Qualificação Habitacional em Áreas de Interesse Social;1231;Melhorias Urbanas em Assentamentos Precários;27;Reassentamento/Indenizações - OP;0.25;0;268487;0;0;0;0;0;0
PVS;EIXO: PROMOVENDO VIDAS SAUDAVEIS;HAB;SUB-EIXO: HABITAÇÃO;NEX;NEX;16;Habitação;482;Habitação Urbana;64;Geração e Qualificação Habitacional em Áreas de Interesse Social;2792;Programa Bolsa Moradia;1;Programa Bolsa Moradia;0.25;0;1832837;363250;217000;217000;539250;389375;389375
PVS;EIXO: PROMOVENDO VIDAS SAUDAVEIS;HAB;SUB-EIXO: HABITAÇÃO;NEX;NEX;16;Habitação;482;Habitação Urbana;64;Geração e Qualificação Habitacional em Áreas de Interesse Social;2792;Programa Bolsa Moradia;2;Programa Bolsa Moradia - Risco;0.25;0;593450;397875;241187.5;241187.5;637875;461730.75;461730.75
PVS;EIXO: PROMOVENDO VIDAS SAUDAVEIS;HAB;SUB-EIXO: HABITAÇÃO;NEX;NEX;16;Habitação;482;Habitação Urbana;64;Geração e Qualificação Habitacional em Áreas de Interesse Social;2792;Programa Bolsa Moradia;3;Programa Bolsa Moradia - Obras Vila Viva;0.25;0;2004329;704454.25;433500;433500;1088204.25;789625;789625
PVS;EIXO: PROMOVENDO VIDAS SAUDAVEIS;HAB;SUB-EIXO: HABITAÇÃO;NEX;NEX;16;Habitação;482;Habitação Urbana;64;Geração e Qualificação Habitacional em Áreas de Interesse Social;2792;Programa Bolsa Moradia;5;Programa Bolsa Moradia - Implantação do Corta Caminho;0.25;0;142160;26625;10250;10250;37875;17625;17625
PVS;EIXO: PROMOVENDO VIDAS SAUDAVEIS;HAB;SUB-EIXO: HABITAÇÃO;NEX;NEX;16;Habitação;482;Habitação Urbana;209;Implantação do Corta Caminho ;1330;Implantação do Corta Caminho;1;Ações Sociais;0.25;0;750;9779.975;9779.975;9779.975;9779.975;9779.975;9779.975
PVS;EIXO: PROMOVENDO VIDAS SAUDAVEIS;HAB;SUB-EIXO: HABITAÇÃO;NEX;NEX;16;Habitação;482;Habitação Urbana;209;Implantação do Corta Caminho ;1330;Implantação do Corta Caminho;3;Via 710 - Reassentamento/Indenizações;0.25;0;403183;104720.565;104720.565;83298.1375;111899.555;111899.555;90477.1275
PVS;EIXO: PROMOVENDO VIDAS SAUDAVEIS;HAB;SUB-EIXO: HABITAÇÃO;NEX;NEX;16;Habitação;482;Habitação Urbana;209;Implantação do Corta Caminho ;1330;Implantação do Corta Caminho;6;Consultoria e Serviços Técnicos;0.25;0;22750;0;0;0;0;0;0
PVS;EIXO: PROMOVENDO VIDAS SAUDAVEIS;HAB;SUB-EIXO: HABITAÇÃO;NEX;NEX;16;Habitação;482;Habitação Urbana;209;Implantação do Corta Caminho ;1330;Implantação do Corta Caminho;8;Revitalização Anel Rodoviário - Recuperação Assentamentos Precários;0.25;0;1000;0;0;0;0;0;0
PVS;EIXO: PROMOVENDO VIDAS SAUDAVEIS;HAB;SUB-EIXO: HABITAÇÃO;NEX;NEX;16;Habitação;482;Habitação Urbana;211;Prioridade ao Transporte Coletivo ;1272;Implantação de Novos Terminais Rodoviários;5;Ações Sociais;0.25;0;6750;9236.035;9236.035;9236.035;9236.035;9236.035;9236.035
PVS;EIXO: PROMOVENDO VIDAS SAUDAVEIS;HAB;SUB-EIXO: HABITAÇÃO;NEX;NEX;16;Habitação;482;Habitação Urbana;211;Prioridade ao Transporte Coletivo ;1272;Implantação de Novos Terminais Rodoviários;6;Reassentamentos / Indenizações / Demolições;0.25;0;5000;0;0;0;0;0;0
PVS;EIXO: PROMOVENDO VIDAS SAUDAVEIS;HAB;SUB-EIXO: HABITAÇÃO;NEX;NEX;16;Habitação;482;Habitação Urbana;225;Vila Viva;1231;Melhorias Urbanas em Assentamentos Precários;1;Consultorias e Apoio a Serviços Especiais;0.25;0;12279542;3736920.94;3728409.208;3726493.563;7352161.4;6568312.14;5743043.59
PVS;EIXO: PROMOVENDO VIDAS SAUDAVEIS;HAB;SUB-EIXO: HABITAÇÃO;NEX;NEX;16;Habitação;482;Habitação Urbana;225;Vila Viva;1231;Melhorias Urbanas em Assentamentos Precários;3;Outras Intervenções em Assentamentos Precários;0.25;0;750750;225666.5625;225666.5625;118174.64;225666.5625;225666.5625;118174.64
PVS;EIXO: PROMOVENDO VIDAS SAUDAVEIS;HAB;SUB-EIXO: HABITAÇÃO;NEX;NEX;16;Habitação;482;Habitação Urbana;225;Vila Viva;1231;Melhorias Urbanas em Assentamentos Precários;4;Orçamento Participativo - Empreendimento;0.25;0;6195117;767292.045;877787.2525;864636.515;1132088.678;1107092.765;1093942.028
PVS;EIXO: PROMOVENDO VIDAS SAUDAVEIS;HAB;SUB-EIXO: HABITAÇÃO;NEX;NEX;16;Habitação;482;Habitação Urbana;225;Vila Viva;1231;Melhorias Urbanas em Assentamentos Precários;5;Planos Globais Específicos;0.25;0;287669;157806.7325;157806.7325;71158.8175;157806.7325;157806.7325;71158.8175
PVS;EIXO: PROMOVENDO VIDAS SAUDAVEIS;HAB;SUB-EIXO: HABITAÇÃO;NEX;NEX;16;Habitação;482;Habitação Urbana;225;Vila Viva;1231;Melhorias Urbanas em Assentamentos Precários;6;Apoio Técnico a Projeto ou Obra;0.25;0;169000;24547.065;24547.065;24547.065;24547.065;24547.065;24547.065
PVS;EIXO: PROMOVENDO VIDAS SAUDAVEIS;HAB;SUB-EIXO: HABITAÇÃO;NEX;NEX;16;Habitação;482;Habitação Urbana;225;Vila Viva;1231;Melhorias Urbanas em Assentamentos Precários;7;Plano de Regularização Urbanística;0.25;0;450290;166931.0925;166931.0925;39524.7875;166931.0925;166931.0925;39524.7875
PVS;EIXO: PROMOVENDO VIDAS SAUDAVEIS;HAB;SUB-EIXO: HABITAÇÃO;NEX;NEX;16;Habitação;482;Habitação Urbana;225;Vila Viva;1231;Melhorias Urbanas em Assentamentos Precários;8;Ações Sociais em Assentamentos Precários;0.25;0;1270686;466652.62;462033.3675;357550.8875;469552.62;462033.3675;357550.8875
PVS;EIXO: PROMOVENDO VIDAS SAUDAVEIS;HAB;SUB-EIXO: HABITAÇÃO;NEX;NEX;16;Habitação;482;Habitação Urbana;225;Vila Viva;1231;Melhorias Urbanas em Assentamentos Precários;9;Implantação do Vila Viva - Morro das Pedras;0.25;0;1930723;96486.8125;96486.8125;9207.5;96486.8125;96486.8125;9207.5
PVS;EIXO: PROMOVENDO VIDAS SAUDAVEIS;HAB;SUB-EIXO: HABITAÇÃO;NEX;NEX;16;Habitação;482;Habitação Urbana;225;Vila Viva;1231;Melhorias Urbanas em Assentamentos Precários;10;Implantação do Vila Viva - Taquaril;0.25;0;6010059;2186931.565;2166126.86;2840006.43;2952315.718;2907333.195;2907333.195
PVS;EIXO: PROMOVENDO VIDAS SAUDAVEIS;HAB;SUB-EIXO: HABITAÇÃO;NEX;NEX;16;Habitação;482;Habitação Urbana;225;Vila Viva;1231;Melhorias Urbanas em Assentamentos Precários;11;Implantação do Vila Viva - Califórnia;0.25;0;67500;0;0;0;0;0;0
PVS;EIXO: PROMOVENDO VIDAS SAUDAVEIS;HAB;SUB-EIXO: HABITAÇÃO;NEX;NEX;16;Habitação;482;Habitação Urbana;225;Vila Viva;1231;Melhorias Urbanas em Assentamentos Precários;13;Implantação do Vila Viva - Vila Pedreira Prado Lopes;0.25;0;1272064;424858.2675;424850.7675;506097.685;829858.2675;800848.1625;800848.1625
PVS;EIXO: PROMOVENDO VIDAS SAUDAVEIS;HAB;SUB-EIXO: HABITAÇÃO;NEX;NEX;16;Habitação;482;Habitação Urbana;225;Vila Viva;1231;Melhorias Urbanas em Assentamentos Precários;14;Implantação do Vila Viva - Vila Cemig/Alto das Antenas;0.25;0;923967;784989.475;851580.9;795362.0675;951239.475;951239.475;895020.6425
PVS;EIXO: PROMOVENDO VIDAS SAUDAVEIS;HAB;SUB-EIXO: HABITAÇÃO;NEX;NEX;16;Habitação;482;Habitação Urbana;225;Vila Viva;1231;Melhorias Urbanas em Assentamentos Precários;15;Implantação do Vila Viva - Aglomerado Aeroporto/São Tomaz;0.25;0;2948689;0;0;0;0;0;0
PVS;EIXO: PROMOVENDO VIDAS SAUDAVEIS;HAB;SUB-EIXO: HABITAÇÃO;NEX;NEX;16;Habitação;482;Habitação Urbana;225;Vila Viva;1231;Melhorias Urbanas em Assentamentos Precários;18;Implantação do Vila Viva - Aglomerado da Serra;0.25;0;943791;1111522.163;1111497.163;753508.5575;1111522.163;1111497.163;753508.5575
PVS;EIXO: PROMOVENDO VIDAS SAUDAVEIS;HAB;SUB-EIXO: HABITAÇÃO;NEX;NEX;16;Habitação;482;Habitação Urbana;225;Vila Viva;1231;Melhorias Urbanas em Assentamentos Precários;19;Implantação do Vila Viva - Aglomerado Santa Lúcia;0.25;0;9309301;2641954.74;2637504.688;2333149.01;2641954.74;2637504.688;2333149.01
PVS;EIXO: PROMOVENDO VIDAS SAUDAVEIS;HAB;SUB-EIXO: HABITAÇÃO;NEX;NEX;16;Habitação;482;Habitação Urbana;225;Vila Viva;1231;Melhorias Urbanas em Assentamentos Precários;20;Regularização de Domícílios;0.25;0;779123;1091.895;1091.895;1091.895;1091.895;1091.895;1091.895
PVS;EIXO: PROMOVENDO VIDAS SAUDAVEIS;HAB;SUB-EIXO: HABITAÇÃO;NEX;NEX;16;Habitação;482;Habitação Urbana;225;Vila Viva;1231;Melhorias Urbanas em Assentamentos Precários;22;Eliminação das Situações de Risco Muito Alto e Alto;0.25;0;8933170;1262571.323;1499070.123;1337265.425;1904938.578;1843791.978;1620077.773
PVS;EIXO: PROMOVENDO VIDAS SAUDAVEIS;HAB;SUB-EIXO: HABITAÇÃO;NEX;NEX;16;Habitação;482;Habitação Urbana;225;Vila Viva;1231;Melhorias Urbanas em Assentamentos Precários;23;Obras de Manutenção em Assentamentos Precários;0.25;0;2250000;0;0;0;0;0;0
PVS;EIXO: PROMOVENDO VIDAS SAUDAVEIS;HAB;SUB-EIXO: HABITAÇÃO;NEX;NEX;16;Habitação;482;Habitação Urbana;225;Vila Viva;1231;Melhorias Urbanas em Assentamentos Precários;25;Reassentamento/Indenizações;0.25;0;718613;11877.1375;11877.1375;11877.1375;11877.1375;11877.1375;11877.1375
PVS;EIXO: PROMOVENDO VIDAS SAUDAVEIS;HAB;SUB-EIXO: HABITAÇÃO;NEX;NEX;16;Habitação;482;Habitação Urbana;225;Vila Viva;1231;Melhorias Urbanas em Assentamentos Precários;26;Reassentamento/Indenizações - Programa Vila Viva;0.25;0;2913904;316883.775;545607.7875;446270.705;574732.9875;572518.2;473181.1175
PVS;EIXO: PROMOVENDO VIDAS SAUDAVEIS;HAB;SUB-EIXO: HABITAÇÃO;NEX;NEX;16;Habitação;482;Habitação Urbana;225;Vila Viva;1231;Melhorias Urbanas em Assentamentos Precários;27;Reassentamento/Indenizações - OP;0.25;0;555226;62288.55;62288.55;72139.67;107558.7875;107558.7875;107558.7875
PVS;EIXO: PROMOVENDO VIDAS SAUDAVEIS;HAB;SUB-EIXO: HABITAÇÃO;NEX;NEX;16;Habitação;482;Habitação Urbana;225;Vila Viva;1231;Melhorias Urbanas em Assentamentos Precários;29;Obras de Produção de Moradias da Av. Santa Terezinha;0.25;0;482707;0;0;0;0;0;0
PVS;EIXO: PROMOVENDO VIDAS SAUDAVEIS;HAB;SUB-EIXO: HABITAÇÃO;NEX;NEX;16;Habitação;482;Habitação Urbana;226;Habitação ;1207;Produção de Moradias;3;Produção de Moradias do Programa Minha Casa Minha Vida;0.25;0;18187386;255000;128741.095;127826.78;271250;141866.095;140951.78
PVS;EIXO: PROMOVENDO VIDAS SAUDAVEIS;HAB;SUB-EIXO: HABITAÇÃO;NEX;NEX;16;Habitação;482;Habitação Urbana;226;Habitação ;1207;Produção de Moradias;7;Acompanhamento Social de Famílias do Programa Minha Casa Minha Vida;0.25;0;790965;0;0;0;0;0;0
PVS;EIXO: PROMOVENDO VIDAS SAUDAVEIS;HAB;SUB-EIXO: HABITAÇÃO;NEX;NEX;16;Habitação;482;Habitação Urbana;226;Habitação ;1207;Produção de Moradias;8;Gestão da Política Municipal de Habitação-PMH e Participação Popular;0.25;0;375338;78773.4225;78773.4225;30932.5975;78773.4225;78773.4225;30932.5975
PVS;EIXO: PROMOVENDO VIDAS SAUDAVEIS;HAB;SUB-EIXO: HABITAÇÃO;NEX;NEX;16;Habitação;482;Habitação Urbana;226;Habitação ;1207;Produção de Moradias;11;Regularização de Moradias implantadas pela PBH no período de 1993 a 2012;0.25;0;1500;297.1025;297.1025;297.1025;8172.99;8172.99;8172.99
PVS;EIXO: PROMOVENDO VIDAS SAUDAVEIS;HAB;SUB-EIXO: HABITAÇÃO;NEX;NEX;16;Habitação;482;Habitação Urbana;226;Habitação ;1207;Produção de Moradias;13;Produção de Moradias do Programa Minha Casa Minha Vida - ENTIDADES;0.25;0;250;0;0;0;0;0;0
PVS;EIXO: PROMOVENDO VIDAS SAUDAVEIS;HAB;SUB-EIXO: HABITAÇÃO;NEX;NEX;16;Habitação;482;Habitação Urbana;226;Habitação ;1207;Produção de Moradias;18; Reassentamento/Indenizações;0.25;0;423000;0;0;0;0;0;0
PVS;EIXO: PROMOVENDO VIDAS SAUDAVEIS;HAB;SUB-EIXO: HABITAÇÃO;NEX;NEX;16;Habitação;482;Habitação Urbana;234;BH Cidadania  e o SUAS - Sistema Único de Assistência Social ;1231;Melhorias Urbanas em Assentamentos Precários;1;Consultorias e Apoio a Serviços Especiais;0.25;0;4250;0;0;0;0;0;0
PVS;EIXO: PROMOVENDO VIDAS SAUDAVEIS;HAB;SUB-EIXO: HABITAÇÃO;NEX;NEX;16;Habitação;482;Habitação Urbana;234;BH Cidadania  e o SUAS - Sistema Único de Assistência Social ;1231;Melhorias Urbanas em Assentamentos Precários;32;Projetos e Obras de Melhorias Habitacionais;0.25;0;224656;0;0;0;0;0;0
PVS;EIXO: PROMOVENDO VIDAS SAUDAVEIS;HAB;SUB-EIXO: HABITAÇÃO;NEX;NEX;16;Habitação;482;Habitação Urbana;234;BH Cidadania  e o SUAS - Sistema Único de Assistência Social ;1231;Melhorias Urbanas em Assentamentos Precários;34;"Atendimento ampliado kit de acessibilidade ""kit Idoso"" às famílias de pessoas com deficiência ";0.25;0;250000;0;0;0;0;0;0
PVS;EIXO: PROMOVENDO VIDAS SAUDAVEIS;SAN;SUB-EIXO: SANEAMENTO;NEX;NEX;17;Saneamento;512;Saneamento Básico Urbano;46;Operacionalização e Modernização da Limpeza Pública;2537;Tratamento e Destinação de Resíduos Sólidos;1;Serviços de Operação de Áreas de Manejo, de Remoção e Destinação de Resíduos de Construção Civil;0.25;0;1171710;1518262.133;1401483.648;1401483.648;2832251.868;2715473.383;2715473.383
PVS;EIXO: PROMOVENDO VIDAS SAUDAVEIS;SAN;SUB-EIXO: SANEAMENTO;NEX;NEX;17;Saneamento;512;Saneamento Básico Urbano;46;Operacionalização e Modernização da Limpeza Pública;2537;Tratamento e Destinação de Resíduos Sólidos;2;Reestruturação da Infraestrutura para Triagem de Materiais Recicláveis;0.25;0;150000;0;0;0;0;0;0
PVS;EIXO: PROMOVENDO VIDAS SAUDAVEIS;SAN;SUB-EIXO: SANEAMENTO;NEX;NEX;17;Saneamento;512;Saneamento Básico Urbano;46;Operacionalização e Modernização da Limpeza Pública;2537;Tratamento e Destinação de Resíduos Sólidos;3;Transbordo de Resíduos Sólidos;0.25;0;1272641;395131.5;430601.9825;329719.445;805876.0975;695134.1925;594251.655
PVS;EIXO: PROMOVENDO VIDAS SAUDAVEIS;SAN;SUB-EIXO: SANEAMENTO;NEX;NEX;17;Saneamento;512;Saneamento Básico Urbano;46;Operacionalização e Modernização da Limpeza Pública;2537;Tratamento e Destinação de Resíduos Sólidos;11;Aterragem de Resíduos Sólidos;0.25;0;8566419;2741376.25;2780686.13;2780686.13;5672459.25;4746193.71;4746193.71
PVS;EIXO: PROMOVENDO VIDAS SAUDAVEIS;SAN;SUB-EIXO: SANEAMENTO;NEX;NEX;17;Saneamento;512;Saneamento Básico Urbano;46;Operacionalização e Modernização da Limpeza Pública;2539;Execução dos Serviços de Limpeza Urbana;3;Limpeza de Áreas Públicas Decorrentes de Grandes Eventos;0.25;0;701881;169172;169179.3375;63667.5175;419493.6325;374183.47;268671.65
PVS;EIXO: PROMOVENDO VIDAS SAUDAVEIS;SAN;SUB-EIXO: SANEAMENTO;NEX;NEX;17;Saneamento;512;Saneamento Básico Urbano;46;Operacionalização e Modernização da Limpeza Pública;2539;Execução dos Serviços de Limpeza Urbana;4;Cobertura dos Serviços de Limpeza de Vias em Áreas Urbanas;0.25;0;23145580;7494208.043;8399616.765;5193292.075;14852449.59;13921261.13;10714936.44
PVS;EIXO: PROMOVENDO VIDAS SAUDAVEIS;SAN;SUB-EIXO: SANEAMENTO;NEX;NEX;17;Saneamento;512;Saneamento Básico Urbano;46;Operacionalização e Modernização da Limpeza Pública;2539;Execução dos Serviços de Limpeza Urbana;5;Gerenciamento da Central de Tratamento de Resíduos Sólidos;0.25;0;2428755;488193.195;523650.0175;400609.3975;1076428.695;849319.5375;726278.9175
PVS;EIXO: PROMOVENDO VIDAS SAUDAVEIS;SAN;SUB-EIXO: SANEAMENTO;NEX;NEX;17;Saneamento;512;Saneamento Básico Urbano;46;Operacionalização e Modernização da Limpeza Pública;2539;Execução dos Serviços de Limpeza Urbana;7;Execução de Serviços de Limpeza Urbana - Multitarefa;0.25;0;8123817;1359595.388;1702592.313;1308704.695;3671827.045;2916330.9;2522443.283
PVS;EIXO: PROMOVENDO VIDAS SAUDAVEIS;SAN;SUB-EIXO: SANEAMENTO;NEX;NEX;17;Saneamento;512;Saneamento Básico Urbano;46;Operacionalização e Modernização da Limpeza Pública;2900;Serviços Administrativos e Financeiros;1;Serviços Administrativos e Financeiros ;0.25;0;32748562;9060149.683;7914887.695;7629586.628;18409438.86;16600386.19;16291525.07
PVS;EIXO: PROMOVENDO VIDAS SAUDAVEIS;SAN;SUB-EIXO: SANEAMENTO;NEX;NEX;17;Saneamento;512;Saneamento Básico Urbano;46;Operacionalização e Modernização da Limpeza Pública;2900;Serviços Administrativos e Financeiros;2;Implantação do Sistema de Gerenciamento de Resíduos Sólidos - PMAT IV;0.25;0;125000;0;0;0;0;0;0
PVS;EIXO: PROMOVENDO VIDAS SAUDAVEIS;SAN;SUB-EIXO: SANEAMENTO;NEX;NEX;17;Saneamento;512;Saneamento Básico Urbano;66;Saneamento e Tratamento de Fundos de Vale;1203;Drenagem e Tratamento de Fundos de Vale;1;Drenagem e Tratamento de Fundos de Vale;0.25;0;12096689;1314100.753;1071331.223;562496.405;1638350.828;1305036.118;666968.09
PVS;EIXO: PROMOVENDO VIDAS SAUDAVEIS;SAN;SUB-EIXO: SANEAMENTO;NEX;NEX;17;Saneamento;512;Saneamento Básico Urbano;66;Saneamento e Tratamento de Fundos de Vale;1203;Drenagem e Tratamento de Fundos de Vale;9;Projetos, Consultoria e apoio a serviços especiais;0.25;0;57420;0;0;0;0;0;0
PVS;EIXO: PROMOVENDO VIDAS SAUDAVEIS;SAN;SUB-EIXO: SANEAMENTO;NEX;NEX;17;Saneamento;512;Saneamento Básico Urbano;225;Vila Viva;1203;Drenagem e Tratamento de Fundos de Vale;2;Av. Santa Terezinha;0.25;0;11910;0;0;0;0;0;0
PVS;EIXO: PROMOVENDO VIDAS SAUDAVEIS;SAN;SUB-EIXO: SANEAMENTO;NEX;NEX;17;Saneamento;512;Saneamento Básico Urbano;225;Vila Viva;1231;Melhorias Urbanas em Assentamentos Precários;16;Implantação do Vila Viva - Complexo Várzea da Palma;0.25;0;1170553;3533157.93;2529501.308;2135507.898;5266024.043;3963567.178;3460240.68
PVS;EIXO: PROMOVENDO VIDAS SAUDAVEIS;SAN;SUB-EIXO: SANEAMENTO;NEX;NEX;17;Saneamento;512;Saneamento Básico Urbano;228;Coleta, Destinação e Tratamento de Resíduos Sólidos ;2538;Execução dos Serviços de Coleta de Resíduos;1;Coleta de Resíduos Sólidos;0.25;0;24914885;8019675.023;7807703.065;4789882.578;16115560.7;13569101.14;10551280.65
PVS;EIXO: PROMOVENDO VIDAS SAUDAVEIS;SAN;SUB-EIXO: SANEAMENTO;NEX;NEX;17;Saneamento;512;Saneamento Básico Urbano;228;Coleta, Destinação e Tratamento de Resíduos Sólidos ;2538;Execução dos Serviços de Coleta de Resíduos;2;Serviços de Coleta Seletiva na modalidade ponto a ponto;0.25;0;293083;0;0;0;0;0;0
PVS;EIXO: PROMOVENDO VIDAS SAUDAVEIS;SAN;SUB-EIXO: SANEAMENTO;NEX;NEX;17;Saneamento;512;Saneamento Básico Urbano;228;Coleta, Destinação e Tratamento de Resíduos Sólidos ;2539;Execução dos Serviços de Limpeza Urbana;2;Instalação e Manutenção de Cestos Coletores;0.25;0;410302;136807.2375;163924.7125;82951.4375;278907.1525;276560.755;195587.48
PVS;EIXO: PROMOVENDO VIDAS SAUDAVEIS;SAN;SUB-EIXO: SANEAMENTO;NEX;NEX;17;Saneamento;512;Saneamento Básico Urbano;228;Coleta, Destinação e Tratamento de Resíduos Sólidos ;2539;Execução dos Serviços de Limpeza Urbana;9;Serviço de limpeza urbana em Vilas e Favelas;0.25;0;1500000;-116656.25;0;0;306000.3675;306000.3675;306000.3675
PVS;EIXO: PROMOVENDO VIDAS SAUDAVEIS;SAN;SUB-EIXO: SANEAMENTO;NEX;NEX;17;Saneamento;512;Saneamento Básico Urbano;228;Coleta, Destinação e Tratamento de Resíduos Sólidos ;2539;Execução dos Serviços de Limpeza Urbana;10;Serviços de Limpeza de Córregos em Vilas e Favelas;0.25;0;88630;0;0;0;0;0;0
PVS;EIXO: PROMOVENDO VIDAS SAUDAVEIS;SAN;SUB-EIXO: SANEAMENTO;NEX;NEX;17;Saneamento;512;Saneamento Básico Urbano;233;Manutenção da Cidade;1203;Drenagem e Tratamento de Fundos de Vale;3;Serviços e Obras de Conteção e Manutenção em Redes de Drenagem Pluvial;0.25;0;6471457;1817636.375;1572221.738;1028992.058;2641678.798;2171833.1;1578951.635
PVS;EIXO: PROMOVENDO VIDAS SAUDAVEIS;SAN;SUB-EIXO: SANEAMENTO;NEX;NEX;17;Saneamento;512;Saneamento Básico Urbano;243;Gestão Ambiental;1203;Drenagem e Tratamento de Fundos de Vale;1;Drenagem e Tratamento de Fundos de Vale;0.25;0;148970777;4398280.388;2620465.025;2922027.035;11893123.61;9098717.415;7246329.73
PVS;EIXO: PROMOVENDO VIDAS SAUDAVEIS;SAN;SUB-EIXO: SANEAMENTO;NEX;NEX;17;Saneamento;512;Saneamento Básico Urbano;243;Gestão Ambiental;1307;Implantação do Programa DRENURBS;1;Implantação do Programa DRENURBS;0.25;0;97350;1977.1675;12309.8275;12309.8275;12309.8275;12309.8275;12309.8275
PVS;EIXO: PROMOVENDO VIDAS SAUDAVEIS;SAN;SUB-EIXO: SANEAMENTO;NEX;NEX;17;Saneamento;512;Saneamento Básico Urbano;243;Gestão Ambiental;1307;Implantação do Programa DRENURBS;2;Recuperação Ambiental do Córrego Bonsucesso;0.25;0;13541999;1181911.635;885801.095;842146.88;3603982.33;3183005.85;3134403.075
PVS;EIXO: PROMOVENDO VIDAS SAUDAVEIS;SAN;SUB-EIXO: SANEAMENTO;NEX;NEX;17;Saneamento;512;Saneamento Básico Urbano;243;Gestão Ambiental;1307;Implantação do Programa DRENURBS;3;Implantação do Drenurbs - custeios gerais;0.25;0;2500;61219.34;49300.0475;49300.0475;75844.5;63850.2425;63850.2425
PVS;EIXO: PROMOVENDO VIDAS SAUDAVEIS;SAU;SUB-EIXO: SAÚDE;NEX;NEX;10;Saúde;122;Administração Geral;30;Atendimento Ambulatorial, Emergencial e Hospitalar;2900;Serviços Administrativos e Financeiros;1;Serviços Administrativos e Financeiros ;0.25;0;8233211;2282019.87;2027320.118;1966226.345;5131568.658;3566122.625;3185728.568
PVS;EIXO: PROMOVENDO VIDAS SAUDAVEIS;SAU;SUB-EIXO: SAÚDE;NEX;NEX;10;Saúde;122;Administração Geral;114;Rede de Cuidados Especializados Complementares à Saúde;2891;Rede Própria de Cuidados Especializados Complementares à Saúde - Ambulatorial;6;Gestão de Recursos Humanos;0.25;0;26744475;8836149.085;8836149.085;8876039.268;16907867.1;16907867.1;14931101.98
PVS;EIXO: PROMOVENDO VIDAS SAUDAVEIS;SAU;SUB-EIXO: SAÚDE;NEX;NEX;10;Saúde;122;Administração Geral;117;Gestão do SUS-BH;2662;Gestão do SUS-BH;1;Modernização do Sistema de Informação em Saúde na PBH;0.25;0;1592050;254437.3225;463414.42;148738.21;608620.2325;514696.82;148738.21
PVS;EIXO: PROMOVENDO VIDAS SAUDAVEIS;SAU;SUB-EIXO: SAÚDE;NEX;NEX;10;Saúde;122;Administração Geral;117;Gestão do SUS-BH;2662;Gestão do SUS-BH;5;Incorporação de Tecnologia de Informação e Comunicação para Área de Urgência da SMSA-PMAT IV. ;0.25;0;1992300;0;0;0;0;0;0
PVS;EIXO: PROMOVENDO VIDAS SAUDAVEIS;SAU;SUB-EIXO: SAÚDE;NEX;NEX;10;Saúde;122;Administração Geral;117;Gestão do SUS-BH;2662;Gestão do SUS-BH;6;Sitema de Gestão da Regulação - PMAT IV;0.25;0;716374;81250;0;0;81250;0;0
PVS;EIXO: PROMOVENDO VIDAS SAUDAVEIS;SAU;SUB-EIXO: SAÚDE;NEX;NEX;10;Saúde;122;Administração Geral;117;Gestão do SUS-BH;2662;Gestão do SUS-BH;7;Evolução Tecnológica do SISREDE - PMAT IV.;0.25;0;3072008;1129543.113;0;0;1129543.113;0;0
PVS;EIXO: PROMOVENDO VIDAS SAUDAVEIS;SAU;SUB-EIXO: SAÚDE;NEX;NEX;10;Saúde;122;Administração Geral;117;Gestão do SUS-BH;2662;Gestão do SUS-BH;8;Coleta Móvel de Dados pelos ACS's - PMAT IV.;0.25;0;554999;0;0;0;0;0;0
PVS;EIXO: PROMOVENDO VIDAS SAUDAVEIS;SAU;SUB-EIXO: SAÚDE;NEX;NEX;10;Saúde;122;Administração Geral;117;Gestão do SUS-BH;2662;Gestão do SUS-BH;9;Infraestrutura de Tecnologia de Informação e Comunicação do Hospital Metropolitano.;0.25;0;212250;0;0;0;71125;0;0
PVS;EIXO: PROMOVENDO VIDAS SAUDAVEIS;SAU;SUB-EIXO: SAÚDE;NEX;NEX;10;Saúde;122;Administração Geral;117;Gestão do SUS-BH;2895;Suporte Logístico;3;Serviços de Apoio à Rede Própria do SUS-BH;0.25;0;26568595;10854802.04;8291125.043;5600090.323;20308845.2;13089931.02;7753651.24
PVS;EIXO: PROMOVENDO VIDAS SAUDAVEIS;SAU;SUB-EIXO: SAÚDE;NEX;NEX;10;Saúde;122;Administração Geral;117;Gestão do SUS-BH;2895;Suporte Logístico;4;Manutenção dos Equipamentos, Mobiliários e Prediais;0.25;0;2212500;52166.8375;70911.72;12681.2725;240738.38;90985.145;13285.4475
PVS;EIXO: PROMOVENDO VIDAS SAUDAVEIS;SAU;SUB-EIXO: SAÚDE;NEX;NEX;10;Saúde;122;Administração Geral;117;Gestão do SUS-BH;2895;Suporte Logístico;5;Gestão dos Recursos Humanos;0.25;0;63722837;20439122.46;20741546.17;22740582.84;48280097.25;40944952.42;38250448.92
PVS;EIXO: PROMOVENDO VIDAS SAUDAVEIS;SAU;SUB-EIXO: SAÚDE;NEX;NEX;10;Saúde;122;Administração Geral;157;Atenção Primária à Saúde (APS);2690;Saúde da Família;10;Gestão de Recursos Humanos;0.25;0;121436225;42068236.07;42068239.79;42141944.89;79565051.83;79565050.92;70264223.77
PVS;EIXO: PROMOVENDO VIDAS SAUDAVEIS;SAU;SUB-EIXO: SAÚDE;NEX;NEX;10;Saúde;122;Administração Geral;204;Gestão e Regionalização da Saúde ;1216;Construção, Ampliação e Reforma de Unidades de Saúde;1;Construção, Ampliação e Reforma de Unidades de Saúde;0.25;0;16312853;1608677.838;1274188.783;2227632.888;4862025.775;4428779.998;4307882.123
PVS;EIXO: PROMOVENDO VIDAS SAUDAVEIS;SAU;SUB-EIXO: SAÚDE;NEX;NEX;10;Saúde;122;Administração Geral;204;Gestão e Regionalização da Saúde ;2334;Gestão Compartilhada e Participação Social;2;Apoio aos Conselhos Municipais;0.25;0;203132;34022.99;32781.685;26613.2925;47022.99;36658.785;30490.3925
PVS;EIXO: PROMOVENDO VIDAS SAUDAVEIS;SAU;SUB-EIXO: SAÚDE;NEX;NEX;10;Saúde;122;Administração Geral;204;Gestão e Regionalização da Saúde ;2334;Gestão Compartilhada e Participação Social;3;Realização de Conferências;0.25;0;255750;54523.515;7797.625;991.375;54523.515;7797.625;991.375
PVS;EIXO: PROMOVENDO VIDAS SAUDAVEIS;SAU;SUB-EIXO: SAÚDE;NEX;NEX;10;Saúde;122;Administração Geral;204;Gestão e Regionalização da Saúde ;2334;Gestão Compartilhada e Participação Social;24;Capacitação de Conselheiros ;0.25;0;172500;32792.2475;0;0;32792.2475;0;0
PVS;EIXO: PROMOVENDO VIDAS SAUDAVEIS;SAU;SUB-EIXO: SAÚDE;NEX;NEX;10;Saúde;128;Formação de Recursos Humanos;30;Atendimento Ambulatorial, Emergencial e Hospitalar;2176;Gestão do Trabalho, Ensino e Pesquisa;1;Gerenciamento do Sistema de Recursos Humanos;0.25;0;5853817;716384.0025;949668.5225;948274.69;2535066.2;1939147.528;1932702.65
PVS;EIXO: PROMOVENDO VIDAS SAUDAVEIS;SAU;SUB-EIXO: SAÚDE;NEX;NEX;10;Saúde;301;Atenção Básica;157;Atenção Primária à Saúde (APS);2690;Saúde da Família;1;Atendimento da População na Atenção Primária à Saúde do SUS-BH;0.25;0;23409175;9810737.718;7161671.603;4162884.58;16013279.48;9586666.255;4865417.968
PVS;EIXO: PROMOVENDO VIDAS SAUDAVEIS;SAU;SUB-EIXO: SAÚDE;NEX;NEX;10;Saúde;301;Atenção Básica;157;Atenção Primária à Saúde (APS);2690;Saúde da Família;10;Gestão de Recursos Humanos;0.25;0;22801875;3845123.26;4065919.993;4049103.508;8908560.738;7831048.088;7006584.808
PVS;EIXO: PROMOVENDO VIDAS SAUDAVEIS;SAU;SUB-EIXO: SAÚDE;NEX;NEX;10;Saúde;301;Atenção Básica;202;Saúde da Família ;1371;Parcerias Público Privadas, Concessões e Operações Urbanas;6;Centros de Saúde/Unidades Básicas de Saúde em Funcionamento - Qualificação da infraestrutura;0.25;0;22653275;0;0;0;0;0;0
PVS;EIXO: PROMOVENDO VIDAS SAUDAVEIS;SAU;SUB-EIXO: SAÚDE;NEX;NEX;10;Saúde;302;Assistência Hospitalar e Ambulatorial;30;Atendimento Ambulatorial, Emergencial e Hospitalar;2616;Gestão da Assistência Hospitalar e Ambulatorial;1;Assistência Hospitalar e Ambulatorial;0.25;0;16177232;3278755.828;3895254.698;3807246.613;10322585.14;7844587.403;7625768.075
PVS;EIXO: PROMOVENDO VIDAS SAUDAVEIS;SAU;SUB-EIXO: SAÚDE;EX;EX;10;Saúde;302;Assistência Hospitalar e Ambulatorial;30;Atendimento Ambulatorial, Emergencial e Hospitalar;2616;Gestão da Assistência Hospitalar e Ambulatorial;2;Unidade Materno Infantil;1;0;1000;0;0;0;0;0;0
PVS;EIXO: PROMOVENDO VIDAS SAUDAVEIS;SAU;SUB-EIXO: SAÚDE;NEX;NEX;10;Saúde;302;Assistência Hospitalar e Ambulatorial;30;Atendimento Ambulatorial, Emergencial e Hospitalar;2620;Gestão Técnico-Hospitalar;1;Gestão Técnico-Hospitalar;0.25;0;8134690;1810265.6;1843050.578;1795448.85;4970673.71;3640118.005;3512035.648
PVS;EIXO: PROMOVENDO VIDAS SAUDAVEIS;SAU;SUB-EIXO: SAÚDE;NEX;NEX;10;Saúde;302;Assistência Hospitalar e Ambulatorial;30;Atendimento Ambulatorial, Emergencial e Hospitalar;2620;Gestão Técnico-Hospitalar;2;Gerenciamento da Assistência Alimentar e Nutricional;0.25;0;1161960;361634.8925;336674.9475;271145.455;769784.265;439302.9075;317179.545
PVS;EIXO: PROMOVENDO VIDAS SAUDAVEIS;SAU;SUB-EIXO: SAÚDE;NEX;NEX;10;Saúde;302;Assistência Hospitalar e Ambulatorial;30;Atendimento Ambulatorial, Emergencial e Hospitalar;2620;Gestão Técnico-Hospitalar;3;Diagnóstico por Imagem do HOB;0.25;0;1116300;255808.19;95045.91;46783.1725;367188.5225;113988.665;47577.985
PVS;EIXO: PROMOVENDO VIDAS SAUDAVEIS;SAU;SUB-EIXO: SAÚDE;NEX;NEX;10;Saúde;302;Assistência Hospitalar e Ambulatorial;30;Atendimento Ambulatorial, Emergencial e Hospitalar;2620;Gestão Técnico-Hospitalar;4;Laboratório e Hemoterapia do HOB;0.25;0;1018218;293446.685;230189.0625;123605.1975;578342.18;292569.215;127388.0975
PVS;EIXO: PROMOVENDO VIDAS SAUDAVEIS;SAU;SUB-EIXO: SAÚDE;NEX;NEX;10;Saúde;302;Assistência Hospitalar e Ambulatorial;30;Atendimento Ambulatorial, Emergencial e Hospitalar;2620;Gestão Técnico-Hospitalar;5;Assistência Farmacêutica e Materiais Especiais;0.25;0;1962597;77135.935;176741.4775;132429.0325;354933.37;301289.81;144703.435
PVS;EIXO: PROMOVENDO VIDAS SAUDAVEIS;SAU;SUB-EIXO: SAÚDE;NEX;NEX;10;Saúde;302;Assistência Hospitalar e Ambulatorial;30;Atendimento Ambulatorial, Emergencial e Hospitalar;2875;Gestão da Atenção à Urgência;1;Pronto Socorro do HOB;0.25;0;27340975;7111091.885;7655231.61;7449772.515;21634782.63;15918472.29;15410770.09
PVS;EIXO: PROMOVENDO VIDAS SAUDAVEIS;SAU;SUB-EIXO: SAÚDE;NEX;NEX;10;Saúde;302;Assistência Hospitalar e Ambulatorial;30;Atendimento Ambulatorial, Emergencial e Hospitalar;2875;Gestão da Atenção à Urgência;2;Unidade Nossa Senhora Aparecida;0.25;0;1898238;412859.31;364953.98;329851.14;875334.7625;509235.0475;373326.085
PVS;EIXO: PROMOVENDO VIDAS SAUDAVEIS;SAU;SUB-EIXO: SAÚDE;NEX;NEX;10;Saúde;302;Assistência Hospitalar e Ambulatorial;30;Atendimento Ambulatorial, Emergencial e Hospitalar;2875;Gestão da Atenção à Urgência;3;Hospital Dia;0.25;0;599158;127100.475;82472.165;64938.3725;239004.715;104499.4475;71443.66
PVS;EIXO: PROMOVENDO VIDAS SAUDAVEIS;SAU;SUB-EIXO: SAÚDE;NEX;NEX;10;Saúde;302;Assistência Hospitalar e Ambulatorial;30;Atendimento Ambulatorial, Emergencial e Hospitalar;2875;Gestão da Atenção à Urgência;4;UPA HOB;0.25;0;369500;0;0;0;0;0;0
PVS;EIXO: PROMOVENDO VIDAS SAUDAVEIS;SAU;SUB-EIXO: SAÚDE;NEX;NEX;10;Saúde;302;Assistência Hospitalar e Ambulatorial;114;Rede de Cuidados Especializados Complementares à Saúde;2891;Rede Própria de Cuidados Especializados Complementares à Saúde - Ambulatorial;1;Atendimento da População na Rede Complementar Própria do SUS-BH;0.25;0;3228425;605153.135;393695.6925;372218.9025;1014661.06;534583.2925;413124.4425
PVS;EIXO: PROMOVENDO VIDAS SAUDAVEIS;SAU;SUB-EIXO: SAÚDE;NEX;NEX;10;Saúde;302;Assistência Hospitalar e Ambulatorial;114;Rede de Cuidados Especializados Complementares à Saúde;2891;Rede Própria de Cuidados Especializados Complementares à Saúde - Ambulatorial;2;Procedimentos Ambulatoriais Processados na Rede Complementar Própria do SUS-BH;0.25;0;2500;0;0;0;0;0;0
PVS;EIXO: PROMOVENDO VIDAS SAUDAVEIS;SAU;SUB-EIXO: SAÚDE;NEX;NEX;10;Saúde;302;Assistência Hospitalar e Ambulatorial;114;Rede de Cuidados Especializados Complementares à Saúde;2891;Rede Própria de Cuidados Especializados Complementares à Saúde - Ambulatorial;9;Hospital Odilon Behrens;0.25;0;2747500;633000;1062786.368;868997.7975;1887750;1453555.008;1251045.858
PVS;EIXO: PROMOVENDO VIDAS SAUDAVEIS;SAU;SUB-EIXO: SAÚDE;NEX;NEX;10;Saúde;302;Assistência Hospitalar e Ambulatorial;114;Rede de Cuidados Especializados Complementares à Saúde;2892;Rede Contratada de Cuidados Especializados Complementares à Saúde - Ambulatorial;1;Atendimento da População na Rede Complementar Contratada do SUS-BH;0.25;0;5841375;2058959.42;1967191.013;623291.055;3189184.553;2723022.315;921631.2825
PVS;EIXO: PROMOVENDO VIDAS SAUDAVEIS;SAU;SUB-EIXO: SAÚDE;NEX;NEX;10;Saúde;302;Assistência Hospitalar e Ambulatorial;114;Rede de Cuidados Especializados Complementares à Saúde;2892;Rede Contratada de Cuidados Especializados Complementares à Saúde - Ambulatorial;2;Procedimentos Ambulatoriais Processados na Rede Complementar Contratada do SUS-BH;0.25;0;93675000;20275647.78;26811586.02;25048672.51;56674091.28;46533124.9;42357655.29
PVS;EIXO: PROMOVENDO VIDAS SAUDAVEIS;SAU;SUB-EIXO: SAÚDE;NEX;NEX;10;Saúde;302;Assistência Hospitalar e Ambulatorial;114;Rede de Cuidados Especializados Complementares à Saúde;2892;Rede Contratada de Cuidados Especializados Complementares à Saúde - Ambulatorial;3;Cirurgias Eletivas SUS-BH;0.25;0;1525000;445954.9575;603000.1825;475626.7225;1488840.458;1369173.183;771512.4425
PVS;EIXO: PROMOVENDO VIDAS SAUDAVEIS;SAU;SUB-EIXO: SAÚDE;NEX;NEX;10;Saúde;302;Assistência Hospitalar e Ambulatorial;114;Rede de Cuidados Especializados Complementares à Saúde;2893;Rede de Urgência;1;Atendimento da População na Rede de Urgência do SUS-BH;0.25;0;15764475;5989036.903;7064763.018;4431859.335;11181499.51;9479628.965;5802809.048
PVS;EIXO: PROMOVENDO VIDAS SAUDAVEIS;SAU;SUB-EIXO: SAÚDE;NEX;NEX;10;Saúde;302;Assistência Hospitalar e Ambulatorial;201;Hospital Metropolitano;1336;Construção do Hospital Metropolitano;1;Hospital Metropolitano;0.25;0;716761;0;0;0;0;0;0
PVS;EIXO: PROMOVENDO VIDAS SAUDAVEIS;SAU;SUB-EIXO: SAÚDE;NEX;NEX;10;Saúde;302;Assistência Hospitalar e Ambulatorial;201;Hospital Metropolitano;1371;Parcerias Público Privadas, Concessões e Operações Urbanas;4;Parceria Público-Privada do Hospital Metropolitano;0.25;0;12709107;3124394.048;3397827.188;2527914.443;4834703.53;4459665.17;3589752.425
PVS;EIXO: PROMOVENDO VIDAS SAUDAVEIS;SAU;SUB-EIXO: SAÚDE;NEX;NEX;10;Saúde;302;Assistência Hospitalar e Ambulatorial;201;Hospital Metropolitano;2896;Operacionalização do Hospital Metropolitano;1;Operacionalização do Hospital Metropolitano;0.25;0;17960604;1317212.255;79412.28;40875;1349402.398;91973.545;53436.265
PVS;EIXO: PROMOVENDO VIDAS SAUDAVEIS;SAU;SUB-EIXO: SAÚDE;NEX;NEX;10;Saúde;302;Assistência Hospitalar e Ambulatorial;203;Melhoria do Atendimento Hospitalar e Especializado;2894;Rede Hospitalar;1;Atendimento da População na Rede Hospitalar do SUS-BH;0.25;0;230350000;61813950;78198612.67;70107808.95;165680822.9;142647243.3;122010226.6
PVS;EIXO: PROMOVENDO VIDAS SAUDAVEIS;SAU;SUB-EIXO: SAÚDE;NEX;NEX;10;Saúde;302;Assistência Hospitalar e Ambulatorial;203;Melhoria do Atendimento Hospitalar e Especializado;2894;Rede Hospitalar;2;Cirurgias Eletivas no SUS-BH;0.25;0;11000000;3780000;4137786.483;2944698.435;9499118.145;7375099.848;5164070.12
PVS;EIXO: PROMOVENDO VIDAS SAUDAVEIS;SAU;SUB-EIXO: SAÚDE;NEX;NEX;10;Saúde;302;Assistência Hospitalar e Ambulatorial;203;Melhoria do Atendimento Hospitalar e Especializado;2894;Rede Hospitalar;3;Hospital Odilon Behrens;0.25;0;65171000;12469060;21398251.5;17599956.04;36844060;32409035.66;28602734.92
PVS;EIXO: PROMOVENDO VIDAS SAUDAVEIS;SAU;SUB-EIXO: SAÚDE;NEX;NEX;10;Saúde;303;Suporte Profilático e Terapêutico;204;Gestão e Regionalização da Saúde ;2895;Suporte Logístico;1;Assistência Farmacêutica;0.25;0;9822575;1729434.63;916759.4275;22499.5975;3187392.933;1043074.165;22621.71
PVS;EIXO: PROMOVENDO VIDAS SAUDAVEIS;SAU;SUB-EIXO: SAÚDE;NEX;NEX;10;Saúde;304;Vigilância Sanitária;28;Vigilância em Saúde;2829;Vigilância em Saúde;2;Ações de Vigilância Sanitária e Saúde do Trabalhador;0.25;0;443625;61678.685;21508.485;21281.055;66720.935;21508.485;21281.055
PVS;EIXO: PROMOVENDO VIDAS SAUDAVEIS;SAU;SUB-EIXO: SAÚDE;NEX;NEX;10;Saúde;304;Vigilância Sanitária;28;Vigilância em Saúde;2829;Vigilância em Saúde;6;Fortalecimento das ações intersetoriais para o controle da Dengue e Leishmaniose Visceral - Implantação de Equipes;0.25;0;5000;0;0;0;0;0;0
PVS;EIXO: PROMOVENDO VIDAS SAUDAVEIS;SAU;SUB-EIXO: SAÚDE;NEX;NEX;10;Saúde;304;Vigilância Sanitária;28;Vigilância em Saúde;2829;Vigilância em Saúde;7;Campanha de Prevenção de Leishmaniose em Centros de Saúde;0.25;0;5000;0;0;0;0;0;0
PVS;EIXO: PROMOVENDO VIDAS SAUDAVEIS;SAU;SUB-EIXO: SAÚDE;NEX;NEX;10;Saúde;305;Vigilância Epidemiológica;28;Vigilância em Saúde;2829;Vigilância em Saúde;1;Ações de Vigilância, Prevenção e Controle de Doenças e Agravos - Zoonozes;0.25;0;1185625;1613493.035;1150844.675;148318.67;1741359.458;1206874.573;175677.3175
PVS;EIXO: PROMOVENDO VIDAS SAUDAVEIS;SAU;SUB-EIXO: SAÚDE;NEX;NEX;10;Saúde;305;Vigilância Epidemiológica;28;Vigilância em Saúde;2829;Vigilância em Saúde;3;Ações de Vigilância Epidemiológica;0.25;0;1189625;426817.95;108806.38;147909.5625;922807.25;280385.7375;163809.9325
PVS;EIXO: PROMOVENDO VIDAS SAUDAVEIS;SAU;SUB-EIXO: SAÚDE;NEX;NEX;10;Saúde;305;Vigilância Epidemiológica;28;Vigilância em Saúde;2829;Vigilância em Saúde;5;Gestão de Recursos Humanos;0.25;0;8698600;1118041.5;1254153.105;1170905.77;3446791.5;2265724.533;2031195.593
PVS;EIXO: PROMOVENDO VIDAS SAUDAVEIS;SAU;SUB-EIXO: SAÚDE;NEX;NEX;10;Saúde;305;Vigilância Epidemiológica;28;Vigilância em Saúde;2829;Vigilância em Saúde;8;Ações de Vigilância da Dengue;0.25;0;700175;39090;15770;13545;46590;17370;13545
PVS;EIXO: PROMOVENDO VIDAS SAUDAVEIS;SAU;SUB-EIXO: SAÚDE;NEX;NEX;10;Saúde;305;Vigilância Epidemiológica;28;Vigilância em Saúde;2829;Vigilância em Saúde;9;Ações de Atenção DST e AIDS - Prevenção, Assistência e Capacitação de multiplicadores.;0.25;0;817850;289783.885;91775.9475;92206.2325;349232.995;138108.3925;123731.3925
