Relatório de Monitoramento do OCA 1º Quadrimestre 2015;;;;;;;;;;;;;;;;;;;;;;;;
classif01;desc_classif01;classif02;desc_classif02;classif03;desc_classif03;funcao;nome_funcao;subfuncao;nome_subfuncao;programa;nome_programa;projativ;nome_projativ;subitem_projativ;nome_subitem_projativ;indice_proporcionalidade;valor_credito_inicial;valor_orcado;valor_empenhado;valor_liquidado;valor_pago;valor_empenhado_acumulado;valor_liquidado_acumulado;valor_pago_acumulado
AEQ;EIXO: ACESSO À EDUCAÇÃO DE QUALIDADE;CUL;SUB-EIXO: CULTURA;NEX;NEX;13;Cultura;122;Administração Geral;146;Gestão da Política Cultural;2334;Gestão Compartilhada e Participação Social;2;Apoio aos Conselhos Municipais;0.25;0;27941;65.1;65.1;65.1;65.1;65.1;65.1
AEQ;EIXO: ACESSO À EDUCAÇÃO DE QUALIDADE;CUL;SUB-EIXO: CULTURA;NEX;NEX;13;Cultura;122;Administração Geral;146;Gestão da Política Cultural;2334;Gestão Compartilhada e Participação Social;3;Realização de Conferências;0.25;0;12500;0;0;0;0;0;0
AEQ;EIXO: ACESSO À EDUCAÇÃO DE QUALIDADE;CUL;SUB-EIXO: CULTURA;NEX;NEX;13;Cultura;122;Administração Geral;146;Gestão da Política Cultural;2334;Gestão Compartilhada e Participação Social;12;Participação em Fóruns e Grupos de Trabalho;0.25;0;2500;0;0;0;0;0;0
AEQ;EIXO: ACESSO À EDUCAÇÃO DE QUALIDADE;CUL;SUB-EIXO: CULTURA;NEX;NEX;13;Cultura;122;Administração Geral;146;Gestão da Política Cultural;2338;Gestão, Planejamento e Administração Cultural;1;Gerenciamento da Infraestrutura;0.25;0;3150422;1104451.473;785000.675;784428.425;1104451.473;785000.675;784428.425
AEQ;EIXO: ACESSO À EDUCAÇÃO DE QUALIDADE;CUL;SUB-EIXO: CULTURA;NEX;NEX;13;Cultura;122;Administração Geral;146;Gestão da Política Cultural;2338;Gestão, Planejamento e Administração Cultural;2;Participação da Fundação em Eventos Locais, Nacionais e Internacionais;0.25;0;157250;9550.3325;3599.0125;3599.0125;9550.3325;3599.0125;3599.0125
AEQ;EIXO: ACESSO À EDUCAÇÃO DE QUALIDADE;CUL;SUB-EIXO: CULTURA;NEX;NEX;13;Cultura;122;Administração Geral;146;Gestão da Política Cultural;2338;Gestão, Planejamento e Administração Cultural;3;Ações de Divulgação e Comunicação Institucional;0.25;0;240750;98750;16060.3125;6956;98750;16060.3125;6956
AEQ;EIXO: ACESSO À EDUCAÇÃO DE QUALIDADE;CUL;SUB-EIXO: CULTURA;NEX;NEX;13;Cultura;122;Administração Geral;146;Gestão da Política Cultural;2338;Gestão, Planejamento e Administração Cultural;4;Gerenciamento de Programas e Informações Culturais;0.25;0;788750;0;0;0;0;0;0
AEQ;EIXO: ACESSO À EDUCAÇÃO DE QUALIDADE;CUL;SUB-EIXO: CULTURA;NEX;NEX;13;Cultura;122;Administração Geral;146;Gestão da Política Cultural;2338;Gestão, Planejamento e Administração Cultural;5;Desenvolvimento Organizacional e Capacitação de Recursos Humanos;0.25;0;1899750;645793.94;579654.49;573708.63;645793.94;579654.49;573708.63
AEQ;EIXO: ACESSO À EDUCAÇÃO DE QUALIDADE;CUL;SUB-EIXO: CULTURA;NEX;NEX;13;Cultura;122;Administração Geral;146;Gestão da Política Cultural;2900;Serviços Administrativos e Financeiros;1;Serviços Administrativos e Financeiros ;0.25;0;2619600;1194613.413;673017.9525;653008.0725;1194613.413;673017.9525;653008.0725
AEQ;EIXO: ACESSO À EDUCAÇÃO DE QUALIDADE;CUL;SUB-EIXO: CULTURA;NEX;NEX;13;Cultura;122;Administração Geral;239;Rede BH Cultural ;2338;Gestão, Planejamento e Administração Cultural;4;Gerenciamento de Programas e Informações Culturais;0.25;0;17500;0;0;0;0;0;0
AEQ;EIXO: ACESSO À EDUCAÇÃO DE QUALIDADE;CUL;SUB-EIXO: CULTURA;NEX;NEX;13;Cultura;391;Patrimônio Histórico, Artístico e Arqueológico;155;História, Memória e Patrimônio Cultural de Belo Horizonte;2375;Identificação e Valorização do Patrimônio e das Identidades Culturais;1;Preservação do Patrimônio Cultural;0.25;0;1605000;418362.8325;413711.095;413711.095;418362.8325;413711.095;413711.095
AEQ;EIXO: ACESSO À EDUCAÇÃO DE QUALIDADE;CUL;SUB-EIXO: CULTURA;NEX;NEX;13;Cultura;391;Patrimônio Histórico, Artístico e Arqueológico;155;História, Memória e Patrimônio Cultural de Belo Horizonte;2375;Identificação e Valorização do Patrimônio e das Identidades Culturais;2;Educação Patrimonial e Preservação da Memória Coletiva;0.25;0;402000;106267.4025;83267.4025;36702.4025;106267.4025;83267.4025;36702.4025
AEQ;EIXO: ACESSO À EDUCAÇÃO DE QUALIDADE;CUL;SUB-EIXO: CULTURA;NEX;NEX;13;Cultura;391;Patrimônio Histórico, Artístico e Arqueológico;155;História, Memória e Patrimônio Cultural de Belo Horizonte;2375;Identificação e Valorização do Patrimônio e das Identidades Culturais;4;Aquisição e Desenvolvimento de Acervos;0.25;0;45000;0;0;0;0;0;0
AEQ;EIXO: ACESSO À EDUCAÇÃO DE QUALIDADE;CUL;SUB-EIXO: CULTURA;NEX;NEX;13;Cultura;391;Patrimônio Histórico, Artístico e Arqueológico;155;História, Memória e Patrimônio Cultural de Belo Horizonte;2375;Identificação e Valorização do Patrimônio e das Identidades Culturais;5;Tratamento e Preservação de Acervos;0.25;0;145000;0;0;0;0;0;0
AEQ;EIXO: ACESSO À EDUCAÇÃO DE QUALIDADE;CUL;SUB-EIXO: CULTURA;NEX;NEX;13;Cultura;391;Patrimônio Histórico, Artístico e Arqueológico;155;História, Memória e Patrimônio Cultural de Belo Horizonte;2872;Gestão do Fundo de Proteção do Patrimônio Cultural de BH;1;Preservação do Patrimônio Cultural;0.25;0;640925;0;0;0;0;0;0
AEQ;EIXO: ACESSO À EDUCAÇÃO DE QUALIDADE;CUL;SUB-EIXO: CULTURA;NEX;NEX;13;Cultura;391;Patrimônio Histórico, Artístico e Arqueológico;239;Rede BH Cultural ;1339;Requalificação dos Espaços e Serviços da Cultura;8;Implantação do CINEMIS Santa Tereza;0.25;0;57500;0;0;0;0;0;0
AEQ;EIXO: ACESSO À EDUCAÇÃO DE QUALIDADE;CUL;SUB-EIXO: CULTURA;NEX;NEX;13;Cultura;391;Patrimônio Histórico, Artístico e Arqueológico;239;Rede BH Cultural ;2375;Identificação e Valorização do Patrimônio e das Identidades Culturais;2;Educação Patrimonial e Preservação da Memória Coletiva;0.25;0;10000;25000;25000;25000;25000;25000;25000
AEQ;EIXO: ACESSO À EDUCAÇÃO DE QUALIDADE;CUL;SUB-EIXO: CULTURA;NEX;NEX;13;Cultura;391;Patrimônio Histórico, Artístico e Arqueológico;239;Rede BH Cultural ;2375;Identificação e Valorização do Patrimônio e das Identidades Culturais;10;Presépios e Folias;0.25;0;42000;0;0;0;0;0;0
AEQ;EIXO: ACESSO À EDUCAÇÃO DE QUALIDADE;CUL;SUB-EIXO: CULTURA;NEX;NEX;13;Cultura;392;Difusão Cultural;154;Fomento, Incentivo e Desenvolvimento Cultural;2369;Gestão da Lei Municipal de Incentivo à Cultura;1;Incentivos a Projetos Culturais;0.25;0;2575000;428123.8275;405905.5775;119260.6775;428123.8275;405905.5775;119260.6775
AEQ;EIXO: ACESSO À EDUCAÇÃO DE QUALIDADE;CUL;SUB-EIXO: CULTURA;NEX;NEX;13;Cultura;392;Difusão Cultural;154;Fomento, Incentivo e Desenvolvimento Cultural;2371;Fomento e Estímulo à Cultura;1;Fomento à Produção e Difusão Cultural;0.25;0;1722500;428343.2925;426613.1075;386613.1075;428343.2925;426613.1075;386613.1075
AEQ;EIXO: ACESSO À EDUCAÇÃO DE QUALIDADE;CUL;SUB-EIXO: CULTURA;NEX;NEX;13;Cultura;392;Difusão Cultural;154;Fomento, Incentivo e Desenvolvimento Cultural;2371;Fomento e Estímulo à Cultura;2;Iniciativas de Formação e Qualificação na Área Cultural;0.25;0;158500;3750;0;0;3750;0;0
AEQ;EIXO: ACESSO À EDUCAÇÃO DE QUALIDADE;CUL;SUB-EIXO: CULTURA;EX;EX;13;Cultura;392;Difusão Cultural;154;Fomento, Incentivo e Desenvolvimento Cultural;2371;Fomento e Estímulo à Cultura;3;Projeto Arena da Cultura / Escola Livre de Artes;1;0;7429680;916700.49;0;0;916700.49;0;0
AEQ;EIXO: ACESSO À EDUCAÇÃO DE QUALIDADE;CUL;SUB-EIXO: CULTURA;NEX;NEX;13;Cultura;392;Difusão Cultural;154;Fomento, Incentivo e Desenvolvimento Cultural;2371;Fomento e Estímulo à Cultura;5;Promoção de Festival, Encontro e Mostra de Arte e Cultura;0.25;0;112500;50000;50000;0;50000;50000;0
AEQ;EIXO: ACESSO À EDUCAÇÃO DE QUALIDADE;CUL;SUB-EIXO: CULTURA;NEX;NEX;13;Cultura;392;Difusão Cultural;239;Rede BH Cultural ;1215;Construção, Ampliação e Reforma de Unidades de Cultura;1;Construção, Ampliação e Reforma de Unidades de Cultura;0.25;0;2338439;133428.255;133428.255;133428.255;133428.255;133428.255;133428.255
AEQ;EIXO: ACESSO À EDUCAÇÃO DE QUALIDADE;CUL;SUB-EIXO: CULTURA;NEX;NEX;13;Cultura;392;Difusão Cultural;239;Rede BH Cultural ;1339;Requalificação dos Espaços e Serviços da Cultura;2;Implantação do Espaço Cênico Alípio de Melo;0.25;0;22500;16091.25;11591.25;0;16091.25;11591.25;0
AEQ;EIXO: ACESSO À EDUCAÇÃO DE QUALIDADE;CUL;SUB-EIXO: CULTURA;NEX;NEX;13;Cultura;392;Difusão Cultural;239;Rede BH Cultural ;1339;Requalificação dos Espaços e Serviços da Cultura;4;Implantação do Centro Cultural Bairro das Indústrias;0.25;0;15000;0;0;0;0;0;0
AEQ;EIXO: ACESSO À EDUCAÇÃO DE QUALIDADE;CUL;SUB-EIXO: CULTURA;NEX;NEX;13;Cultura;392;Difusão Cultural;239;Rede BH Cultural ;1339;Requalificação dos Espaços e Serviços da Cultura;6;Implantação do Espaço Multiuso no Parque Municipal;0.25;0;8750;0;0;0;0;0;0
AEQ;EIXO: ACESSO À EDUCAÇÃO DE QUALIDADE;CUL;SUB-EIXO: CULTURA;NEX;NEX;13;Cultura;392;Difusão Cultural;239;Rede BH Cultural ;1339;Requalificação dos Espaços e Serviços da Cultura;9;Reimplantação do Centro Cultural Liberalino Alves de Oliveira  em conjunto com a Biblioteca São Cristóvão;0.25;0;55377;0;0;0;0;0;0
AEQ;EIXO: ACESSO À EDUCAÇÃO DE QUALIDADE;CUL;SUB-EIXO: CULTURA;NEX;NEX;13;Cultura;392;Difusão Cultural;239;Rede BH Cultural ;2371;Fomento e Estímulo à Cultura;1;Fomento à Produção e Difusão Cultural;0.25;0;85500;0;0;0;0;0;0
AEQ;EIXO: ACESSO À EDUCAÇÃO DE QUALIDADE;CUL;SUB-EIXO: CULTURA;NEX;NEX;13;Cultura;392;Difusão Cultural;239;Rede BH Cultural ;2371;Fomento e Estímulo à Cultura;5;Promoção de Festival, Encontro e Mostra de Arte e Cultura;0.25;0;100000;0;0;0;0;0;0
AEQ;EIXO: ACESSO À EDUCAÇÃO DE QUALIDADE;CUL;SUB-EIXO: CULTURA;NEX;NEX;13;Cultura;392;Difusão Cultural;239;Rede BH Cultural ;2371;Fomento e Estímulo à Cultura;7;"Realização do Concurso  de Literatura  ""Cidade de Belo Horizonte """;0.25;0;50000;0;0;0;0;0;0
AEQ;EIXO: ACESSO À EDUCAÇÃO DE QUALIDADE;CUL;SUB-EIXO: CULTURA;NEX;NEX;13;Cultura;392;Difusão Cultural;239;Rede BH Cultural ;2371;Fomento e Estímulo à Cultura;12;Criação do Prêmio Escultura na Praça;0.25;0;40500;0;0;0;0;0;0
AEQ;EIXO: ACESSO À EDUCAÇÃO DE QUALIDADE;CUL;SUB-EIXO: CULTURA;NEX;NEX;13;Cultura;392;Difusão Cultural;239;Rede BH Cultural ;2371;Fomento e Estímulo à Cultura;16;Realização do Festival Internacional de Quadrinhos de BH - FIQ;0.25;0;250000;0;0;0;0;0;0
AEQ;EIXO: ACESSO À EDUCAÇÃO DE QUALIDADE;CUL;SUB-EIXO: CULTURA;NEX;NEX;13;Cultura;392;Difusão Cultural;239;Rede BH Cultural ;2371;Fomento e Estímulo à Cultura;18;Realização da Virada Cultural;0.25;0;375000;0;0;0;0;0;0
AEQ;EIXO: ACESSO À EDUCAÇÃO DE QUALIDADE;CUL;SUB-EIXO: CULTURA;NEX;NEX;13;Cultura;392;Difusão Cultural;239;Rede BH Cultural ;2371;Fomento e Estímulo à Cultura;19;Realização do  Festival de Arte Negra - FAN;0.25;0;375000;131618.5;131618.5;0;131618.5;131618.5;0
AEQ;EIXO: ACESSO À EDUCAÇÃO DE QUALIDADE;CUL;SUB-EIXO: CULTURA;NEX;NEX;13;Cultura;392;Difusão Cultural;239;Rede BH Cultural ;2371;Fomento e Estímulo à Cultura;21;Criação do Cadastro Único de Cultura;0.25;0;50000;0;0;0;0;0;0
AEQ;EIXO: ACESSO À EDUCAÇÃO DE QUALIDADE;CUL;SUB-EIXO: CULTURA;NEX;NEX;13;Cultura;392;Difusão Cultural;239;Rede BH Cultural ;2371;Fomento e Estímulo à Cultura;25;Pré-Produção do Festival Internacional de Teatro Palco e Rua de BH - FIT;0.25;0;62500;41806.75;41806.75;41806.75;41806.75;41806.75;41806.75
AEQ;EIXO: ACESSO À EDUCAÇÃO DE QUALIDADE;DLA;SUB-EIXO: DESPORTO E LAZER;EX;EX;27;Desporto e Lazer;811;Desporto de Rendimento;101;Promoção e Democratização das Práticas de Esportes e Lazer;2866;Esporte de Rendimento;4;BH Descobrindo Talentos no Futebol;1;0;576000;0;0;0;0;0;0
AEQ;EIXO: ACESSO À EDUCAÇÃO DE QUALIDADE;DLA;SUB-EIXO: DESPORTO E LAZER;NEX;"NEX";27;Desporto e Lazer;811;Desporto de Rendimento;101;Promoção e Democratização das Práticas de Esportes e Lazer;2866;Esporte de Rendimento;15;Programa Minas Olímpica Oficina de Esportes;0.25;0;12000;0;0;0;0;0;0
AEQ;EIXO: ACESSO À EDUCAÇÃO DE QUALIDADE;DLA;SUB-EIXO: DESPORTO E LAZER;NEX;"NEX";27;Desporto e Lazer;811;Desporto de Rendimento;238;Promoção do Esporte e do Lazer;2866;Esporte de Rendimento;3;Copa Centenário de Futebol Amador Wadson Lima;0.25;0;72500;0;0;0;0;0;0
AEQ;EIXO: ACESSO À EDUCAÇÃO DE QUALIDADE;DLA;SUB-EIXO: DESPORTO E LAZER;NEX;"NEX";27;Desporto e Lazer;811;Desporto de Rendimento;238;Promoção do Esporte e do Lazer;2866;Esporte de Rendimento;5;BH Descobrindo Talentos no Esporte;0.25;0;142250;0;0;0;0;0;0
AEQ;EIXO: ACESSO À EDUCAÇÃO DE QUALIDADE;DLA;SUB-EIXO: DESPORTO E LAZER;NEX;"NEX";27;Desporto e Lazer;812;Desporto Comunitário;101;Promoção e Democratização das Práticas de Esportes e Lazer;2106;Gestão da Política de Esporte e Lazer;1;Apoio a Entidades nas Ações Esportivas e de Lazer;0.25;0;55000;0;0;0;0;0;0
AEQ;EIXO: ACESSO À EDUCAÇÃO DE QUALIDADE;DLA;SUB-EIXO: DESPORTO E LAZER;NEX;"NEX";27;Desporto e Lazer;812;Desporto Comunitário;101;Promoção e Democratização das Práticas de Esportes e Lazer;2106;Gestão da Política de Esporte e Lazer;2;Patrocínio;0.25;0;25000;1750;1750;1750;1750;1750;1750
AEQ;EIXO: ACESSO À EDUCAÇÃO DE QUALIDADE;DLA;SUB-EIXO: DESPORTO E LAZER;NEX;"NEX";27;Desporto e Lazer;812;Desporto Comunitário;101;Promoção e Democratização das Práticas de Esportes e Lazer;2106;Gestão da Política de Esporte e Lazer;3;Serviços Administrativos e Financeiros;0.25;0;1920850;887811.8325;658169.1975;380501.8275;887811.8325;658169.1975;380501.8275
AEQ;EIXO: ACESSO À EDUCAÇÃO DE QUALIDADE;DLA;SUB-EIXO: DESPORTO E LAZER;NEX;"NEX";27;Desporto e Lazer;812;Desporto Comunitário;101;Promoção e Democratização das Práticas de Esportes e Lazer;2106;Gestão da Política de Esporte e Lazer;4;Centro de Memória do Esporte e do Lazer da Cidade;0.25;0;1000;0;0;0;0;0;0
AEQ;EIXO: ACESSO À EDUCAÇÃO DE QUALIDADE;DLA;SUB-EIXO: DESPORTO E LAZER;NEX;"NEX";27;Desporto e Lazer;812;Desporto Comunitário;101;Promoção e Democratização das Práticas de Esportes e Lazer;2106;Gestão da Política de Esporte e Lazer;7;Manutenção do Conselho Municipal do Esporte e Lazer;0.25;0;250;0;0;0;0;0;0
AEQ;EIXO: ACESSO À EDUCAÇÃO DE QUALIDADE;DLA;SUB-EIXO: DESPORTO E LAZER;EX;EX;27;Desporto e Lazer;812;Desporto Comunitário;101;Promoção e Democratização das Práticas de Esportes e Lazer;2531;Programas de Esporte Educacional;1;Programa Segundo Tempo;1;0;8265000;0;0;0;0;0;0
AEQ;EIXO: ACESSO À EDUCAÇÃO DE QUALIDADE;DLA;SUB-EIXO: DESPORTO E LAZER;EX;EX;27;Desporto e Lazer;812;Desporto Comunitário;101;Promoção e Democratização das Práticas de Esportes e Lazer;2531;Programas de Esporte Educacional;2;Recreio nas Férias;1;0;4000;0;0;0;0;0;0
AEQ;EIXO: ACESSO À EDUCAÇÃO DE QUALIDADE;DLA;SUB-EIXO: DESPORTO E LAZER;EX;EX;27;Desporto e Lazer;812;Desporto Comunitário;101;Promoção e Democratização das Práticas de Esportes e Lazer;2531;Programas de Esporte Educacional;4;Programa Esporte Esperança / BH Cidadania;1;0;4342000;0;0;0;0;0;0
AEQ;EIXO: ACESSO À EDUCAÇÃO DE QUALIDADE;DLA;SUB-EIXO: DESPORTO E LAZER;EX;EX;27;Desporto e Lazer;812;Desporto Comunitário;101;Promoção e Democratização das Práticas de Esportes e Lazer;2531;Programas de Esporte Educacional;12;Festival de Atletismo;1;0;68000;0;0;0;0;0;0
AEQ;EIXO: ACESSO À EDUCAÇÃO DE QUALIDADE;DLA;SUB-EIXO: DESPORTO E LAZER;NEX;"NEX";27;Desporto e Lazer;812;Desporto Comunitário;101;Promoção e Democratização das Práticas de Esportes e Lazer;2545;Promoções e Eventos Esportivos e Gestão de Áreas de Lazer;1;Promoções e Eventos Esportivos e Gestão de Áreas de Lazer;0.25;0;608575;165286.4075;164575.62;124985.11;165286.4075;164575.62;124985.11
AEQ;EIXO: ACESSO À EDUCAÇÃO DE QUALIDADE;DLA;SUB-EIXO: DESPORTO E LAZER;NEX;"NEX";27;Desporto e Lazer;812;Desporto Comunitário;101;Promoção e Democratização das Práticas de Esportes e Lazer;2757;Programas e Atividades  Esportivas;1;Programas Esportivos Sociais e Atividades de Lazer Comunitárias;0.25;0;1237425;353504.7425;353504.7425;268437.0125;353504.7425;353504.7425;268437.0125
AEQ;EIXO: ACESSO À EDUCAÇÃO DE QUALIDADE;DLA;SUB-EIXO: DESPORTO E LAZER;NEX;"NEX";27;Desporto e Lazer;812;Desporto Comunitário;238;Promoção do Esporte e do Lazer;1213;Construção, Ampliação e Reforma de Equipamentos Esportivos e Áreas de Lazer;1;Construção, Ampliação e Reforma de Equipamentos Esportivos e Áreas de Lazer;0.25;0;7079607;1349016.438;1100025.283;676981.8375;1349016.438;1100025.283;676981.8375
AEQ;EIXO: ACESSO À EDUCAÇÃO DE QUALIDADE;DLA;SUB-EIXO: DESPORTO E LAZER;EX;EX;27;Desporto e Lazer;812;Desporto Comunitário;238;Promoção do Esporte e do Lazer;2531;Programas de Esporte Educacional;6;Programa de Atletismo;1;0;707600;0;0;0;0;0;0
AEQ;EIXO: ACESSO À EDUCAÇÃO DE QUALIDADE;DLA;SUB-EIXO: DESPORTO E LAZER;EX;EX;27;Desporto e Lazer;812;Desporto Comunitário;238;Promoção do Esporte e do Lazer;2531;Programas de Esporte Educacional;7;Programa de Esporte e Lazer na Cidade;1;0;211000;0;0;0;0;0;0
AEQ;EIXO: ACESSO À EDUCAÇÃO DE QUALIDADE;DLA;SUB-EIXO: DESPORTO E LAZER;EX;EX;27;Desporto e Lazer;812;Desporto Comunitário;238;Promoção do Esporte e do Lazer;2531;Programas de Esporte Educacional;8;Programa Ginástica Ritmica;1;0;175000;0;0;0;0;0;0
AEQ;EIXO: ACESSO À EDUCAÇÃO DE QUALIDADE;DLA;SUB-EIXO: DESPORTO E LAZER;NEX;"NEX";27;Desporto e Lazer;812;Desporto Comunitário;238;Promoção do Esporte e do Lazer;2534;Implantação, Manutenção e Recuperação de Equipamentos Esportivos e Áreas de Lazer;1;Manutenção, Conservação, Pequenas Reformas e Custeio de Equipamentos Esportivos;0.25;0;1627631;741403.5625;472597.105;378475.9175;741403.5625;472597.105;378475.9175
AEQ;EIXO: ACESSO À EDUCAÇÃO DE QUALIDADE;DLA;SUB-EIXO: DESPORTO E LAZER;EX;EX;27;Desporto e Lazer;812;Desporto Comunitário;238;Promoção do Esporte e do Lazer;2536;Programa Superar;1;Superar Educacional / BH Cidadania;1;0;486000;0;0;0;0;0;0
AEQ;EIXO: ACESSO À EDUCAÇÃO DE QUALIDADE;DLA;SUB-EIXO: DESPORTO E LAZER;NEX;"NEX";27;Desporto e Lazer;812;Desporto Comunitário;238;Promoção do Esporte e do Lazer;2536;Programa Superar;5;Incentivo ao Esporte da Pessoa com Deficiência;0.25;0;250000;0;0;0;0;0;0
AEQ;EIXO: ACESSO À EDUCAÇÃO DE QUALIDADE;DLA;SUB-EIXO: DESPORTO E LAZER;NEX;"NEX";27;Desporto e Lazer;813;Lazer;101;Promoção e Democratização das Práticas de Esportes e Lazer;2869;Programas e Atividades de Lazer;1;Programas e Atividades de Lazer;0.25;0;595350;181658.6525;181658.6525;131244.7875;181658.6525;181658.6525;131244.7875
AEQ;EIXO: ACESSO À EDUCAÇÃO DE QUALIDADE;DLA;SUB-EIXO: DESPORTO E LAZER;EX;EX;27;Desporto e Lazer;813;Lazer;101;Promoção e Democratização das Práticas de Esportes e Lazer;2869;Programas e Atividades de Lazer;3;Recrear;1;0;102500;0;0;0;0;0;0
AEQ;EIXO: ACESSO À EDUCAÇÃO DE QUALIDADE;DLA;SUB-EIXO: DESPORTO E LAZER;NEX;"NEX";27;Desporto e Lazer;813;Lazer;101;Promoção e Democratização das Práticas de Esportes e Lazer;2869;Programas e Atividades de Lazer;6;Lazer Mais Saúde;0.25;0;500;0;0;0;0;0;0
AEQ;EIXO: ACESSO À EDUCAÇÃO DE QUALIDADE;DLA;SUB-EIXO: DESPORTO E LAZER;NEX;"NEX";27;Desporto e Lazer;813;Lazer;101;Promoção e Democratização das Práticas de Esportes e Lazer;2869;Programas e Atividades de Lazer;9;Caminhar Pistas;0.25;0;14000;0;0;0;0;0;0
AEQ;EIXO: ACESSO À EDUCAÇÃO DE QUALIDADE;DLA;SUB-EIXO: DESPORTO E LAZER;NEX;"NEX";27;Desporto e Lazer;813;Lazer;101;Promoção e Democratização das Práticas de Esportes e Lazer;2869;Programas e Atividades de Lazer;10;Promoção de Eventos de Lazer;0.25;0;68000;0;0;0;0;0;0
AEQ;EIXO: ACESSO À EDUCAÇÃO DE QUALIDADE;DLA;SUB-EIXO: DESPORTO E LAZER;EX;EX;27;Desporto e Lazer;813;Lazer;101;Promoção e Democratização das Práticas de Esportes e Lazer;2869;Programas e Atividades de Lazer;11;BH em Férias;1;0;52500;0;0;0;0;0;0
AEQ;EIXO: ACESSO À EDUCAÇÃO DE QUALIDADE;DLA;SUB-EIXO: DESPORTO E LAZER;NEX;"NEX";27;Desporto e Lazer;813;Lazer;238;Promoção do Esporte e do Lazer;2869;Programas e Atividades de Lazer;2;Caminhar / BH Cidadania;0.25;0;131750;0;0;0;0;0;0
AEQ;EIXO: ACESSO À EDUCAÇÃO DE QUALIDADE;DLA;SUB-EIXO: DESPORTO E LAZER;EX;EX;27;Desporto e Lazer;813;Lazer;238;Promoção do Esporte e do Lazer;2869;Programas e Atividades de Lazer;4;Caminhar na Escola;1;0;32500;0;0;0;0;0;0
AEQ;EIXO: ACESSO À EDUCAÇÃO DE QUALIDADE;DLA;SUB-EIXO: DESPORTO E LAZER;NEX;"NEX";27;Desporto e Lazer;813;Lazer;238;Promoção do Esporte e do Lazer;2869;Programas e Atividades de Lazer;5;Domingo a Rua é Nossa;0.25;0;26250;0;0;0;0;0;0
AEQ;EIXO: ACESSO À EDUCAÇÃO DE QUALIDADE;DLA;SUB-EIXO: DESPORTO E LAZER;NEX;"NEX";27;Desporto e Lazer;813;Lazer;238;Promoção do Esporte e do Lazer;2869;Programas e Atividades de Lazer;7;Vila Radical;0.25;0;1250;0;0;0;0;0;0
AEQ;EIXO: ACESSO À EDUCAÇÃO DE QUALIDADE;DLA;SUB-EIXO: DESPORTO E LAZER;EX;EX;27;Desporto e Lazer;813;Lazer;238;Promoção do Esporte e do Lazer;2869;Programas e Atividades de Lazer;8;Brincando na Vila;1;0;91000;0;0;0;0;0;0
AEQ;EIXO: ACESSO À EDUCAÇÃO DE QUALIDADE;EDU;SUB-EIXO: EDUCAÇÃO;EX;EX;4;Administração;122;Administração Geral;227;Orçamento Participativo e Gestão Compartilhada;2334;Gestão Compartilhada e Participação Social;11;Implantação do Orçamento Participativo Criança e Adolescente - OPCA nas Escolas Municipais;1;0;1000;0;0;0;0;0;0
AEQ;EIXO: ACESSO À EDUCAÇÃO DE QUALIDADE;EDU;SUB-EIXO: EDUCAÇÃO;EX;EX;8;Assistência Social;306;Alimentação e Nutrição;132;Gestão da Política Municipal de Segurança Alimentar e Nutricional;2761;Gestão da Assistência Alimentar e Nutricional à Rede Municipal de Ensino;1;Gerenciamento da Assistência Alimentar e Nutricional às Escolas de Ensino Fundamental ;1;0;7177930;2163076.9;607116.45;422046.03;2163076.9;607116.45;422046.03
AEQ;EIXO: ACESSO À EDUCAÇÃO DE QUALIDADE;EDU;SUB-EIXO: EDUCAÇÃO;EX;EX;8;Assistência Social;306;Alimentação e Nutrição;132;Gestão da Política Municipal de Segurança Alimentar e Nutricional;2761;Gestão da Assistência Alimentar e Nutricional à Rede Municipal de Ensino;2;Gerenciamento da Assistência Alimentar e Nutricional às UMEIS;1;0;9486263;2585890.6;484642.03;289156.48;2585890.6;484642.03;289156.48
AEQ;EIXO: ACESSO À EDUCAÇÃO DE QUALIDADE;EDU;SUB-EIXO: EDUCAÇÃO;EX;EX;8;Assistência Social;306;Alimentação e Nutrição;132;Gestão da Política Municipal de Segurança Alimentar e Nutricional;2761;Gestão da Assistência Alimentar e Nutricional à Rede Municipal de Ensino;3;Gerenciamento da Assistência Alimentar e Nutricional às Escolas Integradas;1;0;11082632;4157604;912176.68;673163.99;4157604;912176.68;673163.99
AEQ;EIXO: ACESSO À EDUCAÇÃO DE QUALIDADE;EDU;SUB-EIXO: EDUCAÇÃO;EX;EX;8;Assistência Social;306;Alimentação e Nutrição;132;Gestão da Política Municipal de Segurança Alimentar e Nutricional;2761;Gestão da Assistência Alimentar e Nutricional à Rede Municipal de Ensino;4;Gerenciamento da Assistência Alimentar e Nutricional aos alunos do Ensino de Jovens e Adultos - EJA;1;0;1105910;272775.1;64492.58;50992.58;272775.1;64492.58;50992.58
AEQ;EIXO: ACESSO À EDUCAÇÃO DE QUALIDADE;EDU;SUB-EIXO: EDUCAÇÃO;EX;EX;8;Assistência Social;306;Alimentação e Nutrição;132;Gestão da Política Municipal de Segurança Alimentar e Nutricional;2761;Gestão da Assistência Alimentar e Nutricional à Rede Municipal de Ensino;8;Gerenciamento da Assistência Alimentar e Nutricional às Creches Conveniadas;1;0;3560567;785876.15;83477.34;42977.34;785876.15;83477.34;42977.34
AEQ;EIXO: ACESSO À EDUCAÇÃO DE QUALIDADE;EDU;SUB-EIXO: EDUCAÇÃO;EX;EX;8;Assistência Social;306;Alimentação e Nutrição;132;Gestão da Política Municipal de Segurança Alimentar e Nutricional;2761;Gestão da Assistência Alimentar e Nutricional à Rede Municipal de Ensino;10;Gerenciamento da Assistência Alimentar e Nutricional à Rede Municipal;1;0;4307000;1539529.82;758186.75;680187.04;1539529.82;758186.75;680187.04
AEQ;EIXO: ACESSO À EDUCAÇÃO DE QUALIDADE;EDU;SUB-EIXO: EDUCAÇÃO;EX;EX;8;Assistência Social;306;Alimentação e Nutrição;207;Melhoria da Qualidade da Educação;2761;Gestão da Assistência Alimentar e Nutricional à Rede Municipal de Ensino;6;Atendimento das Demandas de Dietas Especiais;1;0;10000;0;0;0;0;0;0
AEQ;EIXO: ACESSO À EDUCAÇÃO DE QUALIDADE;EDU;SUB-EIXO: EDUCAÇÃO;NEX;NEX;8;Assistência Social;306;Alimentação e Nutrição;236;Direito de Todos ;2331;Centro de Referência em Segurança Alimentar e Nutricional Sustentável;1;Implantação do Centro Metropolitano de Referência em Segurança Alimentar e Nutricional Sustentável;0.25;0;500;195;185.25;185.25;195;185.25;185.25
AEQ;EIXO: ACESSO À EDUCAÇÃO DE QUALIDADE;EDU;SUB-EIXO: EDUCAÇÃO;NEX;NEX;8;Assistência Social;306;Alimentação e Nutrição;236;Direito de Todos ;2331;Centro de Referência em Segurança Alimentar e Nutricional Sustentável;2;Promoção da Alimentação Saudável por meio da Educação Alimentar e Nutricional;0.25;0;13000;6299.9;2513.5275;2059.425;6299.9;2513.5275;2059.425
AEQ;EIXO: ACESSO À EDUCAÇÃO DE QUALIDADE;EDU;SUB-EIXO: EDUCAÇÃO;NEX;NEX;8;Assistência Social;306;Alimentação e Nutrição;236;Direito de Todos ;2331;Centro de Referência em Segurança Alimentar e Nutricional Sustentável;3;Educação Alimentar e Nutricional com Atividades Lúdicas Educativas;0.85;0;10200;0;0;0;0;0;0
AEQ;EIXO: ACESSO À EDUCAÇÃO DE QUALIDADE;EDU;SUB-EIXO: EDUCAÇÃO;NEX;NEX;8;Assistência Social;306;Alimentação e Nutrição;236;Direito de Todos ;2331;Centro de Referência em Segurança Alimentar e Nutricional Sustentável;4;Campanhas Educativas de Mobilização Social;0.85;0;2550;0;0;0;0;0;0
AEQ;EIXO: ACESSO À EDUCAÇÃO DE QUALIDADE;EDU;SUB-EIXO: EDUCAÇÃO;EX;EX;8;Assistência Social;306;Alimentação e Nutrição;236;Direito de Todos ;2331;Centro de Referência em Segurança Alimentar e Nutricional Sustentável;5;Formação de Profissionais de Manipulação de Alimentos para a Rede Pública Conveniada e Não Conveniada;1;0;2500;219.64;0;0;219.64;0;0
AEQ;EIXO: ACESSO À EDUCAÇÃO DE QUALIDADE;EDU;SUB-EIXO: EDUCAÇÃO;EX;EX;12;Educação;122;Administração Geral;140;Gestão e Operacionalização da Política Educacional;2317;Gestão Administrativa e Pedagógica;1;Gestão Administrativa;1;0;83543777;31103186.84;23843683.48;19060160.97;31103186.84;23843683.48;19060160.97
AEQ;EIXO: ACESSO À EDUCAÇÃO DE QUALIDADE;EDU;SUB-EIXO: EDUCAÇÃO;EX;EX;12;Educação;122;Administração Geral;140;Gestão e Operacionalização da Política Educacional;2317;Gestão Administrativa e Pedagógica;2;Gestão Pedagógica;1;0;751760;0;0;0;0;0;0
AEQ;EIXO: ACESSO À EDUCAÇÃO DE QUALIDADE;EDU;SUB-EIXO: EDUCAÇÃO;EX;EX;12;Educação;122;Administração Geral;140;Gestão e Operacionalização da Política Educacional;2334;Gestão Compartilhada e Participação Social;2;Apoio aos Conselhos Municipais;1;0;65000;39.39;0;0;39.39;0;0
AEQ;EIXO: ACESSO À EDUCAÇÃO DE QUALIDADE;EDU;SUB-EIXO: EDUCAÇÃO;EX;EX;12;Educação;122;Administração Geral;140;Gestão e Operacionalização da Política Educacional;2334;Gestão Compartilhada e Participação Social;3;Realização de Conferências;1;0;10000;8577.7;5787.7;5787.7;8577.7;5787.7;5787.7
AEQ;EIXO: ACESSO À EDUCAÇÃO DE QUALIDADE;EDU;SUB-EIXO: EDUCAÇÃO;EX;EX;12;Educação;361;Ensino Fundamental;85;Gestão da Política de Tecnologia da Informação e Comunicação;2605;Evolução da Rede de Telecomunicações da PBH ;1;Serviços de Informática - Educação ;1;0;1173999;456690.23;294682.09;212624.03;456690.23;294682.09;212624.03
AEQ;EIXO: ACESSO À EDUCAÇÃO DE QUALIDADE;EDU;SUB-EIXO: EDUCAÇÃO;EX;EX;12;Educação;361;Ensino Fundamental;140;Gestão e Operacionalização da Política Educacional;2041;Formação para Profissionais da Educação;10;Formação de Professores do Ensino Fundamental em Cursos de Pós-graduação Lato Sensu e Stricto Sensu ;1;0;780000;496563.94;285625.9;285625.9;496563.94;285625.9;285625.9
AEQ;EIXO: ACESSO À EDUCAÇÃO DE QUALIDADE;EDU;SUB-EIXO: EDUCAÇÃO;EX;EX;12;Educação;361;Ensino Fundamental;140;Gestão e Operacionalização da Política Educacional;2046;Gestão Descentralizada da Educação;2;Assistência ao Educando, Conservação de Unidades Escolares do Ensino Fundamental;1;0;26964310;0;0;0;0;0;0
AEQ;EIXO: ACESSO À EDUCAÇÃO DE QUALIDADE;EDU;SUB-EIXO: EDUCAÇÃO;EX;EX;12;Educação;361;Ensino Fundamental;140;Gestão e Operacionalização da Política Educacional;2046;Gestão Descentralizada da Educação;5;PAP - Projeto de Ação Pedagógica - Ensino Fudamental;1;0;10215170;0;0;0;0;0;0
AEQ;EIXO: ACESSO À EDUCAÇÃO DE QUALIDADE;EDU;SUB-EIXO: EDUCAÇÃO;EX;EX;12;Educação;361;Ensino Fundamental;140;Gestão e Operacionalização da Política Educacional;2046;Gestão Descentralizada da Educação;10;Revitalização de Unidades Escolares do Ensino Fundamental;1;0;9079200;0;0;0;0;0;0
AEQ;EIXO: ACESSO À EDUCAÇÃO DE QUALIDADE;EDU;SUB-EIXO: EDUCAÇÃO;EX;EX;12;Educação;361;Ensino Fundamental;140;Gestão e Operacionalização da Política Educacional;2046;Gestão Descentralizada da Educação;13;Contratação de Apoio Administrativo - Ensino Fundamental;1;0;156100370;30211033;30210993;21124670.52;30211033;30210993;21124670.52
AEQ;EIXO: ACESSO À EDUCAÇÃO DE QUALIDADE;EDU;SUB-EIXO: EDUCAÇÃO;EX;EX;12;Educação;361;Ensino Fundamental;140;Gestão e Operacionalização da Política Educacional;2080;Administração do Ensino Fundamental;1;Administração do Ensino Fundamental;1;0;769657749;196846221.4;194541194;143731096.2;196846221.4;194541194;143731096.2
AEQ;EIXO: ACESSO À EDUCAÇÃO DE QUALIDADE;EDU;SUB-EIXO: EDUCAÇÃO;EX;EX;12;Educação;361;Ensino Fundamental;140;Gestão e Operacionalização da Política Educacional;2080;Administração do Ensino Fundamental;2;Pré-Conferência Municipal de Educação;1;0;45000;0;0;0;0;0;0
AEQ;EIXO: ACESSO À EDUCAÇÃO DE QUALIDADE;EDU;SUB-EIXO: EDUCAÇÃO;EX;EX;12;Educação;361;Ensino Fundamental;140;Gestão e Operacionalização da Política Educacional;2080;Administração do Ensino Fundamental;3;Cadastro Escolar;1;0;45000;0;0;0;0;0;0
AEQ;EIXO: ACESSO À EDUCAÇÃO DE QUALIDADE;EDU;SUB-EIXO: EDUCAÇÃO;EX;EX;12;Educação;361;Ensino Fundamental;140;Gestão e Operacionalização da Política Educacional;2317;Gestão Administrativa e Pedagógica;1;Gestão Administrativa;1;0;3648281;1602789.69;1602789.69;1122015.42;1602789.69;1602789.69;1122015.42
AEQ;EIXO: ACESSO À EDUCAÇÃO DE QUALIDADE;EDU;SUB-EIXO: EDUCAÇÃO;EX;EX;12;Educação;361;Ensino Fundamental;140;Gestão e Operacionalização da Política Educacional;2503;Gestão do Programa Bolsa Escola;1;Gestão do Programa Bolsa Escola;1;0;2936300;828204.9;827807.5;614775.73;828204.9;827807.5;614775.73
AEQ;EIXO: ACESSO À EDUCAÇÃO DE QUALIDADE;EDU;SUB-EIXO: EDUCAÇÃO;EX;EX;12;Educação;361;Ensino Fundamental;140;Gestão e Operacionalização da Política Educacional;2503;Gestão do Programa Bolsa Escola;2;Manutenção das Atividades do Bolsa Escola Municipal;1;0;860700;232083;84271;84271;232083;84271;84271
AEQ;EIXO: ACESSO À EDUCAÇÃO DE QUALIDADE;EDU;SUB-EIXO: EDUCAÇÃO;EX;EX;12;Educação;361;Ensino Fundamental;140;Gestão e Operacionalização da Política Educacional;2700;Operação e Manutenção da Educação;2;Fornecimento de Kits Escolares - Ensino Fundamental;1;0;29348750;10753914.39;5937167;27800;10753914.39;5937167;27800
AEQ;EIXO: ACESSO À EDUCAÇÃO DE QUALIDADE;EDU;SUB-EIXO: EDUCAÇÃO;EX;EX;12;Educação;361;Ensino Fundamental;140;Gestão e Operacionalização da Política Educacional;2700;Operação e Manutenção da Educação;10;Operação e Manutenção da Educação -  Ensino Fundamental;1;0;40133829;3071861.72;1295667.81;640033.63;3071861.72;1295667.81;640033.63
AEQ;EIXO: ACESSO À EDUCAÇÃO DE QUALIDADE;EDU;SUB-EIXO: EDUCAÇÃO;EX;EX;12;Educação;361;Ensino Fundamental;140;Gestão e Operacionalização da Política Educacional;2700;Operação e Manutenção da Educação;16;Fórum Mineiro de Educação Integrada;1;0;430000;0;0;0;0;0;0
AEQ;EIXO: ACESSO À EDUCAÇÃO DE QUALIDADE;EDU;SUB-EIXO: EDUCAÇÃO;EX;EX;12;Educação;361;Ensino Fundamental;140;Gestão e Operacionalização da Política Educacional;2885;Transporte Escolar;1;Transporte Escolar;1;0;13159182;4945270.57;2517464.68;1983139.67;4945270.57;2517464.68;1983139.67
AEQ;EIXO: ACESSO À EDUCAÇÃO DE QUALIDADE;EDU;SUB-EIXO: EDUCAÇÃO;EX;EX;12;Educação;361;Ensino Fundamental;140;Gestão e Operacionalização da Política Educacional;2886;Gestão da Melhoria da Qualidade da Educação;11;Ações Intersetoriais da Educação;1;0;9000;0;0;0;0;0;0
AEQ;EIXO: ACESSO À EDUCAÇÃO DE QUALIDADE;EDU;SUB-EIXO: EDUCAÇÃO;EX;EX;12;Educação;361;Ensino Fundamental;140;Gestão e Operacionalização da Política Educacional;2886;Gestão da Melhoria da Qualidade da Educação;13;Eventos Curriculares;1;0;742000;0;0;0;0;0;0
AEQ;EIXO: ACESSO À EDUCAÇÃO DE QUALIDADE;EDU;SUB-EIXO: EDUCAÇÃO;EX;EX;12;Educação;361;Ensino Fundamental;206;Expansão da Escola Integrada ;1211;Construção, Ampliação e Reforma de Unidades de Ensino;4;Construção, Ampliação e Reforma de Unidades de Ensino;1;0;109437340;1615424.71;1434949.25;646135.06;1615424.71;1434949.25;646135.06
AEQ;EIXO: ACESSO À EDUCAÇÃO DE QUALIDADE;EDU;SUB-EIXO: EDUCAÇÃO;EX;EX;12;Educação;361;Ensino Fundamental;206;Expansão da Escola Integrada ;2702;Gestão do Programa Escola Integrada;2;Atendimento do Programa Escola Integrada;1;0;35472080;36.36;0;0;36.36;0;0
AEQ;EIXO: ACESSO À EDUCAÇÃO DE QUALIDADE;EDU;SUB-EIXO: EDUCAÇÃO;EX;EX;12;Educação;361;Ensino Fundamental;206;Expansão da Escola Integrada ;2702;Gestão do Programa Escola Integrada;3;Publicações de Cadernos sobre o Programa;1;0;6000;0;0;0;0;0;0
AEQ;EIXO: ACESSO À EDUCAÇÃO DE QUALIDADE;EDU;SUB-EIXO: EDUCAÇÃO;EX;EX;12;Educação;361;Ensino Fundamental;206;Expansão da Escola Integrada ;2702;Gestão do Programa Escola Integrada;4;Manutenção de Convênios com Instituições - Ensino Fundamental;1;0;7493271;1824800;1448800;1446400;1824800;1448800;1446400
AEQ;EIXO: ACESSO À EDUCAÇÃO DE QUALIDADE;EDU;SUB-EIXO: EDUCAÇÃO;EX;EX;12;Educação;361;Ensino Fundamental;206;Expansão da Escola Integrada ;2702;Gestão do Programa Escola Integrada;5;Programa Escola Aberta - Ampliação do Atendimento ;1;0;7238361;0;0;0;0;0;0
AEQ;EIXO: ACESSO À EDUCAÇÃO DE QUALIDADE;EDU;SUB-EIXO: EDUCAÇÃO;EX;EX;12;Educação;361;Ensino Fundamental;206;Expansão da Escola Integrada ;2702;Gestão do Programa Escola Integrada;6;Programa Escola nas Férias;1;0;3009000;0;0;0;0;0;0
AEQ;EIXO: ACESSO À EDUCAÇÃO DE QUALIDADE;EDU;SUB-EIXO: EDUCAÇÃO;EX;EX;12;Educação;361;Ensino Fundamental;206;Expansão da Escola Integrada ;2702;Gestão do Programa Escola Integrada;7;Consolidação e Ampliação de Parcerias;1;0;19292000;0;0;0;0;0;0
AEQ;EIXO: ACESSO À EDUCAÇÃO DE QUALIDADE;EDU;SUB-EIXO: EDUCAÇÃO;EX;EX;12;Educação;361;Ensino Fundamental;206;Expansão da Escola Integrada ;2702;Gestão do Programa Escola Integrada;12;Projeto BH para Crianças;1;0;2538251;1197255.13;598624.98;598624.98;1197255.13;598624.98;598624.98
AEQ;EIXO: ACESSO À EDUCAÇÃO DE QUALIDADE;EDU;SUB-EIXO: EDUCAÇÃO;EX;EX;12;Educação;361;Ensino Fundamental;206;Expansão da Escola Integrada ;2702;Gestão do Programa Escola Integrada;14;Disponibilização de Vagas para o Ensino de Música em Escolas de Música;1;0;4000000;1800790.5;590830.5;429586.5;1800790.5;590830.5;429586.5
AEQ;EIXO: ACESSO À EDUCAÇÃO DE QUALIDADE;EDU;SUB-EIXO: EDUCAÇÃO;EX;EX;12;Educação;361;Ensino Fundamental;206;Expansão da Escola Integrada ;2702;Gestão do Programa Escola Integrada;16;Coordenação de rede Física de Ensino Fundamental;1;0;1000;0;0;0;0;0;0
AEQ;EIXO: ACESSO À EDUCAÇÃO DE QUALIDADE;EDU;SUB-EIXO: EDUCAÇÃO;EX;EX;12;Educação;361;Ensino Fundamental;206;Expansão da Escola Integrada ;2858;Expansão de Unidades Municipais de Educação - Parceria Público-Privada;2;Expansão de Unidades Municipais de Ensino Fundamental - Parceria Público-Privada;1;0;10084400;12906728.8;9670236.35;9670236.35;12906728.8;9670236.35;9670236.35
AEQ;EIXO: ACESSO À EDUCAÇÃO DE QUALIDADE;EDU;SUB-EIXO: EDUCAÇÃO;EX;EX;12;Educação;361;Ensino Fundamental;207;Melhoria da Qualidade da Educação;2041;Formação para Profissionais da Educação;3;Formação dos Professores do Ensino Fundamental em Cursos/Oficinas Específicas para Alfabetização e Matemática;1;0;850000;1651.39;1612;1612;1651.39;1612;1612
AEQ;EIXO: ACESSO À EDUCAÇÃO DE QUALIDADE;EDU;SUB-EIXO: EDUCAÇÃO;EX;EX;12;Educação;361;Ensino Fundamental;207;Melhoria da Qualidade da Educação;2705;Mobilização da Comunidade Escolar;1;Formação e Mobilização da Comunidade Escolar;1;0;91000;36.36;0;0;36.36;0;0
AEQ;EIXO: ACESSO À EDUCAÇÃO DE QUALIDADE;EDU;SUB-EIXO: EDUCAÇÃO;EX;EX;12;Educação;361;Ensino Fundamental;207;Melhoria da Qualidade da Educação;2705;Mobilização da Comunidade Escolar;2;Realização do Fórum Família Escola;1;0;142000;0;0;0;0;0;0
AEQ;EIXO: ACESSO À EDUCAÇÃO DE QUALIDADE;EDU;SUB-EIXO: EDUCAÇÃO;EX;EX;12;Educação;361;Ensino Fundamental;207;Melhoria da Qualidade da Educação;2705;Mobilização da Comunidade Escolar;4;Publicação de Jornal Família Escola do Ensino Fundamental;1;0;126000;0;0;0;0;0;0
AEQ;EIXO: ACESSO À EDUCAÇÃO DE QUALIDADE;EDU;SUB-EIXO: EDUCAÇÃO;EX;EX;12;Educação;361;Ensino Fundamental;207;Melhoria da Qualidade da Educação;2705;Mobilização da Comunidade Escolar;5;Ações Educativas  Preventivas da Obesidade;1;0;500000;0;0;0;0;0;0
AEQ;EIXO: ACESSO À EDUCAÇÃO DE QUALIDADE;EDU;SUB-EIXO: EDUCAÇÃO;EX;EX;12;Educação;361;Ensino Fundamental;207;Melhoria da Qualidade da Educação;2706;Melhoria da Aprendizagem e Avaliação de Desempenho Escolar;3;Avaliação de Aprendizagem dos Alunos - Avalia BH e Avalia EJA;1;0;2771070;0;0;0;0;0;0
AEQ;EIXO: ACESSO À EDUCAÇÃO DE QUALIDADE;EDU;SUB-EIXO: EDUCAÇÃO;EX;EX;12;Educação;361;Ensino Fundamental;207;Melhoria da Qualidade da Educação;2706;Melhoria da Aprendizagem e Avaliação de Desempenho Escolar;5;Realização de Concursos e Prêmios;1;0;301000;0;0;0;0;0;0
AEQ;EIXO: ACESSO À EDUCAÇÃO DE QUALIDADE;EDU;SUB-EIXO: EDUCAÇÃO;EX;EX;12;Educação;361;Ensino Fundamental;207;Melhoria da Qualidade da Educação;2706;Melhoria da Aprendizagem e Avaliação de Desempenho Escolar;6;Ação de incentivo à Educação Especializada complementar para Garantia da Aprendizagem da Pessoa com Deficiência;1;0;500000;0;0;0;0;0;0
AEQ;EIXO: ACESSO À EDUCAÇÃO DE QUALIDADE;EDU;SUB-EIXO: EDUCAÇÃO;EX;EX;12;Educação;361;Ensino Fundamental;207;Melhoria da Qualidade da Educação;2886;Gestão da Melhoria da Qualidade da Educação;1;Projeto Trajetórias Adolescentes;1;0;200000;0;0;0;0;0;0
AEQ;EIXO: ACESSO À EDUCAÇÃO DE QUALIDADE;EDU;SUB-EIXO: EDUCAÇÃO;EX;EX;12;Educação;361;Ensino Fundamental;207;Melhoria da Qualidade da Educação;2886;Gestão da Melhoria da Qualidade da Educação;3;Elaboração do Plano Municipal de Educação;1;0;29085;0;0;0;0;0;0
AEQ;EIXO: ACESSO À EDUCAÇÃO DE QUALIDADE;EDU;SUB-EIXO: EDUCAÇÃO;EX;EX;12;Educação;361;Ensino Fundamental;207;Melhoria da Qualidade da Educação;2886;Gestão da Melhoria da Qualidade da Educação;4;Implantação do Observatório do Clima Escolar;1;0;190000;0;0;0;0;0;0
AEQ;EIXO: ACESSO À EDUCAÇÃO DE QUALIDADE;EDU;SUB-EIXO: EDUCAÇÃO;EX;EX;12;Educação;361;Ensino Fundamental;207;Melhoria da Qualidade da Educação;2886;Gestão da Melhoria da Qualidade da Educação;5;Implementação da Política de Alfabetização;1;0;50000;0;0;0;0;0;0
AEQ;EIXO: ACESSO À EDUCAÇÃO DE QUALIDADE;EDU;SUB-EIXO: EDUCAÇÃO;EX;EX;12;Educação;361;Ensino Fundamental;207;Melhoria da Qualidade da Educação;2886;Gestão da Melhoria da Qualidade da Educação;7;Implementação do Projeto Arte na Escola;1;0;199999;0;0;0;0;0;0
AEQ;EIXO: ACESSO À EDUCAÇÃO DE QUALIDADE;EDU;SUB-EIXO: EDUCAÇÃO;EX;EX;12;Educação;361;Ensino Fundamental;207;Melhoria da Qualidade da Educação;2886;Gestão da Melhoria da Qualidade da Educação;8;"Publicação da Revista ""Pensar Educação""";1;0;5000;0;0;0;0;0;0
AEQ;EIXO: ACESSO À EDUCAÇÃO DE QUALIDADE;EDU;SUB-EIXO: EDUCAÇÃO;EX;EX;12;Educação;361;Ensino Fundamental;207;Melhoria da Qualidade da Educação;2886;Gestão da Melhoria da Qualidade da Educação;10;Cidades Educadoras;1;0;7000;0;0;0;0;0;0
AEQ;EIXO: ACESSO À EDUCAÇÃO DE QUALIDADE;EDU;SUB-EIXO: EDUCAÇÃO;EX;EX;12;Educação;361;Ensino Fundamental;233;Manutenção da Cidade;1211;Construção, Ampliação e Reforma de Unidades de Ensino;3;Construção, Ampliação e Reforma de Unidades de Ensino;1;0;8936109;1137693.72;1026128.44;1026128.44;1137693.72;1026128.44;1026128.44
AEQ;EIXO: ACESSO À EDUCAÇÃO DE QUALIDADE;EDU;SUB-EIXO: EDUCAÇÃO;EX;EX;12;Educação;361;Ensino Fundamental;236;Direito de Todos ;2041;Formação para Profissionais da Educação;6;Qualificar Professores em História Indígena e Afro-brasileira;1;0;42000;0;0;0;0;0;0
AEQ;EIXO: ACESSO À EDUCAÇÃO DE QUALIDADE;EDU;SUB-EIXO: EDUCAÇÃO;EX;EX;12;Educação;361;Ensino Fundamental;236;Direito de Todos ;2041;Formação para Profissionais da Educação;8;Formação de professores no projeto Educação para a Diversidade;1;0;12100;0;0;0;0;0;0
AEQ;EIXO: ACESSO À EDUCAÇÃO DE QUALIDADE;EDU;SUB-EIXO: EDUCAÇÃO;EX;EX;12;Educação;361;Ensino Fundamental;236;Direito de Todos ;2386;Programa Municipal de Igualdade Racial;1;Atividades do Grupo de Promoção de Igualdade Racial na SMED;1;0;40000;0;0;0;0;0;0
AEQ;EIXO: ACESSO À EDUCAÇÃO DE QUALIDADE;EDU;SUB-EIXO: EDUCAÇÃO;EX;EX;12;Educação;361;Ensino Fundamental;237;Qualificação, Profissionalização e Emprego;2404;Ações de Qualificação, Profissionalização e Emprego;13;Disponibilização de Vagas para o Programa Municipal de Qualificação - EDUCAÇÃO;1;0;1062000;0;0;0;0;0;0
AEQ;EIXO: ACESSO À EDUCAÇÃO DE QUALIDADE;EDU;SUB-EIXO: EDUCAÇÃO;EX;EX;12;Educação;361;Ensino Fundamental;237;Qualificação, Profissionalização e Emprego;2702;Gestão do Programa Escola Integrada;10;Formação de Educadores do Programa;1;0;50000;0;0;0;0;0;0
AEQ;EIXO: ACESSO À EDUCAÇÃO DE QUALIDADE;EDU;SUB-EIXO: EDUCAÇÃO;EX;EX;12;Educação;361;Ensino Fundamental;241;Recomeço;2886;Gestão da Melhoria da Qualidade da Educação;6;Publicação de Material de Prevenção ao Uso de Drogas;1;0;105000;0;0;0;0;0;0
AEQ;EIXO: ACESSO À EDUCAÇÃO DE QUALIDADE;EDU;SUB-EIXO: EDUCAÇÃO;EX;EX;12;Educação;365;Educação Infantil;140;Gestão e Operacionalização da Política Educacional;2041;Formação para Profissionais da Educação;2;Formação de Professores da Educação Infantil;1;0;188000;968;968;968;968;968;968
AEQ;EIXO: ACESSO À EDUCAÇÃO DE QUALIDADE;EDU;SUB-EIXO: EDUCAÇÃO;EX;EX;12;Educação;365;Educação Infantil;140;Gestão e Operacionalização da Política Educacional;2046;Gestão Descentralizada da Educação;1;Assistência ao Educando, Conservação de Unidades Escolares da Educação Infantil;1;0;11662528;0;0;0;0;0;0
AEQ;EIXO: ACESSO À EDUCAÇÃO DE QUALIDADE;EDU;SUB-EIXO: EDUCAÇÃO;EX;EX;12;Educação;365;Educação Infantil;140;Gestão e Operacionalização da Política Educacional;2046;Gestão Descentralizada da Educação;4;PAP - Projeto de Ação Pedagógica - Educação Infantil;1;0;3663244;0;0;0;0;0;0
AEQ;EIXO: ACESSO À EDUCAÇÃO DE QUALIDADE;EDU;SUB-EIXO: EDUCAÇÃO;EX;EX;12;Educação;365;Educação Infantil;140;Gestão e Operacionalização da Política Educacional;2046;Gestão Descentralizada da Educação;9;Revitalização de Unidades Escolares da Educação Infantil;1;0;1682000;0;0;0;0;0;0
AEQ;EIXO: ACESSO À EDUCAÇÃO DE QUALIDADE;EDU;SUB-EIXO: EDUCAÇÃO;EX;EX;12;Educação;365;Educação Infantil;140;Gestão e Operacionalização da Política Educacional;2046;Gestão Descentralizada da Educação;12;Contratação de Apoio Administrativo - Educação Infantil;1;0;4441071;1562265;1562265;1093584;1562265;1562265;1093584
AEQ;EIXO: ACESSO À EDUCAÇÃO DE QUALIDADE;EDU;SUB-EIXO: EDUCAÇÃO;EX;EX;12;Educação;365;Educação Infantil;140;Gestão e Operacionalização da Política Educacional;2542;Administração da Educação Infantil;1;Administração da Educação Infantil;1;0;245698401;71227820.87;70660541.86;51919495.76;71227820.87;70660541.86;51919495.76
AEQ;EIXO: ACESSO À EDUCAÇÃO DE QUALIDADE;EDU;SUB-EIXO: EDUCAÇÃO;EX;EX;12;Educação;365;Educação Infantil;140;Gestão e Operacionalização da Política Educacional;2700;Operação e Manutenção da Educação;1;Fornecimento de Kits Escolares - Educação Infantil;1;0;10207468;4528466.29;1247566.43;276785.85;4528466.29;1247566.43;276785.85
AEQ;EIXO: ACESSO À EDUCAÇÃO DE QUALIDADE;EDU;SUB-EIXO: EDUCAÇÃO;EX;EX;12;Educação;365;Educação Infantil;140;Gestão e Operacionalização da Política Educacional;2700;Operação e Manutenção da Educação;8;Operação e Manutenção da Educação - Educação Infantil;1;0;9039157;874223.75;392715.48;174414.13;874223.75;392715.48;174414.13
AEQ;EIXO: ACESSO À EDUCAÇÃO DE QUALIDADE;EDU;SUB-EIXO: EDUCAÇÃO;EX;EX;12;Educação;365;Educação Infantil;140;Gestão e Operacionalização da Política Educacional;2888;Conveniamento com Instituições de Educação Infantil;2;Gestão de Convênio com Instituições de Educação Infantil;1;0;87984309;28450570;24452387;19267136;28450570;24452387;19267136
AEQ;EIXO: ACESSO À EDUCAÇÃO DE QUALIDADE;EDU;SUB-EIXO: EDUCAÇÃO;EX;EX;12;Educação;365;Educação Infantil;205;Expansão da Educação Infantil ;1211;Construção, Ampliação e Reforma de Unidades de Ensino;1;Construção, Ampliação e Reforma de Unidades de Ensino;1;0;51007864;1599389.06;1242298.78;1167437.83;1599389.06;1242298.78;1167437.83
AEQ;EIXO: ACESSO À EDUCAÇÃO DE QUALIDADE;EDU;SUB-EIXO: EDUCAÇÃO;EX;EX;12;Educação;365;Educação Infantil;205;Expansão da Educação Infantil ;2707;Aquisição e Instalação de Equipamentos;1;Aquisição e Instalação de Equipamentos;1;0;174000;5730;0;0;5730;0;0
AEQ;EIXO: ACESSO À EDUCAÇÃO DE QUALIDADE;EDU;SUB-EIXO: EDUCAÇÃO;EX;EX;12;Educação;365;Educação Infantil;205;Expansão da Educação Infantil ;2858;Expansão de Unidades Municipais de Educação - Parceria Público-Privada;1;Expansão de Unidades Municipais de Educação Infantil - Parceria Público-Privada;1;0;66271174;38363522;15689228.05;7790009.27;38363522;15689228.05;7790009.27
AEQ;EIXO: ACESSO À EDUCAÇÃO DE QUALIDADE;EDU;SUB-EIXO: EDUCAÇÃO;EX;EX;12;Educação;365;Educação Infantil;205;Expansão da Educação Infantil ;2888;Conveniamento com Instituições de Educação Infantil;3;Aquisição de Materiais para Creches Conveniadas - Termos de Compromisso;1;0;10356489;0;0;0;0;0;0
AEQ;EIXO: ACESSO À EDUCAÇÃO DE QUALIDADE;EDU;SUB-EIXO: EDUCAÇÃO;EX;EX;12;Educação;365;Educação Infantil;207;Melhoria da Qualidade da Educação;2705;Mobilização da Comunidade Escolar;3;Publicação de Jornal Família Escola da Educação Infantil;1;0;50000;0;0;0;0;0;0
AEQ;EIXO: ACESSO À EDUCAÇÃO DE QUALIDADE;EDU;SUB-EIXO: EDUCAÇÃO;EX;EX;12;Educação;366;Educação de Jovens e Adultos;140;Gestão e Operacionalização da Política Educacional;2041;Formação para Profissionais da Educação;4;Formação de Professores da Educação de Jovens e Adultos;1;0;96000;0;0;0;0;0;0
AEQ;EIXO: ACESSO À EDUCAÇÃO DE QUALIDADE;EDU;SUB-EIXO: EDUCAÇÃO;EX;EX;12;Educação;366;Educação de Jovens e Adultos;140;Gestão e Operacionalização da Política Educacional;2046;Gestão Descentralizada da Educação;3;Assistência ao Educando, Conservação de Unidades Escolares - Educação de Jovens e Adultos;1;0;777298;0;0;0;0;0;0
AEQ;EIXO: ACESSO À EDUCAÇÃO DE QUALIDADE;EDU;SUB-EIXO: EDUCAÇÃO;EX;EX;12;Educação;366;Educação de Jovens e Adultos;140;Gestão e Operacionalização da Política Educacional;2046;Gestão Descentralizada da Educação;6;PAP - Projeto de Ação Pedagógica - EJA;1;0;761666;0;0;0;0;0;0
AEQ;EIXO: ACESSO À EDUCAÇÃO DE QUALIDADE;EDU;SUB-EIXO: EDUCAÇÃO;EX;EX;12;Educação;366;Educação de Jovens e Adultos;140;Gestão e Operacionalização da Política Educacional;2080;Administração do Ensino Fundamental;1;Administração do Ensino Fundamental;1;0;49221800;12234526.6;12234526.6;10082480.47;12234526.6;12234526.6;10082480.47
AEQ;EIXO: ACESSO À EDUCAÇÃO DE QUALIDADE;EDU;SUB-EIXO: EDUCAÇÃO;EX;EX;12;Educação;366;Educação de Jovens e Adultos;140;Gestão e Operacionalização da Política Educacional;2700;Operação e Manutenção da Educação;3;Fornecimento de Kits Escolares - EJA;1;0;1452380;334256;334256;45630;334256;334256;45630
AEQ;EIXO: ACESSO À EDUCAÇÃO DE QUALIDADE;EDU;SUB-EIXO: EDUCAÇÃO;EX;EX;12;Educação;366;Educação de Jovens e Adultos;140;Gestão e Operacionalização da Política Educacional;2700;Operação e Manutenção da Educação;9;Operação e Manutenção da Educação - Educação de Jovens e Adultos;1;0;423199;89211.4;19689.7;19689.7;89211.4;19689.7;19689.7
AEQ;EIXO: ACESSO À EDUCAÇÃO DE QUALIDADE;EDU;SUB-EIXO: EDUCAÇÃO;EX;EX;12;Educação;366;Educação de Jovens e Adultos;140;Gestão e Operacionalização da Política Educacional;2700;Operação e Manutenção da Educação;11;Manutenção do Programa Brasil Alfabetizado;1;0;73750;0;0;0;0;0;0
AEQ;EIXO: ACESSO À EDUCAÇÃO DE QUALIDADE;EDU;SUB-EIXO: EDUCAÇÃO;EX;EX;12;Educação;366;Educação de Jovens e Adultos;207;Melhoria da Qualidade da Educação;2706;Melhoria da Aprendizagem e Avaliação de Desempenho Escolar;3;Avaliação de Aprendizagem dos Alunos - Avalia BH e Avalia EJA;1;0;680000;1322530.62;325837.82;209855.28;1322530.62;325837.82;209855.28
AEQ;EIXO: ACESSO À EDUCAÇÃO DE QUALIDADE;EDU;SUB-EIXO: EDUCAÇÃO;EX;EX;12;Educação;367;Educação Especial;140;Gestão e Operacionalização da Política Educacional;2700;Operação e Manutenção da Educação;10;Operação e Manutenção da Educação -  Ensino Fundamental;1;0;7470000;0;0;0;0;0;0
AEQ;EIXO: ACESSO À EDUCAÇÃO DE QUALIDADE;EDU;SUB-EIXO: EDUCAÇÃO;EX;EX;12;Educação;367;Educação Especial;140;Gestão e Operacionalização da Política Educacional;2701;Apoio a inclusão de alunos com deficiência no cotidiano escolar;1;Atendimento Educacional Especializado na Rede Privada;1;0;840000;248114.7;122406.15;122406.15;248114.7;122406.15;122406.15
AEQ;EIXO: ACESSO À EDUCAÇÃO DE QUALIDADE;EDU;SUB-EIXO: EDUCAÇÃO;EX;EX;12;Educação;367;Educação Especial;207;Melhoria da Qualidade da Educação;2701;Apoio a inclusão de alunos com deficiência no cotidiano escolar;4;Formação de Professores de Educação Especial;1;0;553000;0;0;0;0;0;0
AEQ;EIXO: ACESSO À EDUCAÇÃO DE QUALIDADE;EDU;SUB-EIXO: EDUCAÇÃO;EX;EX;12;Educação;367;Educação Especial;207;Melhoria da Qualidade da Educação;2885;Transporte Escolar;2;Transporte Acessível;1;0;6045498;2714351.96;1536147.16;1036081.28;2714351.96;1536147.16;1036081.28
AEQ;EIXO: ACESSO À EDUCAÇÃO DE QUALIDADE;EDU;SUB-EIXO: EDUCAÇÃO;EX;EX;12;Educação;367;Educação Especial;207;Melhoria da Qualidade da Educação;2886;Gestão da Melhoria da Qualidade da Educação;9;Ampliação de Alunos no Atendimento Educacional Especializado - AEE;1;0;12000;29990.4;0;0;29990.4;0;0
AEQ;EIXO: ACESSO À EDUCAÇÃO DE QUALIDADE;EDU;SUB-EIXO: EDUCAÇÃO;NEX;NEX;18;Gestão Ambiental;541;Preservação e Conservação Ambiental;69;Gestão da Política Ambiental;2564;Operacionalização das Políticas Ambientais;2;Gestão da Política de Educação Ambiental;0.25;0;2887987;898161.38;895811.38;663092.255;898161.38;895811.38;663092.255
AEQ;EIXO: ACESSO À EDUCAÇÃO DE QUALIDADE;EDU;SUB-EIXO: EDUCAÇÃO;NEX;NEX;18;Gestão Ambiental;541;Preservação e Conservação Ambiental;69;Gestão da Política Ambiental;2564;Operacionalização das Políticas Ambientais;4;Reestruturação dos Centros Regionais de Educação Ambiental - CEAs;0.25;0;31483;0;0;0;0;0;0
AEQ;EIXO: ACESSO À EDUCAÇÃO DE QUALIDADE;EDU;SUB-EIXO: EDUCAÇÃO;NEX;NEX;18;Gestão Ambiental;541;Preservação e Conservação Ambiental;69;Gestão da Política Ambiental;2564;Operacionalização das Políticas Ambientais;8;Educação Ambiental - Programa Pampulha;0.25;0;1500;0;0;0;0;0;0
AEQ;EIXO: ACESSO À EDUCAÇÃO DE QUALIDADE;EDU;SUB-EIXO: EDUCAÇÃO;NEX;NEX;18;Gestão Ambiental;541;Preservação e Conservação Ambiental;69;Gestão da Política Ambiental;2564;Operacionalização das Políticas Ambientais;9;Gestão Operacional do Centro de Educação Ambiental - CEA/PROPAN;0.25;0;33775;12168.38;8153.95;6279.89;12168.38;8153.95;6279.89
AEQ;EIXO: ACESSO À EDUCAÇÃO DE QUALIDADE;EDU;SUB-EIXO: EDUCAÇÃO;NEX;NEX;18;Gestão Ambiental;541;Preservação e Conservação Ambiental;72;Planejamento, Monitoramento e Gerenciamento dos Parques e Necrópoles;2817;Educação Ambiental e Promoção de Eventos;1;Realização de Atividades de Educação Ambiental e Eventos;0.25;0;122845;13181.25;11412.255;11412.255;13181.25;11412.255;11412.255
AEQ;EIXO: ACESSO À EDUCAÇÃO DE QUALIDADE;EDU;SUB-EIXO: EDUCAÇÃO;NEX;NEX;18;Gestão Ambiental;541;Preservação e Conservação Ambiental;72;Planejamento, Monitoramento e Gerenciamento dos Parques e Necrópoles;2817;Educação Ambiental e Promoção de Eventos;2;Desenvolvimento de Material Educativo e de Comunicação;0.25;0;58750;0;0;0;0;0;0
AEQ;EIXO: ACESSO À EDUCAÇÃO DE QUALIDADE;EDU;SUB-EIXO: EDUCAÇÃO;NEX;NEX;20;Agricultura;601;Promoção da Produção Vegetal;132;Gestão da Política Municipal de Segurança Alimentar e Nutricional;2121;Fomento e Gerenciamento da Comercialização Direta da Agricultura Urbana e Familiar;7;Hortas Escolares e Comunitárias;0.85;0;12750;0;0;0;0;0;0
AEQ;EIXO: ACESSO À EDUCAÇÃO DE QUALIDADE;EDU;SUB-EIXO: EDUCAÇÃO;NEX;NEX;20;Agricultura;601;Promoção da Produção Vegetal;236;Direito de Todos ;2331;Centro de Referência em Segurança Alimentar e Nutricional Sustentável;9;Oficinas de Plantio em Espaços Alternativos;0.25;0;500;0;0;0;0;0;0
PDI;EIXO: PROMOÇÃO DE DIREITOS E PROTEÇÃO INTEGRAL;ASS;SUB-EIXO: ASSISTÊNCIA SOCIAL;NEX;NEX;4;Administração;122;Administração Geral;123;Gestão da Política Social;1345;Sistema de Informação para Gestão das Políticas Sociais - SIGPS;2;Evolução do Sistema de Informação e Gestão de Políticas Sociais - SIGPS;0.25;0;577474;0;0;0;0;0;0
PDI;EIXO: PROMOÇÃO DE DIREITOS E PROTEÇÃO INTEGRAL;ASS;SUB-EIXO: ASSISTÊNCIA SOCIAL;NEX;NEX;4;Administração;122;Administração Geral;123;Gestão da Política Social;2334;Gestão Compartilhada e Participação Social;1;Coordenação e Participação em Fóruns Governamentais e GTs;0.25;0;22500;54.9;54.9;54.9;54.9;54.9;54.9
PDI;EIXO: PROMOÇÃO DE DIREITOS E PROTEÇÃO INTEGRAL;ASS;SUB-EIXO: ASSISTÊNCIA SOCIAL;NEX;NEX;4;Administração;122;Administração Geral;123;Gestão da Política Social;2334;Gestão Compartilhada e Participação Social;2;Apoio aos Conselhos Municipais;0.25;0;10750;0;0;0;0;0;0
PDI;EIXO: PROMOÇÃO DE DIREITOS E PROTEÇÃO INTEGRAL;ASS;SUB-EIXO: ASSISTÊNCIA SOCIAL;NEX;NEX;4;Administração;122;Administração Geral;123;Gestão da Política Social;2334;Gestão Compartilhada e Participação Social;3;Realização de Conferências;0.25;0;47500;0;0;0;0;0;0
PDI;EIXO: PROMOÇÃO DE DIREITOS E PROTEÇÃO INTEGRAL;ASS;SUB-EIXO: ASSISTÊNCIA SOCIAL;NEX;NEX;4;Administração;122;Administração Geral;123;Gestão da Política Social;2787;Planejamento e Monitoramento e Divulgação da Política Social;1;Produção de Estudos Técnicos e Diagnósticos Espaciais;0.25;0;34134;0;0;0;0;0;0
PDI;EIXO: PROMOÇÃO DE DIREITOS E PROTEÇÃO INTEGRAL;ASS;SUB-EIXO: ASSISTÊNCIA SOCIAL;NEX;NEX;4;Administração;122;Administração Geral;123;Gestão da Política Social;2787;Planejamento e Monitoramento e Divulgação da Política Social;2;Realização de Publicações Diversas e Produção de Material Informativo;0.25;0;18259;0;0;0;0;0;0
PDI;EIXO: PROMOÇÃO DE DIREITOS E PROTEÇÃO INTEGRAL;ASS;SUB-EIXO: ASSISTÊNCIA SOCIAL;NEX;NEX;4;Administração;122;Administração Geral;123;Gestão da Política Social;2787;Planejamento e Monitoramento e Divulgação da Política Social;3;Articulação para Gestão Integrada e Intersetorial das Políticas Sociais - Câmara Intersetorial de Políticas Sociais;0.25;0;787;0;0;0;0;0;0
PDI;EIXO: PROMOÇÃO DE DIREITOS E PROTEÇÃO INTEGRAL;ASS;SUB-EIXO: ASSISTÊNCIA SOCIAL;NEX;NEX;4;Administração;122;Administração Geral;123;Gestão da Política Social;2900;Serviços Administrativos e Financeiros;1;Serviços Administrativos e Financeiros ;0.25;0;1671121;481329.5575;380251.355;294831.8475;481329.5575;380251.355;294831.8475
PDI;EIXO: PROMOÇÃO DE DIREITOS E PROTEÇÃO INTEGRAL;ASS;SUB-EIXO: ASSISTÊNCIA SOCIAL;NEX;NEX;8;Assistência Social;122;Administração Geral;234;BH Cidadania  e o SUAS - Sistema Único de Assistência Social ;1353;Implantação dos Espaços BH Cidadania;1;Núcleos BH Cidadania Implantados;0.25;0;116250;659.0275;659.0275;307.2775;659.0275;659.0275;307.2775
PDI;EIXO: PROMOÇÃO DE DIREITOS E PROTEÇÃO INTEGRAL;ASS;SUB-EIXO: ASSISTÊNCIA SOCIAL;EX;EX;8;Assistência Social;243;Assistência à Criança e ao Adolescente;19;Proteção Social Básica;2401;Serviço de Convivência e Fortalecimento de Vínculos;2;Serviços para Crianças até 6 Anos;1;0;822993;409996.88;204998.43;204998.43;409996.88;204998.43;204998.43
PDI;EIXO: PROMOÇÃO DE DIREITOS E PROTEÇÃO INTEGRAL;ASS;SUB-EIXO: ASSISTÊNCIA SOCIAL;EX;EX;8;Assistência Social;243;Assistência à Criança e ao Adolescente;19;Proteção Social Básica;2401;Serviço de Convivência e Fortalecimento de Vínculos;3;Serviços para Crianças e Adolescentes de 6 a 15 Anos;1;0;1646956;491620.02;246521.56;233241.56;491620.02;246521.56;233241.56
PDI;EIXO: PROMOÇÃO DE DIREITOS E PROTEÇÃO INTEGRAL;ASS;SUB-EIXO: ASSISTÊNCIA SOCIAL;EX;EX;8;Assistência Social;243;Assistência à Criança e ao Adolescente;19;Proteção Social Básica;2401;Serviço de Convivência e Fortalecimento de Vínculos;4;Serviços para Adolescentes e Jovens de 15 a 17 Anos;1;0;1840629;981434.58;535757.19;383629.86;981434.58;535757.19;383629.86
PDI;EIXO: PROMOÇÃO DE DIREITOS E PROTEÇÃO INTEGRAL;ASS;SUB-EIXO: ASSISTÊNCIA SOCIAL;EX;EX;8;Assistência Social;243;Assistência à Criança e ao Adolescente;20;Proteção Social Especial;2403;Serviço de Proteção Social Especial de Alta Complexidade;3;Acolhimento Institucional para Criança e Adolescente;1;0;18852838;9759266.34;5051310.99;4754047.08;9759266.34;5051310.99;4754047.08
PDI;EIXO: PROMOÇÃO DE DIREITOS E PROTEÇÃO INTEGRAL;ASS;SUB-EIXO: ASSISTÊNCIA SOCIAL;EX;EX;8;Assistência Social;243;Assistência à Criança e ao Adolescente;20;Proteção Social Especial;2403;Serviço de Proteção Social Especial de Alta Complexidade;25;Acolhimento Institucional de Breve Permanencia;1;0;1534975;56944.44;18981.48;18981.48;56944.44;18981.48;18981.48
PDI;EIXO: PROMOÇÃO DE DIREITOS E PROTEÇÃO INTEGRAL;ASS;SUB-EIXO: ASSISTÊNCIA SOCIAL;EX;EX;8;Assistência Social;243;Assistência à Criança e ao Adolescente;163;Promoção e Proteção às Crianças e Adolescentes e suas Famílias ;2334;Gestão Compartilhada e Participação Social;3;Realização de Conferências;1;0;400000;173914.22;11675;9095;173914.22;11675;9095
PDI;EIXO: PROMOÇÃO DE DIREITOS E PROTEÇÃO INTEGRAL;ASS;SUB-EIXO: ASSISTÊNCIA SOCIAL;EX;EX;8;Assistência Social;243;Assistência à Criança e ao Adolescente;163;Promoção e Proteção às Crianças e Adolescentes e suas Famílias ;2859; Ações para a Promoção e Proteção dos Direitos da Criança, Adolescentes e suas Famílias;1;Apoio aos Conselhos Tutelares;1;0;5232784;1820433.02;1564322.79;1236251.01;1820433.02;1564322.79;1236251.01
PDI;EIXO: PROMOÇÃO DE DIREITOS E PROTEÇÃO INTEGRAL;ASS;SUB-EIXO: ASSISTÊNCIA SOCIAL;EX;EX;8;Assistência Social;243;Assistência à Criança e ao Adolescente;163;Promoção e Proteção às Crianças e Adolescentes e suas Famílias ;2859; Ações para a Promoção e Proteção dos Direitos da Criança, Adolescentes e suas Famílias;2;Orientação e Apoio Sociofamiliar;1;0;776000;0;0;0;0;0;0
PDI;EIXO: PROMOÇÃO DE DIREITOS E PROTEÇÃO INTEGRAL;ASS;SUB-EIXO: ASSISTÊNCIA SOCIAL;EX;EX;8;Assistência Social;243;Assistência à Criança e ao Adolescente;163;Promoção e Proteção às Crianças e Adolescentes e suas Famílias ;2859; Ações para a Promoção e Proteção dos Direitos da Criança, Adolescentes e suas Famílias;3;Apoio Socioeducativo em Meio Aberto;1;0;2330000;841600.69;841600.69;739860.34;841600.69;841600.69;739860.34
PDI;EIXO: PROMOÇÃO DE DIREITOS E PROTEÇÃO INTEGRAL;ASS;SUB-EIXO: ASSISTÊNCIA SOCIAL;EX;EX;8;Assistência Social;243;Assistência à Criança e ao Adolescente;163;Promoção e Proteção às Crianças e Adolescentes e suas Famílias ;2859; Ações para a Promoção e Proteção dos Direitos da Criança, Adolescentes e suas Famílias;4;Acolhimento Familiar;1;0;1800000;0;0;0;0;0;0
PDI;EIXO: PROMOÇÃO DE DIREITOS E PROTEÇÃO INTEGRAL;ASS;SUB-EIXO: ASSISTÊNCIA SOCIAL;EX;EX;8;Assistência Social;243;Assistência à Criança e ao Adolescente;163;Promoção e Proteção às Crianças e Adolescentes e suas Famílias ;2859; Ações para a Promoção e Proteção dos Direitos da Criança, Adolescentes e suas Famílias;5;Acolhimento Institucional;1;0;775000;64998;64416;64416;64998;64416;64416
PDI;EIXO: PROMOÇÃO DE DIREITOS E PROTEÇÃO INTEGRAL;ASS;SUB-EIXO: ASSISTÊNCIA SOCIAL;EX;EX;8;Assistência Social;243;Assistência à Criança e ao Adolescente;163;Promoção e Proteção às Crianças e Adolescentes e suas Famílias ;2859; Ações para a Promoção e Proteção dos Direitos da Criança, Adolescentes e suas Famílias;11;Apoio às Ações Voltadas para a Crianças e Adolescente na Ocasião de Megaeventos;1;0;40000;0;0;0;0;0;0
PDI;EIXO: PROMOÇÃO DE DIREITOS E PROTEÇÃO INTEGRAL;ASS;SUB-EIXO: ASSISTÊNCIA SOCIAL;EX;EX;8;Assistência Social;243;Assistência à Criança e ao Adolescente;163;Promoção e Proteção às Crianças e Adolescentes e suas Famílias ;2859; Ações para a Promoção e Proteção dos Direitos da Criança, Adolescentes e suas Famílias;17;Apoio às Ações de Atendimento Socioeducativo;1;0;935000;0;0;0;0;0;0
PDI;EIXO: PROMOÇÃO DE DIREITOS E PROTEÇÃO INTEGRAL;ASS;SUB-EIXO: ASSISTÊNCIA SOCIAL;EX;EX;8;Assistência Social;243;Assistência à Criança e ao Adolescente;163;Promoção e Proteção às Crianças e Adolescentes e suas Famílias ;2859; Ações para a Promoção e Proteção dos Direitos da Criança, Adolescentes e suas Famílias;18;Apoio às Ações de Articulação Regional para a promoção dos Direitos da Criança e do Adolescente;1;0;195500;0;0;0;0;0;0
PDI;EIXO: PROMOÇÃO DE DIREITOS E PROTEÇÃO INTEGRAL;ASS;SUB-EIXO: ASSISTÊNCIA SOCIAL;EX;EX;8;Assistência Social;243;Assistência à Criança e ao Adolescente;163;Promoção e Proteção às Crianças e Adolescentes e suas Famílias ;2860;Ações para o Fortalecimento das Diretrizes do Estatuto da Criança e do Adolescente;1;Assessoria Técnica/Financeira;1;0;700000;0;0;0;0;0;0
PDI;EIXO: PROMOÇÃO DE DIREITOS E PROTEÇÃO INTEGRAL;ASS;SUB-EIXO: ASSISTÊNCIA SOCIAL;EX;EX;8;Assistência Social;243;Assistência à Criança e ao Adolescente;163;Promoção e Proteção às Crianças e Adolescentes e suas Famílias ;2860;Ações para o Fortalecimento das Diretrizes do Estatuto da Criança e do Adolescente;2;Vigilância e Defesa de Direitos;1;0;1172000;0;0;0;0;0;0
PDI;EIXO: PROMOÇÃO DE DIREITOS E PROTEÇÃO INTEGRAL;ASS;SUB-EIXO: ASSISTÊNCIA SOCIAL;EX;EX;8;Assistência Social;243;Assistência à Criança e ao Adolescente;163;Promoção e Proteção às Crianças e Adolescentes e suas Famílias ;2860;Ações para o Fortalecimento das Diretrizes do Estatuto da Criança e do Adolescente;3;Capacitação e Formatação de Atores de Atendimento e Defesa do Sistema de Garantia de Direitos;1;0;395000;0;0;0;0;0;0
PDI;EIXO: PROMOÇÃO DE DIREITOS E PROTEÇÃO INTEGRAL;ASS;SUB-EIXO: ASSISTÊNCIA SOCIAL;EX;EX;8;Assistência Social;243;Assistência à Criança e ao Adolescente;163;Promoção e Proteção às Crianças e Adolescentes e suas Famílias ;2860;Ações para o Fortalecimento das Diretrizes do Estatuto da Criança e do Adolescente;4;Publicações Diversas;1;0;80000;9258.9;0;0;9258.9;0;0
PDI;EIXO: PROMOÇÃO DE DIREITOS E PROTEÇÃO INTEGRAL;ASS;SUB-EIXO: ASSISTÊNCIA SOCIAL;EX;EX;8;Assistência Social;243;Assistência à Criança e ao Adolescente;163;Promoção e Proteção às Crianças e Adolescentes e suas Famílias ;2860;Ações para o Fortalecimento das Diretrizes do Estatuto da Criança e do Adolescente;5;Realização de campanhas na sociedade em prol da garantia de direitos das crianças e adolescentes;1;0;400000;0;0;0;0;0;0
PDI;EIXO: PROMOÇÃO DE DIREITOS E PROTEÇÃO INTEGRAL;ASS;SUB-EIXO: ASSISTÊNCIA SOCIAL;EX;EX;8;Assistência Social;243;Assistência à Criança e ao Adolescente;163;Promoção e Proteção às Crianças e Adolescentes e suas Famílias ;2860;Ações para o Fortalecimento das Diretrizes do Estatuto da Criança e do Adolescente;6;Promoção do Processo de Escolha de Conselheiros Tutelares;1;0;200000;0;0;0;0;0;0
PDI;EIXO: PROMOÇÃO DE DIREITOS E PROTEÇÃO INTEGRAL;ASS;SUB-EIXO: ASSISTÊNCIA SOCIAL;EX;EX;8;Assistência Social;243;Assistência à Criança e ao Adolescente;163;Promoção e Proteção às Crianças e Adolescentes e suas Famílias ;2860;Ações para o Fortalecimento das Diretrizes do Estatuto da Criança e do Adolescente;8;Apoio às ações de fortalecimento para a participação de Crianças e Adolescentes;1;0;147500;1440;0;0;1440;0;0
PDI;EIXO: PROMOÇÃO DE DIREITOS E PROTEÇÃO INTEGRAL;ASS;SUB-EIXO: ASSISTÊNCIA SOCIAL;EX;EX;8;Assistência Social;243;Assistência à Criança e ao Adolescente;234;BH Cidadania  e o SUAS - Sistema Único de Assistência Social ;2859; Ações para a Promoção e Proteção dos Direitos da Criança, Adolescentes e suas Famílias;16;Avançar na Padronização e Modernização dos Conselhos Tutelares;1;0;150000;0;0;0;0;0;0
PDI;EIXO: PROMOÇÃO DE DIREITOS E PROTEÇÃO INTEGRAL;ASS;SUB-EIXO: ASSISTÊNCIA SOCIAL;EX;EX;8;Assistência Social;243;Assistência à Criança e ao Adolescente;237;Qualificação, Profissionalização e Emprego;2647;Inserção Social e Produtiva;2;Programa de Promoção ao Adolescente Trabalhador;1;0;6889516;2626809.3;1313404.65;1313404.65;2626809.3;1313404.65;1313404.65
PDI;EIXO: PROMOÇÃO DE DIREITOS E PROTEÇÃO INTEGRAL;ASS;SUB-EIXO: ASSISTÊNCIA SOCIAL;NEX;NEX;8;Assistência Social;244;Assistência Comunitária;19;Proteção Social Básica;1220;Construção, Ampliação e Reforma de Unidades de Assistência Social;1;Construção, Ampliação e Reforma de Unidades de Assistência Social;0.25;0;75000;0;0;0;0;0;0
PDI;EIXO: PROMOÇÃO DE DIREITOS E PROTEÇÃO INTEGRAL;ASS;SUB-EIXO: ASSISTÊNCIA SOCIAL;EX;EX;8;Assistência Social;244;Assistência Comunitária;19;Proteção Social Básica;2308;Serviço de Proteção e Atendimento Integral à Família ;2;Serviço de Proteção e Atendimento Integral à Família;1;0;25602250;8461295.51;6423641.63;5159615.12;8461295.51;6423641.63;5159615.12
PDI;EIXO: PROMOÇÃO DE DIREITOS E PROTEÇÃO INTEGRAL;ASS;SUB-EIXO: ASSISTÊNCIA SOCIAL;NEX;NEX;8;Assistência Social;244;Assistência Comunitária;19;Proteção Social Básica;2405;Serviços, Benefícios e Transferência de Renda;1;Inserção, Acompanhamento das Famílias Beneficiárias dos Programa de Transferência de Renda e Benefícios Eventuais - Base Regional;0.25;0;3504575;240002.6675;177040.0675;138840.445;240002.6675;177040.0675;138840.445
PDI;EIXO: PROMOÇÃO DE DIREITOS E PROTEÇÃO INTEGRAL;ASS;SUB-EIXO: ASSISTÊNCIA SOCIAL;NEX;NEX;8;Assistência Social;244;Assistência Comunitária;19;Proteção Social Básica;2405;Serviços, Benefícios e Transferência de Renda;2;Concessão de Benefícios Eventuais;0.25;0;906693;163505.3425;109596.705;81010.56;163505.3425;109596.705;81010.56
PDI;EIXO: PROMOÇÃO DE DIREITOS E PROTEÇÃO INTEGRAL;ASS;SUB-EIXO: ASSISTÊNCIA SOCIAL;NEX;NEX;8;Assistência Social;244;Assistência Comunitária;19;Proteção Social Básica;2405;Serviços, Benefícios e Transferência de Renda;3;Inserção, Acompanhamento das Famílias Beneficiárias dos Programa de Transferência de Renda e Benefícios Eventuais ;0.25;0;1558043;95401.2975;60995.625;50837.4875;95401.2975;60995.625;50837.4875
PDI;EIXO: PROMOÇÃO DE DIREITOS E PROTEÇÃO INTEGRAL;ASS;SUB-EIXO: ASSISTÊNCIA SOCIAL;NEX;NEX;8;Assistência Social;244;Assistência Comunitária;19;Proteção Social Básica;2833;Ações de Assessoramento e de Defesa de Direitos;1;Ações de Assessoramento e de Defesa de Direitos;0.25;0;484833;242291.7825;72166.875;72166.875;242291.7825;72166.875;72166.875
PDI;EIXO: PROMOÇÃO DE DIREITOS E PROTEÇÃO INTEGRAL;ASS;SUB-EIXO: ASSISTÊNCIA SOCIAL;NEX;NEX;8;Assistência Social;244;Assistência Comunitária;19;Proteção Social Básica;2879;Serviço de Proteção Social Básica em Domicílio para Pessoas com Deficiência e Idosas;1;Proteção Social à Pessoa com Deficiência;0.25;0;303025;142939.86;95293.24;71469.93;142939.86;95293.24;71469.93
PDI;EIXO: PROMOÇÃO DE DIREITOS E PROTEÇÃO INTEGRAL;ASS;SUB-EIXO: ASSISTÊNCIA SOCIAL;NEX;NEX;8;Assistência Social;244;Assistência Comunitária;20;Proteção Social Especial;2403;Serviço de Proteção Social Especial de Alta Complexidade;2;Acolhimento Institucional e Unidade de Passagem para Adultos e Famílias;0.25;0;240479;116724.315;77793.635;76814.76;116724.315;77793.635;76814.76
PDI;EIXO: PROMOÇÃO DE DIREITOS E PROTEÇÃO INTEGRAL;ASS;SUB-EIXO: ASSISTÊNCIA SOCIAL;NEX;NEX;8;Assistência Social;244;Assistência Comunitária;20;Proteção Social Especial;2403;Serviço de Proteção Social Especial de Alta Complexidade;5;Acolhimento Institucional para Famílias;0.25;0;455012;122759.07;81822.73;72664.98;122759.07;81822.73;72664.98
PDI;EIXO: PROMOÇÃO DE DIREITOS E PROTEÇÃO INTEGRAL;ASS;SUB-EIXO: ASSISTÊNCIA SOCIAL;NEX;NEX;8;Assistência Social;244;Assistência Comunitária;20;Proteção Social Especial;2403;Serviço de Proteção Social Especial de Alta Complexidade;6;Acolhimento Institucional em Unidade de Passagem para População de Rua;0.25;0;620471;294567.105;147283.5525;98189.035;294567.105;147283.5525;98189.035
PDI;EIXO: PROMOÇÃO DE DIREITOS E PROTEÇÃO INTEGRAL;ASS;SUB-EIXO: ASSISTÊNCIA SOCIAL;NEX;NEX;8;Assistência Social;244;Assistência Comunitária;20;Proteção Social Especial;2403;Serviço de Proteção Social Especial de Alta Complexidade;8;Serviço de Apoio e Reintegração Familiar;0.25;0;86793;40857.255;13619.085;13619.085;40857.255;13619.085;13619.085
PDI;EIXO: PROMOÇÃO DE DIREITOS E PROTEÇÃO INTEGRAL;ASS;SUB-EIXO: ASSISTÊNCIA SOCIAL;NEX;NEX;8;Assistência Social;244;Assistência Comunitária;20;Proteção Social Especial;2403;Serviço de Proteção Social Especial de Alta Complexidade;10;Serviço para Situação de Emergência;0.25;0;500;0;0;0;0;0;0
PDI;EIXO: PROMOÇÃO DE DIREITOS E PROTEÇÃO INTEGRAL;ASS;SUB-EIXO: ASSISTÊNCIA SOCIAL;EX;EX;8;Assistência Social;244;Assistência Comunitária;20;Proteção Social Especial;2403;Serviço de Proteção Social Especial de Alta Complexidade;11;Central de Vagas;1;0;204328;95990.82;31996.94;31996.94;95990.82;31996.94;31996.94
PDI;EIXO: PROMOÇÃO DE DIREITOS E PROTEÇÃO INTEGRAL;ASS;SUB-EIXO: ASSISTÊNCIA SOCIAL;NEX;NEX;8;Assistência Social;244;Assistência Comunitária;20;Proteção Social Especial;2403;Serviço de Proteção Social Especial de Alta Complexidade;13;Acolhimento Institucional ao Migrante;0.25;0;411424;190266.2275;95819.575;94452.8675;190266.2275;95819.575;94452.8675
PDI;EIXO: PROMOÇÃO DE DIREITOS E PROTEÇÃO INTEGRAL;ASS;SUB-EIXO: ASSISTÊNCIA SOCIAL;NEX;NEX;8;Assistência Social;244;Assistência Comunitária;20;Proteção Social Especial;2403;Serviço de Proteção Social Especial de Alta Complexidade;14;Serviço de Acolhimento em Repúblicas para Jovens;0.85;0;5100;0;0;0;0;0;0
PDI;EIXO: PROMOÇÃO DE DIREITOS E PROTEÇÃO INTEGRAL;ASS;SUB-EIXO: ASSISTÊNCIA SOCIAL;EX;EX;8;Assistência Social;244;Assistência Comunitária;20;Proteção Social Especial;2409;Centros de Referência;2;Centro de Referência Especializado para População de Rua / Miguilim;1;0;340214;0;0;0;0;0;0
PDI;EIXO: PROMOÇÃO DE DIREITOS E PROTEÇÃO INTEGRAL;ASS;SUB-EIXO: ASSISTÊNCIA SOCIAL;EX;EX;8;Assistência Social;244;Assistência Comunitária;20;Proteção Social Especial;2410;Apoio e Assessoria aos Serviços de Proteção Social de Média Complexidade;3;Atendimento Psicossocial a Crianças, Adolescentes e Familiares;1;0;208335;103667.28;34555.76;34555.76;103667.28;34555.76;34555.76
PDI;EIXO: PROMOÇÃO DE DIREITOS E PROTEÇÃO INTEGRAL;ASS;SUB-EIXO: ASSISTÊNCIA SOCIAL;EX;EX;8;Assistência Social;244;Assistência Comunitária;20;Proteção Social Especial;2410;Apoio e Assessoria aos Serviços de Proteção Social de Média Complexidade;4;Atendimento à Agressores Intrafamiliares de Crianças e Adolescentes;1;0;208335;103667.28;34555.76;34555.76;103667.28;34555.76;34555.76
PDI;EIXO: PROMOÇÃO DE DIREITOS E PROTEÇÃO INTEGRAL;ASS;SUB-EIXO: ASSISTÊNCIA SOCIAL;NEX;NEX;8;Assistência Social;244;Assistência Comunitária;20;Proteção Social Especial;2833;Ações de Assessoramento e de Defesa de Direitos;1;Ações de Assessoramento e de Defesa de Direitos;0.25;0;239870;119810.34;39936.78;39936.78;119810.34;39936.78;39936.78
PDI;EIXO: PROMOÇÃO DE DIREITOS E PROTEÇÃO INTEGRAL;ASS;SUB-EIXO: ASSISTÊNCIA SOCIAL;NEX;NEX;8;Assistência Social;244;Assistência Comunitária;20;Proteção Social Especial;2878;Serviço de Proteção Especial de Média Complexidade;1;Serviço de Proteção e Atendimento Especializado às Famílias e Indivíduos - PAEFI/CREAS;0.5;0;4323201;2056154.155;1997513.07;1404118.015;2056154.155;1997513.07;1404118.015
PDI;EIXO: PROMOÇÃO DE DIREITOS E PROTEÇÃO INTEGRAL;ASS;SUB-EIXO: ASSISTÊNCIA SOCIAL;NEX;NEX;8;Assistência Social;244;Assistência Comunitária;20;Proteção Social Especial;2878;Serviço de Proteção Especial de Média Complexidade;2;Acompanhamento Sócio Familiar / Bolsa Moradia;0.5;0;57796;6150;4046.31;2082.08;6150;4046.31;2082.08
PDI;EIXO: PROMOÇÃO DE DIREITOS E PROTEÇÃO INTEGRAL;ASS;SUB-EIXO: ASSISTÊNCIA SOCIAL;EX;EX;8;Assistência Social;244;Assistência Comunitária;20;Proteção Social Especial;2878;Serviço de Proteção Especial de Média Complexidade;3;Serviço de Proteção aos Adolescentes em Cumprimento de Medidas Socioeducativas - LA/CREAS;1;0;9000;0;0;0;0;0;0
PDI;EIXO: PROMOÇÃO DE DIREITOS E PROTEÇÃO INTEGRAL;ASS;SUB-EIXO: ASSISTÊNCIA SOCIAL;EX;EX;8;Assistência Social;244;Assistência Comunitária;20;Proteção Social Especial;2878;Serviço de Proteção Especial de Média Complexidade;4;Serviço de Proteção aos Adolescentes em Cumprimento de Medidas Socioeducativas - PSC/CREAS;1;0;9000;0;0;0;0;0;0
PDI;EIXO: PROMOÇÃO DE DIREITOS E PROTEÇÃO INTEGRAL;ASS;SUB-EIXO: ASSISTÊNCIA SOCIAL;EX;EX;8;Assistência Social;244;Assistência Comunitária;20;Proteção Social Especial;2878;Serviço de Proteção Especial de Média Complexidade;5;Serviço de Proteção aos Adolescentes em Cumprimento de Medidas Socioeducativas - NAMSEP;1;0;204000;36364.59;21274.59;21274.59;36364.59;21274.59;21274.59
PDI;EIXO: PROMOÇÃO DE DIREITOS E PROTEÇÃO INTEGRAL;ASS;SUB-EIXO: ASSISTÊNCIA SOCIAL;EX;EX;8;Assistência Social;244;Assistência Comunitária;20;Proteção Social Especial;2878;Serviço de Proteção Especial de Média Complexidade;8;Combate ao Trabalho Infantil;1;0;50593;12300;8066.7;4151.2;12300;8066.7;4151.2
PDI;EIXO: PROMOÇÃO DE DIREITOS E PROTEÇÃO INTEGRAL;ASS;SUB-EIXO: ASSISTÊNCIA SOCIAL;NEX;NEX;8;Assistência Social;244;Assistência Comunitária;113;Gestão da Política de Assistência Social;2334;Gestão Compartilhada e Participação Social;2;Apoio aos Conselhos Municipais;0.25;0;94733;6098.5375;3661.4925;1823.4625;6098.5375;3661.4925;1823.4625
PDI;EIXO: PROMOÇÃO DE DIREITOS E PROTEÇÃO INTEGRAL;ASS;SUB-EIXO: ASSISTÊNCIA SOCIAL;NEX;NEX;8;Assistência Social;244;Assistência Comunitária;113;Gestão da Política de Assistência Social;2334;Gestão Compartilhada e Participação Social;28;Ampliação da participação popular nos conselhos regionais de assistência social CORAS;0.25;0;37500;0;0;0;0;0;0
PDI;EIXO: PROMOÇÃO DE DIREITOS E PROTEÇÃO INTEGRAL;ASS;SUB-EIXO: ASSISTÊNCIA SOCIAL;NEX;NEX;8;Assistência Social;244;Assistência Comunitária;113;Gestão da Política de Assistência Social;2348;Gestão, Comunicação e Mobilização Social;1;Gestão do Trabalho;0.25;0;8787;13309.37;5623.9;5123.65;13309.37;5623.9;5123.65
PDI;EIXO: PROMOÇÃO DE DIREITOS E PROTEÇÃO INTEGRAL;ASS;SUB-EIXO: ASSISTÊNCIA SOCIAL;NEX;NEX;8;Assistência Social;244;Assistência Comunitária;113;Gestão da Política de Assistência Social;2348;Gestão, Comunicação e Mobilização Social;2;Produção de Informativos e Peças Publicitárias;0.25;0;23025;1038.32;0;0;1038.32;0;0
PDI;EIXO: PROMOÇÃO DE DIREITOS E PROTEÇÃO INTEGRAL;ASS;SUB-EIXO: ASSISTÊNCIA SOCIAL;NEX;NEX;8;Assistência Social;244;Assistência Comunitária;113;Gestão da Política de Assistência Social;2348;Gestão, Comunicação e Mobilização Social;3;Produção de Eventos;0.25;0;32500;0;0;0;0;0;0
PDI;EIXO: PROMOÇÃO DE DIREITOS E PROTEÇÃO INTEGRAL;ASS;SUB-EIXO: ASSISTÊNCIA SOCIAL;NEX;NEX;8;Assistência Social;244;Assistência Comunitária;113;Gestão da Política de Assistência Social;2348;Gestão, Comunicação e Mobilização Social;4;Regulação e Regulamentação;0.25;0;1250;0;0;0;0;0;0
PDI;EIXO: PROMOÇÃO DE DIREITOS E PROTEÇÃO INTEGRAL;ASS;SUB-EIXO: ASSISTÊNCIA SOCIAL;NEX;NEX;8;Assistência Social;244;Assistência Comunitária;113;Gestão da Política de Assistência Social;2348;Gestão, Comunicação e Mobilização Social;5;Mobilização Social;0.25;0;4250;0;0;0;0;0;0
PDI;EIXO: PROMOÇÃO DE DIREITOS E PROTEÇÃO INTEGRAL;ASS;SUB-EIXO: ASSISTÊNCIA SOCIAL;NEX;NEX;8;Assistência Social;244;Assistência Comunitária;113;Gestão da Política de Assistência Social;2348;Gestão, Comunicação e Mobilização Social;6;Capacitação de Profissionais de Entidades Socioassistenciais;0.25;0;2625;0;0;0;0;0;0
PDI;EIXO: PROMOÇÃO DE DIREITOS E PROTEÇÃO INTEGRAL;ASS;SUB-EIXO: ASSISTÊNCIA SOCIAL;NEX;NEX;8;Assistência Social;244;Assistência Comunitária;113;Gestão da Política de Assistência Social;2350;Vigilância Socioassistencial;1;Sistema de Indicadores;0.25;0;15000;0;0;0;0;0;0
PDI;EIXO: PROMOÇÃO DE DIREITOS E PROTEÇÃO INTEGRAL;ASS;SUB-EIXO: ASSISTÊNCIA SOCIAL;NEX;NEX;8;Assistência Social;244;Assistência Comunitária;113;Gestão da Política de Assistência Social;2350;Vigilância Socioassistencial;2;Estudos Territoriais e Geoprocessamento;0.25;0;1750;0;0;0;0;0;0
PDI;EIXO: PROMOÇÃO DE DIREITOS E PROTEÇÃO INTEGRAL;ASS;SUB-EIXO: ASSISTÊNCIA SOCIAL;NEX;NEX;8;Assistência Social;244;Assistência Comunitária;113;Gestão da Política de Assistência Social;2350;Vigilância Socioassistencial;3;Diagnóstico;0.25;0;250;0;0;0;0;0;0
PDI;EIXO: PROMOÇÃO DE DIREITOS E PROTEÇÃO INTEGRAL;ASS;SUB-EIXO: ASSISTÊNCIA SOCIAL;NEX;NEX;8;Assistência Social;244;Assistência Comunitária;113;Gestão da Política de Assistência Social;2350;Vigilância Socioassistencial;4;Monitoramento e Acompanhamento;0.25;0;5250;0;0;0;0;0;0
PDI;EIXO: PROMOÇÃO DE DIREITOS E PROTEÇÃO INTEGRAL;ASS;SUB-EIXO: ASSISTÊNCIA SOCIAL;NEX;NEX;8;Assistência Social;244;Assistência Comunitária;113;Gestão da Política de Assistência Social;2350;Vigilância Socioassistencial;6;Realização de Estudo de Custo dos Serviços e Benefícios Socioassistenciais no âmbito do SUAS;0.25;0;33750;0;0;0;0;0;0
PDI;EIXO: PROMOÇÃO DE DIREITOS E PROTEÇÃO INTEGRAL;ASS;SUB-EIXO: ASSISTÊNCIA SOCIAL;NEX;NEX;8;Assistência Social;244;Assistência Comunitária;113;Gestão da Política de Assistência Social;2351;Serviço de Informação e Informatização;1;Serviço Interno de Informação;0.25;0;86460;3739.7475;1955.2475;646.7475;3739.7475;1955.2475;646.7475
PDI;EIXO: PROMOÇÃO DE DIREITOS E PROTEÇÃO INTEGRAL;ASS;SUB-EIXO: ASSISTÊNCIA SOCIAL;NEX;NEX;8;Assistência Social;244;Assistência Comunitária;113;Gestão da Política de Assistência Social;2804;Gestão dos Equipamentos e Promoção Social;1;Gestão dos Equipamentos e Promoção Social;0.25;0;283375;0;0;0;0;0;0
PDI;EIXO: PROMOÇÃO DE DIREITOS E PROTEÇÃO INTEGRAL;ASS;SUB-EIXO: ASSISTÊNCIA SOCIAL;NEX;NEX;8;Assistência Social;244;Assistência Comunitária;120;Transferência de Renda;2797;Coordenação das Ações de Transferência de Renda -  Programa Bolsa Família;1;Ações Intersetoriais de Atendimento às Famílias;0.25;0;583250;178135.7825;178135.7825;133573.865;178135.7825;178135.7825;133573.865
PDI;EIXO: PROMOÇÃO DE DIREITOS E PROTEÇÃO INTEGRAL;ASS;SUB-EIXO: ASSISTÊNCIA SOCIAL;NEX;NEX;8;Assistência Social;244;Assistência Comunitária;123;Gestão da Política Social;2804;Gestão dos Equipamentos e Promoção Social;1;Gestão dos Equipamentos e Promoção Social;0.25;0;6765323;1266403.435;1266403.435;960511.5575;1266403.435;1266403.435;960511.5575
PDI;EIXO: PROMOÇÃO DE DIREITOS E PROTEÇÃO INTEGRAL;ASS;SUB-EIXO: ASSISTÊNCIA SOCIAL;NEX;NEX;8;Assistência Social;244;Assistência Comunitária;234;BH Cidadania  e o SUAS - Sistema Único de Assistência Social ;1220;Construção, Ampliação e Reforma de Unidades de Assistência Social;1;Construção, Ampliação e Reforma de Unidades de Assistência Social;0.25;0;1487047;207953.47;207953.47;207953.47;207953.47;207953.47;207953.47
PDI;EIXO: PROMOÇÃO DE DIREITOS E PROTEÇÃO INTEGRAL;ASS;SUB-EIXO: ASSISTÊNCIA SOCIAL;NEX;NEX;8;Assistência Social;244;Assistência Comunitária;234;BH Cidadania  e o SUAS - Sistema Único de Assistência Social ;1220;Construção, Ampliação e Reforma de Unidades de Assistência Social;2;Construção e/ou Reforma de Espaços BH Cidadania;0.25;0;1854585;0;0;0;0;0;0
PDI;EIXO: PROMOÇÃO DE DIREITOS E PROTEÇÃO INTEGRAL;ASS;SUB-EIXO: ASSISTÊNCIA SOCIAL;NEX;NEX;8;Assistência Social;244;Assistência Comunitária;234;BH Cidadania  e o SUAS - Sistema Único de Assistência Social ;2403;Serviço de Proteção Social Especial de Alta Complexidade;1;Acolhimento Institucional para Pessoa com Deficiência;0.25;0;241513;97755;57627.5;53252.5;97755;57627.5;53252.5
PDI;EIXO: PROMOÇÃO DE DIREITOS E PROTEÇÃO INTEGRAL;ASS;SUB-EIXO: ASSISTÊNCIA SOCIAL;NEX;NEX;8;Assistência Social;244;Assistência Comunitária;234;BH Cidadania  e o SUAS - Sistema Único de Assistência Social ;2403;Serviço de Proteção Social Especial de Alta Complexidade;7;Acolhimento Institucional para Adultos em Situação de Rua e Outros Riscos;0.25;0;564636;167831.9625;94406.24;82064.2725;167831.9625;94406.24;82064.2725
PDI;EIXO: PROMOÇÃO DE DIREITOS E PROTEÇÃO INTEGRAL;ASS;SUB-EIXO: ASSISTÊNCIA SOCIAL;EX;EX;8;Assistência Social;244;Assistência Comunitária;234;BH Cidadania  e o SUAS - Sistema Único de Assistência Social ;2403;Serviço de Proteção Social Especial de Alta Complexidade;9;Acompanhamento do Serviço de Famílias Acolhedoras;1;0;229160;101580;61860;42000;101580;61860;42000
PDI;EIXO: PROMOÇÃO DE DIREITOS E PROTEÇÃO INTEGRAL;ASS;SUB-EIXO: ASSISTÊNCIA SOCIAL;NEX;NEX;8;Assistência Social;244;Assistência Comunitária;234;BH Cidadania  e o SUAS - Sistema Único de Assistência Social ;2403;Serviço de Proteção Social Especial de Alta Complexidade;12;Acolhimento Institucional para Pessoa com Deficiência - Residência Inclusiva;0.25;0;368192;183721.125;120456.2625;113307.3375;183721.125;120456.2625;113307.3375
PDI;EIXO: PROMOÇÃO DE DIREITOS E PROTEÇÃO INTEGRAL;ASS;SUB-EIXO: ASSISTÊNCIA SOCIAL;EX;EX;8;Assistência Social;244;Assistência Comunitária;234;BH Cidadania  e o SUAS - Sistema Único de Assistência Social ;2403;Serviço de Proteção Social Especial de Alta Complexidade;20;Implantação do bolsa auxílio para famílias do Serviço de Famílias Acolhedoras;1;0;1000;0;0;0;0;0;0
PDI;EIXO: PROMOÇÃO DE DIREITOS E PROTEÇÃO INTEGRAL;ASS;SUB-EIXO: ASSISTÊNCIA SOCIAL;NEX;NEX;8;Assistência Social;244;Assistência Comunitária;234;BH Cidadania  e o SUAS - Sistema Único de Assistência Social ;2409;Centros de Referência;3;Centro Dia de Referência para Pessoa Adulta com Deficiência Dependente e Família;0.25;0;404621;144421.245;71715.495;71715.495;144421.245;71715.495;71715.495
PDI;EIXO: PROMOÇÃO DE DIREITOS E PROTEÇÃO INTEGRAL;ASS;SUB-EIXO: ASSISTÊNCIA SOCIAL;NEX;NEX;8;Assistência Social;244;Assistência Comunitária;237;Qualificação, Profissionalização e Emprego;2404;Ações de Qualificação, Profissionalização e Emprego;1;Disponibilização de Vagas para o Programa Municipal de Qualificação, Emprego e Renda;0.25;0;948709;573526.8625;389035.45;352884.9975;573526.8625;389035.45;352884.9975
PDI;EIXO: PROMOÇÃO DE DIREITOS E PROTEÇÃO INTEGRAL;ASS;SUB-EIXO: ASSISTÊNCIA SOCIAL;EX;EX;8;Assistência Social;244;Assistência Comunitária;241;Recomeço;2403;Serviço de Proteção Social Especial de Alta Complexidade;24;Acolhimento Institucional de Bebes de Mães Usuárias de Drogas;1;0;594000;0;0;0;0;0;0
PDI;EIXO: PROMOÇÃO DE DIREITOS E PROTEÇÃO INTEGRAL;ASS;SUB-EIXO: ASSISTÊNCIA SOCIAL;NEX;NEX;8;Assistência Social;244;Assistência Comunitária;241;Recomeço;2873;Apoio às Ações de Políticas sobre Drogas;1;Apoio as Ações de Políticas sobre Drogas;0.25;0;12500;6293.21;0;0;6293.21;0;0
PDI;EIXO: PROMOÇÃO DE DIREITOS E PROTEÇÃO INTEGRAL;ASS;SUB-EIXO: ASSISTÊNCIA SOCIAL;NEX;NEX;8;Assistência Social;244;Assistência Comunitária;241;Recomeço;2873;Apoio às Ações de Políticas sobre Drogas;2;Implantação do Sistema de Informação Compartilhada sobre Usuários de Álcool e Outras Drogas;0.25;0;2500;0;0;0;0;0;0
PDI;EIXO: PROMOÇÃO DE DIREITOS E PROTEÇÃO INTEGRAL;ASS;SUB-EIXO: ASSISTÊNCIA SOCIAL;NEX;NEX;8;Assistência Social;244;Assistência Comunitária;241;Recomeço;2873;Apoio às Ações de Políticas sobre Drogas;3;Conferência Municipal de Políticas sobre Drogas de Belo Horizonte;0.25;0;6250;0;0;0;0;0;0
PDI;EIXO: PROMOÇÃO DE DIREITOS E PROTEÇÃO INTEGRAL;ASS;SUB-EIXO: ASSISTÊNCIA SOCIAL;NEX;NEX;8;Assistência Social;244;Assistência Comunitária;241;Recomeço;2873;Apoio às Ações de Políticas sobre Drogas;5;Suporte Técnico e Administrativo ao Conselho Municipal de Políticas sobre Drogas;0.25;0;3750;0;0;0;0;0;0
PDI;EIXO: PROMOÇÃO DE DIREITOS E PROTEÇÃO INTEGRAL;ASS;SUB-EIXO: ASSISTÊNCIA SOCIAL;NEX;NEX;8;Assistência Social;244;Assistência Comunitária;241;Recomeço;2878;Serviço de Proteção Especial de Média Complexidade;9;Centro de Referência Especializado de Assistência Social / CREAS Móvel;0.25;0;324531;3075;2016.675;1037.8;3075;2016.675;1037.8
PDI;EIXO: PROMOÇÃO DE DIREITOS E PROTEÇÃO INTEGRAL;ASS;SUB-EIXO: ASSISTÊNCIA SOCIAL;NEX;NEX;8;Assistência Social;244;Assistência Comunitária;241;Recomeço;2878;Serviço de Proteção Especial de Média Complexidade;10;Implantação do Centro de Referência Especializado de Assistência Social / CREAS Móvel;0.25;0;8200;0;0;0;0;0;0
PDI;EIXO: PROMOÇÃO DE DIREITOS E PROTEÇÃO INTEGRAL;ASS;SUB-EIXO: ASSISTÊNCIA SOCIAL;EX;EX;8;Assistência Social;306;Alimentação e Nutrição;132;Gestão da Política Municipal de Segurança Alimentar e Nutricional;2120;Gestão da Assistência Alimentar e Nutricional às Entidades;3;Gerenciamento da Assistência Alimentar e Nutricional às Creches Conveniadas - Educação Infantil;1;0;5718270;2356086.19;282573.31;177778.71;2356086.19;282573.31;177778.71
PDI;EIXO: PROMOÇÃO DE DIREITOS E PROTEÇÃO INTEGRAL;ASS;SUB-EIXO: ASSISTÊNCIA SOCIAL;EX;EX;8;Assistência Social;306;Alimentação e Nutrição;132;Gestão da Política Municipal de Segurança Alimentar e Nutricional;2120;Gestão da Assistência Alimentar e Nutricional às Entidades;4;Gerenciamento da Assistência Alimentar e Nutricional às Entidades Infanto Juvenis;1;0;800000;405656.6;157300.8;102528;405656.6;157300.8;102528
PDI;EIXO: PROMOÇÃO DE DIREITOS E PROTEÇÃO INTEGRAL;ASS;SUB-EIXO: ASSISTÊNCIA SOCIAL;NEX;NEX;8;Assistência Social;452;Serviços Urbanos;236;Direito de Todos ;2856;Execução do Programa Meio Passe Estudantil;1;Concessão do Benefício para Estudantes Municipais do Ensino Médio e EJA;0.85;0;2125000;637500;76772.0255;76772.0255;637500;76772.0255;76772.0255
PDI;EIXO: PROMOÇÃO DE DIREITOS E PROTEÇÃO INTEGRAL;ASS;SUB-EIXO: ASSISTÊNCIA SOCIAL;EX;EX;11;Trabalho;333;Empregabilidade;236;Direito de Todos ;2331;Centro de Referência em Segurança Alimentar e Nutricional Sustentável;6;Programa Pão Escola;1;0;190800;101869.26;44318.7;30994.12;101869.26;44318.7;30994.12
PDI;EIXO: PROMOÇÃO DE DIREITOS E PROTEÇÃO INTEGRAL;ASS;SUB-EIXO: ASSISTÊNCIA SOCIAL;NEX;NEX;11;Trabalho;333;Empregabilidade;237;Qualificação, Profissionalização e Emprego;2404;Ações de Qualificação, Profissionalização e Emprego;1;Disponibilização de Vagas para o Programa Municipal de Qualificação, Emprego e Renda;0.25;0;25000;67351.675;32468.175;26417.675;67351.675;32468.175;26417.675
PDI;EIXO: PROMOÇÃO DE DIREITOS E PROTEÇÃO INTEGRAL;ASS;SUB-EIXO: ASSISTÊNCIA SOCIAL;NEX;NEX;11;Trabalho;334;Fomento ao Trabalho;237;Qualificação, Profissionalização e Emprego;2404;Ações de Qualificação, Profissionalização e Emprego;1;Disponibilização de Vagas para o Programa Municipal de Qualificação, Emprego e Renda;0.25;0;215207;4488.75;4488.75;0;4488.75;4488.75;0
PDI;EIXO: PROMOÇÃO DE DIREITOS E PROTEÇÃO INTEGRAL;ASS;SUB-EIXO: ASSISTÊNCIA SOCIAL;NEX;NEX;11;Trabalho;334;Fomento ao Trabalho;237;Qualificação, Profissionalização e Emprego;2404;Ações de Qualificação, Profissionalização e Emprego;11;Economia Solidária - Apoio aos Grupos Produtivos e Trabalhadores Autônomos;0.25;0;206126;43868.245;39647.6525;12855.0825;43868.245;39647.6525;12855.0825
PDI;EIXO: PROMOÇÃO DE DIREITOS E PROTEÇÃO INTEGRAL;ASS;SUB-EIXO: ASSISTÊNCIA SOCIAL;NEX;NEX;11;Trabalho;334;Fomento ao Trabalho;237;Qualificação, Profissionalização e Emprego;2404;Ações de Qualificação, Profissionalização e Emprego;12;Manutenção dos Serviços de Intermediação ao Trabalho - Atendimento ao Trabalhador nos SINES;0.25;0;884185;187056.1875;103059.37;98938.685;187056.1875;103059.37;98938.685
PDI;EIXO: PROMOÇÃO DE DIREITOS E PROTEÇÃO INTEGRAL;ASS;SUB-EIXO: ASSISTÊNCIA SOCIAL;NEX;NEX;14;Direitos da Cidadania;422;Direitos Individuais, Coletivos e Difusos;236;Direito de Todos ;2819;Apoio à Promoção das Políticas da Juventude;1;Apoio à Promoção das Políticas da Juventude;0.25;0;157849;18908.495;16682.18;11835.96;18908.495;16682.18;11835.96
PDI;EIXO: PROMOÇÃO DE DIREITOS E PROTEÇÃO INTEGRAL;ASS;SUB-EIXO: ASSISTÊNCIA SOCIAL;NEX;NEX;14;Direitos da Cidadania;422;Direitos Individuais, Coletivos e Difusos;236;Direito de Todos ;2819;Apoio à Promoção das Políticas da Juventude;3;Conferência Municipal da Juventude;0.25;0;22500;0;0;0;0;0;0
PDI;EIXO: PROMOÇÃO DE DIREITOS E PROTEÇÃO INTEGRAL;ASS;SUB-EIXO: ASSISTÊNCIA SOCIAL;NEX;NEX;14;Direitos da Cidadania;422;Direitos Individuais, Coletivos e Difusos;236;Direito de Todos ;2819;Apoio à Promoção das Políticas da Juventude;4;Realização de Fóruns da Juventude;0.25;0;2500;0;0;0;0;0;0
PDI;EIXO: PROMOÇÃO DE DIREITOS E PROTEÇÃO INTEGRAL;ASS;SUB-EIXO: ASSISTÊNCIA SOCIAL;NEX;NEX;14;Direitos da Cidadania;422;Direitos Individuais, Coletivos e Difusos;236;Direito de Todos ;2819;Apoio à Promoção das Políticas da Juventude;5;Requalificação do Viaduto Santa Tereza;0.25;0;2500;0;0;0;0;0;0
PDI;EIXO: PROMOÇÃO DE DIREITOS E PROTEÇÃO INTEGRAL;ASS;SUB-EIXO: ASSISTÊNCIA SOCIAL;NEX;NEX;14;Direitos da Cidadania;422;Direitos Individuais, Coletivos e Difusos;236;Direito de Todos ;2819;Apoio à Promoção das Políticas da Juventude;6;Operacionalização do Centro de Referência da Juventude;0.25;0;75000;0;0;0;0;0;0
PDI;EIXO: PROMOÇÃO DE DIREITOS E PROTEÇÃO INTEGRAL;ASS;SUB-EIXO: ASSISTÊNCIA SOCIAL;NEX;NEX;14;Direitos da Cidadania;422;Direitos Individuais, Coletivos e Difusos;241;Recomeço;2873;Apoio às Ações de Políticas sobre Drogas;1;Apoio as Ações de Políticas sobre Drogas;0.25;0;122625;0;0;0;0;0;0
PDI;EIXO: PROMOÇÃO DE DIREITOS E PROTEÇÃO INTEGRAL;ASS;SUB-EIXO: ASSISTÊNCIA SOCIAL;NEX;NEX;19;Ciência e Tecnologia;126;Tecnologia da Informação;85;Gestão da Política de Tecnologia da Informação e Comunicação;2604;Centro de Recondicionamento de Computadores;1;Manutenção dos Centros de Inclusão Digital;0.25;0;1056285;181684.3375;160679.7425;127330.1275;181684.3375;160679.7425;127330.1275
PDI;EIXO: PROMOÇÃO DE DIREITOS E PROTEÇÃO INTEGRAL;ASS;SUB-EIXO: ASSISTÊNCIA SOCIAL;NEX;NEX;19;Ciência e Tecnologia;126;Tecnologia da Informação;85;Gestão da Política de Tecnologia da Informação e Comunicação;2604;Centro de Recondicionamento de Computadores;2;Recondicionamento de Computadores;0.25;0;7750;0;0;0;0;0;0
PDI;EIXO: PROMOÇÃO DE DIREITOS E PROTEÇÃO INTEGRAL;ASS;SUB-EIXO: ASSISTÊNCIA SOCIAL;NEX;NEX;19;Ciência e Tecnologia;126;Tecnologia da Informação;85;Gestão da Política de Tecnologia da Informação e Comunicação;2604;Centro de Recondicionamento de Computadores;3;Qualificação em TIC - Tecnologia da Informação e Comunicação;0.25;0;117750;0;0;0;0;0;0
PDI;EIXO: PROMOÇÃO DE DIREITOS E PROTEÇÃO INTEGRAL;ASS;SUB-EIXO: ASSISTÊNCIA SOCIAL;NEX;NEX;19;Ciência e Tecnologia;572;Desenvolvimento Tecnológico e Engenharia;85;Gestão da Política de Tecnologia da Informação e Comunicação;2602;Gerenciamento, Implantação e Atendimento de Serviços na RMI;1;Melhoria dos Processos de Suporte e Entrega a Serviços de TIC;0.25;0;1542757;837579.77;589005.31;511569.2225;837579.77;589005.31;511569.2225
PDI;EIXO: PROMOÇÃO DE DIREITOS E PROTEÇÃO INTEGRAL;ASS;SUB-EIXO: ASSISTÊNCIA SOCIAL;NEX;NEX;19;Ciência e Tecnologia;572;Desenvolvimento Tecnológico e Engenharia;85;Gestão da Política de Tecnologia da Informação e Comunicação;2602;Gerenciamento, Implantação e Atendimento de Serviços na RMI;2;Adequação do Datacenter às Demandas de Serviços de TIC da PBH;0.25;0;5620598;1602985.47;1576437.3;1176012.198;1602985.47;1576437.3;1176012.198
PDI;EIXO: PROMOÇÃO DE DIREITOS E PROTEÇÃO INTEGRAL;ASS;SUB-EIXO: ASSISTÊNCIA SOCIAL;NEX;NEX;19;Ciência e Tecnologia;572;Desenvolvimento Tecnológico e Engenharia;85;Gestão da Política de Tecnologia da Informação e Comunicação;2603;Implantação de Soluções e Modernização de Sistemas ;4;Estruturação de Ambientes para Desenvolvimento de Software;0.25;0;7121381;2193661.17;2066289.813;1554829.093;2193661.17;2066289.813;1554829.093
PDI;EIXO: PROMOÇÃO DE DIREITOS E PROTEÇÃO INTEGRAL;ASS;SUB-EIXO: ASSISTÊNCIA SOCIAL;NEX;NEX;19;Ciência e Tecnologia;572;Desenvolvimento Tecnológico e Engenharia;85;Gestão da Política de Tecnologia da Informação e Comunicação;2603;Implantação de Soluções e Modernização de Sistemas ;6;Melhoria do Processo de Implantação de Sistemas;0.25;0;2500;0;0;0;0;0;0
PDI;EIXO: PROMOÇÃO DE DIREITOS E PROTEÇÃO INTEGRAL;ASS;SUB-EIXO: ASSISTÊNCIA SOCIAL;NEX;NEX;19;Ciência e Tecnologia;572;Desenvolvimento Tecnológico e Engenharia;221;BH Digital;1373;Gestão do Plano Diretor de Informática;5;Internet Banda Larga Disponibilizada em Áreas de Vilas e Favelas ;0.25;0;2819029;0;0;0;0;0;0
PDI;EIXO: PROMOÇÃO DE DIREITOS E PROTEÇÃO INTEGRAL;ASS;SUB-EIXO: ASSISTÊNCIA SOCIAL;NEX;NEX;19;Ciência e Tecnologia;572;Desenvolvimento Tecnológico e Engenharia;221;BH Digital;1373;Gestão do Plano Diretor de Informática;7;"Disponibilização de Sinal de Internet em Bairros da Cidade através do Programa ""Uma Praça em cada Bairro""";0.25;0;73545;0;0;0;0;0;0
PDI;EIXO: PROMOÇÃO DE DIREITOS E PROTEÇÃO INTEGRAL;ASS;SUB-EIXO: ASSISTÊNCIA SOCIAL;NEX;NEX;19;Ciência e Tecnologia;572;Desenvolvimento Tecnológico e Engenharia;221;BH Digital;1373;Gestão do Plano Diretor de Informática;8;Implantação do Programa Saber em Primeiro Lugar - Atração de Voluntários nos Telecentros;0.25;0;17062;0;0;0;0;0;0
PDI;EIXO: PROMOÇÃO DE DIREITOS E PROTEÇÃO INTEGRAL;DCI;SUB-EIXO: DIREITOS DA CIDADANIA;NEX;NEX;14;Direitos da Cidadania;422;Direitos Individuais, Coletivos e Difusos;127;Promoção e Defesa de Direitos Humanos e Cidadania ;2334;Gestão Compartilhada e Participação Social;1;Coordenação e Participação em Fóruns Governamentais e GTs;0.25;0;500;0;0;0;0;0;0
PDI;EIXO: PROMOÇÃO DE DIREITOS E PROTEÇÃO INTEGRAL;DCI;SUB-EIXO: DIREITOS DA CIDADANIA;NEX;NEX;14;Direitos da Cidadania;422;Direitos Individuais, Coletivos e Difusos;127;Promoção e Defesa de Direitos Humanos e Cidadania ;2334;Gestão Compartilhada e Participação Social;2;Apoio aos Conselhos Municipais;0.25;0;25500;0;0;0;0;0;0
PDI;EIXO: PROMOÇÃO DE DIREITOS E PROTEÇÃO INTEGRAL;DCI;SUB-EIXO: DIREITOS DA CIDADANIA;NEX;NEX;14;Direitos da Cidadania;422;Direitos Individuais, Coletivos e Difusos;127;Promoção e Defesa de Direitos Humanos e Cidadania ;2334;Gestão Compartilhada e Participação Social;3;Realização de Conferências;0.25;0;12250;0;0;0;0;0;0
PDI;EIXO: PROMOÇÃO DE DIREITOS E PROTEÇÃO INTEGRAL;DCI;SUB-EIXO: DIREITOS DA CIDADANIA;NEX;NEX;14;Direitos da Cidadania;422;Direitos Individuais, Coletivos e Difusos;127;Promoção e Defesa de Direitos Humanos e Cidadania ;2334;Gestão Compartilhada e Participação Social;13;Implantação do Observatório de Direitos Humanos de Belo Horizonte;0.25;0;500;0;0;0;0;0;0
PDI;EIXO: PROMOÇÃO DE DIREITOS E PROTEÇÃO INTEGRAL;DCI;SUB-EIXO: DIREITOS DA CIDADANIA;NEX;NEX;14;Direitos da Cidadania;422;Direitos Individuais, Coletivos e Difusos;127;Promoção e Defesa de Direitos Humanos e Cidadania ;2335;Educação Política em Direitos Humanos e Cidadania;1;Sensibilização de Agentes Públicos e Sociedade Civil;0.25;0;49000;22593;7487.59;7487.59;22593;7487.59;7487.59
PDI;EIXO: PROMOÇÃO DE DIREITOS E PROTEÇÃO INTEGRAL;DCI;SUB-EIXO: DIREITOS DA CIDADANIA;NEX;NEX;14;Direitos da Cidadania;422;Direitos Individuais, Coletivos e Difusos;127;Promoção e Defesa de Direitos Humanos e Cidadania ;2335;Educação Política em Direitos Humanos e Cidadania;2;Orientação em Direitos Humanos;0.25;0;31750;5691.13;0;0;5691.13;0;0
PDI;EIXO: PROMOÇÃO DE DIREITOS E PROTEÇÃO INTEGRAL;DCI;SUB-EIXO: DIREITOS DA CIDADANIA;NEX;NEX;14;Direitos da Cidadania;422;Direitos Individuais, Coletivos e Difusos;127;Promoção e Defesa de Direitos Humanos e Cidadania ;2335;Educação Política em Direitos Humanos e Cidadania;3;Realização de Atividade de Orientação à Agentes Públicos para Melhor Atendimento ao Cidadão;0.25;0;3750;0;0;0;0;0;0
PDI;EIXO: PROMOÇÃO DE DIREITOS E PROTEÇÃO INTEGRAL;DCI;SUB-EIXO: DIREITOS DA CIDADANIA;NEX;NEX;14;Direitos da Cidadania;422;Direitos Individuais, Coletivos e Difusos;127;Promoção e Defesa de Direitos Humanos e Cidadania ;2900;Serviços Administrativos e Financeiros;1;Serviços Administrativos e Financeiros ;0.25;0;2097450;641867.77;608734.7725;464177.1525;641867.77;608734.7725;464177.1525
PDI;EIXO: PROMOÇÃO DE DIREITOS E PROTEÇÃO INTEGRAL;DCI;SUB-EIXO: DIREITOS DA CIDADANIA;EX;EX;14;Direitos da Cidadania;422;Direitos Individuais, Coletivos e Difusos;163;Promoção e Proteção às Crianças e Adolescentes e suas Famílias ;2884;Programa BH: Crianças e Adolescentes Protegidos;1;Capacitação da Rede de Atenção à Criança e ao Adolescente, Sociedade Civil, Fóruns e Afins;1;0;426000;0;0;0;0;0;0
PDI;EIXO: PROMOÇÃO DE DIREITOS E PROTEÇÃO INTEGRAL;DCI;SUB-EIXO: DIREITOS DA CIDADANIA;EX;EX;14;Direitos da Cidadania;422;Direitos Individuais, Coletivos e Difusos;163;Promoção e Proteção às Crianças e Adolescentes e suas Famílias ;2884;Programa BH: Crianças e Adolescentes Protegidos;3;Realização de Eventos e Campanhas para Mobilização Social e Informação;1;0;15000;0;0;0;0;0;0
PDI;EIXO: PROMOÇÃO DE DIREITOS E PROTEÇÃO INTEGRAL;DCI;SUB-EIXO: DIREITOS DA CIDADANIA;EX;EX;14;Direitos da Cidadania;422;Direitos Individuais, Coletivos e Difusos;163;Promoção e Proteção às Crianças e Adolescentes e suas Famílias ;2884;Programa BH: Crianças e Adolescentes Protegidos;6;Reestruturação e Aperfeiçoamento do Programa de Enfrentamento ao Abuso e Exploração Sexual;1;0;9000;0;0;0;0;0;0
PDI;EIXO: PROMOÇÃO DE DIREITOS E PROTEÇÃO INTEGRAL;DCI;SUB-EIXO: DIREITOS DA CIDADANIA;NEX;NEX;14;Direitos da Cidadania;422;Direitos Individuais, Coletivos e Difusos;236;Direito de Todos ;2333;Promoção de Ações Afirmativas dos Movimentos Sociais;8;Ações Afirmativas BH Cidadã: Sem Homofobia;0.25;0;10000;0;0;0;0;0;0
PDI;EIXO: PROMOÇÃO DE DIREITOS E PROTEÇÃO INTEGRAL;DCI;SUB-EIXO: DIREITOS DA CIDADANIA;NEX;NEX;14;Direitos da Cidadania;422;Direitos Individuais, Coletivos e Difusos;236;Direito de Todos ;2333;Promoção de Ações Afirmativas dos Movimentos Sociais;11;Realização de Diagnósticos sobre a Realidade das Comunidades Indígenas e Quilombolas da Cidade;0.25;0;75000;0;0;0;0;0;0
PDI;EIXO: PROMOÇÃO DE DIREITOS E PROTEÇÃO INTEGRAL;DCI;SUB-EIXO: DIREITOS DA CIDADANIA;NEX;NEX;14;Direitos da Cidadania;422;Direitos Individuais, Coletivos e Difusos;236;Direito de Todos ;2335;Educação Política em Direitos Humanos e Cidadania;4;Orientação a Grupos Étnicos e Comunidades Raciais;0.25;0;5000;0;0;0;0;0;0
PDI;EIXO: PROMOÇÃO DE DIREITOS E PROTEÇÃO INTEGRAL;DCI;SUB-EIXO: DIREITOS DA CIDADANIA;NEX;NEX;14;Direitos da Cidadania;422;Direitos Individuais, Coletivos e Difusos;236;Direito de Todos ;2345;Atendimento e Orientação Psicossocial e Jurídico ;5;Atendimento Psicossocial e Jurídico à População LGBT;0.25;0;14000;0;0;0;0;0;0
PDI;EIXO: PROMOÇÃO DE DIREITOS E PROTEÇÃO INTEGRAL;DCI;SUB-EIXO: DIREITOS DA CIDADANIA;NEX;NEX;14;Direitos da Cidadania;422;Direitos Individuais, Coletivos e Difusos;236;Direito de Todos ;2345;Atendimento e Orientação Psicossocial e Jurídico ;7;Atendimento psicossocial e jurídico à mulher em situação de violência de gênero - Benvinda;0.25;0;23250;782.45;290.57;290.57;782.45;290.57;290.57
PDI;EIXO: PROMOÇÃO DE DIREITOS E PROTEÇÃO INTEGRAL;DCI;SUB-EIXO: DIREITOS DA CIDADANIA;NEX;NEX;14;Direitos da Cidadania;422;Direitos Individuais, Coletivos e Difusos;236;Direito de Todos ;2345;Atendimento e Orientação Psicossocial e Jurídico ;8;Acolhimento, qualificação e capacitação da mulher vitima de violência- Centro de opoio à Mulher BENVIDA;0.25;0;25000;0;0;0;0;0;0
PDI;EIXO: PROMOÇÃO DE DIREITOS E PROTEÇÃO INTEGRAL;DCI;SUB-EIXO: DIREITOS DA CIDADANIA;NEX;NEX;14;Direitos da Cidadania;422;Direitos Individuais, Coletivos e Difusos;237;Qualificação, Profissionalização e Emprego;2404;Ações de Qualificação, Profissionalização e Emprego;1;Disponibilização de Vagas para o Programa Municipal de Qualificação, Emprego e Renda;0.25;0;250;0;0;0;0;0;0
PDI;EIXO: PROMOÇÃO DE DIREITOS E PROTEÇÃO INTEGRAL;DCI;SUB-EIXO: DIREITOS DA CIDADANIA;NEX;NEX;14;Direitos da Cidadania;422;Direitos Individuais, Coletivos e Difusos;237;Qualificação, Profissionalização e Emprego;2404;Ações de Qualificação, Profissionalização e Emprego;19;Modernização e Ampliação dos Laboratórios da Escola Raimunda da Silva Soares;0.25;0;216500;96528.7925;62812.985;49591.21;96528.7925;62812.985;49591.21
PVS;EIXO: PROMOVENDO VIDAS SAUDAVEIS;HAB;SUB-EIXO: HABITAÇÃO;NEX;NEX;16;Habitação;482;Habitação Urbana;64;Geração e Qualificação Habitacional em Áreas de Interesse Social;1207;Produção de Moradias;1;Diversos Programas Habitacionais - Obras;0.25;0;1251000;0;0;0;0;0;0
PVS;EIXO: PROMOVENDO VIDAS SAUDAVEIS;HAB;SUB-EIXO: HABITAÇÃO;NEX;NEX;16;Habitação;482;Habitação Urbana;64;Geração e Qualificação Habitacional em Áreas de Interesse Social;1207;Produção de Moradias;2;Acompanhamento Social de Famílias;0.25;0;432188;0;0;0;0;0;0
PVS;EIXO: PROMOVENDO VIDAS SAUDAVEIS;HAB;SUB-EIXO: HABITAÇÃO;NEX;NEX;16;Habitação;482;Habitação Urbana;64;Geração e Qualificação Habitacional em Áreas de Interesse Social;1207;Produção de Moradias;8;Gestão da Política Municipal de Habitação-PMH e Participação Popular;0.25;0;1370083;0;0;0;0;0;0
PVS;EIXO: PROMOVENDO VIDAS SAUDAVEIS;HAB;SUB-EIXO: HABITAÇÃO;NEX;NEX;16;Habitação;482;Habitação Urbana;64;Geração e Qualificação Habitacional em Áreas de Interesse Social;1207;Produção de Moradias;10;Intervenções Especiais em Conjuntos Habitacionais;0.25;0;181726;0;0;0;0;0;0
PVS;EIXO: PROMOVENDO VIDAS SAUDAVEIS;HAB;SUB-EIXO: HABITAÇÃO;NEX;NEX;16;Habitação;482;Habitação Urbana;64;Geração e Qualificação Habitacional em Áreas de Interesse Social;1231;Melhorias Urbanas em Assentamentos Precários;1;Consultorias e Apoio a Serviços Especiais;0.25;0;1743190;340190.2175;225356.705;188284.07;340190.2175;225356.705;188284.07
PVS;EIXO: PROMOVENDO VIDAS SAUDAVEIS;HAB;SUB-EIXO: HABITAÇÃO;NEX;NEX;16;Habitação;482;Habitação Urbana;64;Geração e Qualificação Habitacional em Áreas de Interesse Social;1231;Melhorias Urbanas em Assentamentos Precários;3;Outras Intervenções em Assentamentos Precários;0.25;0;1500;0;0;0;0;0;0
PVS;EIXO: PROMOVENDO VIDAS SAUDAVEIS;HAB;SUB-EIXO: HABITAÇÃO;NEX;NEX;16;Habitação;482;Habitação Urbana;64;Geração e Qualificação Habitacional em Áreas de Interesse Social;1231;Melhorias Urbanas em Assentamentos Precários;8;Ações Sociais em Assentamentos Precários;0.25;0;40518;0;0;0;0;0;0
PVS;EIXO: PROMOVENDO VIDAS SAUDAVEIS;HAB;SUB-EIXO: HABITAÇÃO;NEX;NEX;16;Habitação;482;Habitação Urbana;64;Geração e Qualificação Habitacional em Áreas de Interesse Social;1231;Melhorias Urbanas em Assentamentos Precários;25;Reassentamento/Indenizações;0.25;0;568729;0;0;0;0;0;0
PVS;EIXO: PROMOVENDO VIDAS SAUDAVEIS;HAB;SUB-EIXO: HABITAÇÃO;NEX;NEX;16;Habitação;482;Habitação Urbana;64;Geração e Qualificação Habitacional em Áreas de Interesse Social;1231;Melhorias Urbanas em Assentamentos Precários;27;Reassentamento/Indenizações - OP;0.25;0;268487;0;0;0;0;0;0
PVS;EIXO: PROMOVENDO VIDAS SAUDAVEIS;HAB;SUB-EIXO: HABITAÇÃO;NEX;NEX;16;Habitação;482;Habitação Urbana;64;Geração e Qualificação Habitacional em Áreas de Interesse Social;2792;Programa Bolsa Moradia;1;Programa Bolsa Moradia;0.25;0;1832837;176000;172375;172375;176000;172375;172375
PVS;EIXO: PROMOVENDO VIDAS SAUDAVEIS;HAB;SUB-EIXO: HABITAÇÃO;NEX;NEX;16;Habitação;482;Habitação Urbana;64;Geração e Qualificação Habitacional em Áreas de Interesse Social;2792;Programa Bolsa Moradia;2;Programa Bolsa Moradia - Risco;0.25;0;593450;240000;220543.25;220543.25;240000;220543.25;220543.25
PVS;EIXO: PROMOVENDO VIDAS SAUDAVEIS;HAB;SUB-EIXO: HABITAÇÃO;NEX;NEX;16;Habitação;482;Habitação Urbana;64;Geração e Qualificação Habitacional em Áreas de Interesse Social;2792;Programa Bolsa Moradia;3;Programa Bolsa Moradia - Obras Vila Viva;0.25;0;2004329;383750;356125;356125;383750;356125;356125
PVS;EIXO: PROMOVENDO VIDAS SAUDAVEIS;HAB;SUB-EIXO: HABITAÇÃO;NEX;NEX;16;Habitação;482;Habitação Urbana;64;Geração e Qualificação Habitacional em Áreas de Interesse Social;2792;Programa Bolsa Moradia;5;Programa Bolsa Moradia - Implantação do Corta Caminho;0.25;0;142160;11250;7375;7375;11250;7375;7375
PVS;EIXO: PROMOVENDO VIDAS SAUDAVEIS;HAB;SUB-EIXO: HABITAÇÃO;NEX;NEX;16;Habitação;482;Habitação Urbana;209;Implantação do Corta Caminho ;1330;Implantação do Corta Caminho;1;Ações Sociais;0.25;0;750;0;0;0;0;0;0
PVS;EIXO: PROMOVENDO VIDAS SAUDAVEIS;HAB;SUB-EIXO: HABITAÇÃO;NEX;NEX;16;Habitação;482;Habitação Urbana;209;Implantação do Corta Caminho ;1330;Implantação do Corta Caminho;3;Via 710 - Reassentamento/Indenizações;0.25;0;403183;7178.99;7178.99;7178.99;7178.99;7178.99;7178.99
PVS;EIXO: PROMOVENDO VIDAS SAUDAVEIS;HAB;SUB-EIXO: HABITAÇÃO;NEX;NEX;16;Habitação;482;Habitação Urbana;209;Implantação do Corta Caminho ;1330;Implantação do Corta Caminho;6;Consultoria e Serviços Técnicos;0.25;0;22750;0;0;0;0;0;0
PVS;EIXO: PROMOVENDO VIDAS SAUDAVEIS;HAB;SUB-EIXO: HABITAÇÃO;NEX;NEX;16;Habitação;482;Habitação Urbana;209;Implantação do Corta Caminho ;1330;Implantação do Corta Caminho;8;Revitalização Anel Rodoviário - Recuperação Assentamentos Precários;0.25;0;1000;0;0;0;0;0;0
PVS;EIXO: PROMOVENDO VIDAS SAUDAVEIS;HAB;SUB-EIXO: HABITAÇÃO;NEX;NEX;16;Habitação;482;Habitação Urbana;211;Prioridade ao Transporte Coletivo ;1272;Implantação de Novos Terminais Rodoviários;5;Ações Sociais;0.25;0;6750;0;0;0;0;0;0
PVS;EIXO: PROMOVENDO VIDAS SAUDAVEIS;HAB;SUB-EIXO: HABITAÇÃO;NEX;NEX;16;Habitação;482;Habitação Urbana;211;Prioridade ao Transporte Coletivo ;1272;Implantação de Novos Terminais Rodoviários;6;Reassentamentos / Indenizações / Demolições;0.25;0;5000;0;0;0;0;0;0
PVS;EIXO: PROMOVENDO VIDAS SAUDAVEIS;HAB;SUB-EIXO: HABITAÇÃO;NEX;NEX;16;Habitação;482;Habitação Urbana;225;Vila Viva;1231;Melhorias Urbanas em Assentamentos Precários;1;Consultorias e Apoio a Serviços Especiais;0.25;0;12279542;3615240.46;2839902.933;2016550.028;3615240.46;2839902.933;2016550.028
PVS;EIXO: PROMOVENDO VIDAS SAUDAVEIS;HAB;SUB-EIXO: HABITAÇÃO;NEX;NEX;16;Habitação;482;Habitação Urbana;225;Vila Viva;1231;Melhorias Urbanas em Assentamentos Precários;3;Outras Intervenções em Assentamentos Precários;0.25;0;750750;0;0;0;0;0;0
PVS;EIXO: PROMOVENDO VIDAS SAUDAVEIS;HAB;SUB-EIXO: HABITAÇÃO;NEX;NEX;16;Habitação;482;Habitação Urbana;225;Vila Viva;1231;Melhorias Urbanas em Assentamentos Precários;4;Orçamento Participativo - Empreendimento;0.25;0;6195117;364796.6325;229305.5125;229305.5125;364796.6325;229305.5125;229305.5125
PVS;EIXO: PROMOVENDO VIDAS SAUDAVEIS;HAB;SUB-EIXO: HABITAÇÃO;NEX;NEX;16;Habitação;482;Habitação Urbana;225;Vila Viva;1231;Melhorias Urbanas em Assentamentos Precários;5;Planos Globais Específicos;0.25;0;287669;0;0;0;0;0;0
PVS;EIXO: PROMOVENDO VIDAS SAUDAVEIS;HAB;SUB-EIXO: HABITAÇÃO;NEX;NEX;16;Habitação;482;Habitação Urbana;225;Vila Viva;1231;Melhorias Urbanas em Assentamentos Precários;6;Apoio Técnico a Projeto ou Obra;0.25;0;169000;0;0;0;0;0;0
PVS;EIXO: PROMOVENDO VIDAS SAUDAVEIS;HAB;SUB-EIXO: HABITAÇÃO;NEX;NEX;16;Habitação;482;Habitação Urbana;225;Vila Viva;1231;Melhorias Urbanas em Assentamentos Precários;7;Plano de Regularização Urbanística;0.25;0;450290;0;0;0;0;0;0
PVS;EIXO: PROMOVENDO VIDAS SAUDAVEIS;HAB;SUB-EIXO: HABITAÇÃO;NEX;NEX;16;Habitação;482;Habitação Urbana;225;Vila Viva;1231;Melhorias Urbanas em Assentamentos Precários;8;Ações Sociais em Assentamentos Precários;0.25;0;1270686;2900;0;0;2900;0;0
PVS;EIXO: PROMOVENDO VIDAS SAUDAVEIS;HAB;SUB-EIXO: HABITAÇÃO;NEX;NEX;16;Habitação;482;Habitação Urbana;225;Vila Viva;1231;Melhorias Urbanas em Assentamentos Precários;9;Implantação do Vila Viva - Morro das Pedras;0.25;0;1930723;0;0;0;0;0;0
PVS;EIXO: PROMOVENDO VIDAS SAUDAVEIS;HAB;SUB-EIXO: HABITAÇÃO;NEX;NEX;16;Habitação;482;Habitação Urbana;225;Vila Viva;1231;Melhorias Urbanas em Assentamentos Precários;10;Implantação do Vila Viva - Taquaril;0.25;0;6010059;765384.1525;741206.335;67326.765;765384.1525;741206.335;67326.765
PVS;EIXO: PROMOVENDO VIDAS SAUDAVEIS;HAB;SUB-EIXO: HABITAÇÃO;NEX;NEX;16;Habitação;482;Habitação Urbana;225;Vila Viva;1231;Melhorias Urbanas em Assentamentos Precários;11;Implantação do Vila Viva - Califórnia;0.25;0;67500;0;0;0;0;0;0
PVS;EIXO: PROMOVENDO VIDAS SAUDAVEIS;HAB;SUB-EIXO: HABITAÇÃO;NEX;NEX;16;Habitação;482;Habitação Urbana;225;Vila Viva;1231;Melhorias Urbanas em Assentamentos Precários;13;Implantação do Vila Viva - Vila Pedreira Prado Lopes;0.25;0;1272064;405000;375997.395;294750.4775;405000;375997.395;294750.4775
PVS;EIXO: PROMOVENDO VIDAS SAUDAVEIS;HAB;SUB-EIXO: HABITAÇÃO;NEX;NEX;16;Habitação;482;Habitação Urbana;225;Vila Viva;1231;Melhorias Urbanas em Assentamentos Precários;14;Implantação do Vila Viva - Vila Cemig/Alto das Antenas;0.25;0;923967;166250;99658.575;99658.575;166250;99658.575;99658.575
PVS;EIXO: PROMOVENDO VIDAS SAUDAVEIS;HAB;SUB-EIXO: HABITAÇÃO;NEX;NEX;16;Habitação;482;Habitação Urbana;225;Vila Viva;1231;Melhorias Urbanas em Assentamentos Precários;15;Implantação do Vila Viva - Aglomerado Aeroporto/São Tomaz;0.25;0;2948689;0;0;0;0;0;0
PVS;EIXO: PROMOVENDO VIDAS SAUDAVEIS;HAB;SUB-EIXO: HABITAÇÃO;NEX;NEX;16;Habitação;482;Habitação Urbana;225;Vila Viva;1231;Melhorias Urbanas em Assentamentos Precários;18;Implantação do Vila Viva - Aglomerado da Serra;0.25;0;943791;0;0;0;0;0;0
PVS;EIXO: PROMOVENDO VIDAS SAUDAVEIS;HAB;SUB-EIXO: HABITAÇÃO;NEX;NEX;16;Habitação;482;Habitação Urbana;225;Vila Viva;1231;Melhorias Urbanas em Assentamentos Precários;19;Implantação do Vila Viva - Aglomerado Santa Lúcia;0.25;0;9309301;0;0;0;0;0;0
PVS;EIXO: PROMOVENDO VIDAS SAUDAVEIS;HAB;SUB-EIXO: HABITAÇÃO;NEX;NEX;16;Habitação;482;Habitação Urbana;225;Vila Viva;1231;Melhorias Urbanas em Assentamentos Precários;20;Regularização de Domícílios;0.25;0;779123;0;0;0;0;0;0
PVS;EIXO: PROMOVENDO VIDAS SAUDAVEIS;HAB;SUB-EIXO: HABITAÇÃO;NEX;NEX;16;Habitação;482;Habitação Urbana;225;Vila Viva;1231;Melhorias Urbanas em Assentamentos Precários;22;Eliminação das Situações de Risco Muito Alto e Alto;0.25;0;8933170;642367.255;344721.855;282812.3475;642367.255;344721.855;282812.3475
PVS;EIXO: PROMOVENDO VIDAS SAUDAVEIS;HAB;SUB-EIXO: HABITAÇÃO;NEX;NEX;16;Habitação;482;Habitação Urbana;225;Vila Viva;1231;Melhorias Urbanas em Assentamentos Precários;23;Obras de Manutenção em Assentamentos Precários;0.25;0;2250000;0;0;0;0;0;0
PVS;EIXO: PROMOVENDO VIDAS SAUDAVEIS;HAB;SUB-EIXO: HABITAÇÃO;NEX;NEX;16;Habitação;482;Habitação Urbana;225;Vila Viva;1231;Melhorias Urbanas em Assentamentos Precários;25;Reassentamento/Indenizações;0.25;0;718613;0;0;0;0;0;0
PVS;EIXO: PROMOVENDO VIDAS SAUDAVEIS;HAB;SUB-EIXO: HABITAÇÃO;NEX;NEX;16;Habitação;482;Habitação Urbana;225;Vila Viva;1231;Melhorias Urbanas em Assentamentos Precários;26;Reassentamento/Indenizações - Programa Vila Viva;0.25;0;2913904;257849.2125;26910.4125;26910.4125;257849.2125;26910.4125;26910.4125
PVS;EIXO: PROMOVENDO VIDAS SAUDAVEIS;HAB;SUB-EIXO: HABITAÇÃO;NEX;NEX;16;Habitação;482;Habitação Urbana;225;Vila Viva;1231;Melhorias Urbanas em Assentamentos Precários;27;Reassentamento/Indenizações - OP;0.25;0;555226;45270.2375;45270.2375;35419.1175;45270.2375;45270.2375;35419.1175
PVS;EIXO: PROMOVENDO VIDAS SAUDAVEIS;HAB;SUB-EIXO: HABITAÇÃO;NEX;NEX;16;Habitação;482;Habitação Urbana;225;Vila Viva;1231;Melhorias Urbanas em Assentamentos Precários;29;Obras de Produção de Moradias da Av. Santa Terezinha;0.25;0;482707;0;0;0;0;0;0
PVS;EIXO: PROMOVENDO VIDAS SAUDAVEIS;HAB;SUB-EIXO: HABITAÇÃO;NEX;NEX;16;Habitação;482;Habitação Urbana;226;Habitação ;1207;Produção de Moradias;3;Produção de Moradias do Programa Minha Casa Minha Vida;0.25;0;18187386;16250;13125;13125;16250;13125;13125
PVS;EIXO: PROMOVENDO VIDAS SAUDAVEIS;HAB;SUB-EIXO: HABITAÇÃO;NEX;NEX;16;Habitação;482;Habitação Urbana;226;Habitação ;1207;Produção de Moradias;7;Acompanhamento Social de Famílias do Programa Minha Casa Minha Vida;0.25;0;790965;0;0;0;0;0;0
PVS;EIXO: PROMOVENDO VIDAS SAUDAVEIS;HAB;SUB-EIXO: HABITAÇÃO;NEX;NEX;16;Habitação;482;Habitação Urbana;226;Habitação ;1207;Produção de Moradias;8;Gestão da Política Municipal de Habitação-PMH e Participação Popular;0.25;0;375338;0;0;0;0;0;0
PVS;EIXO: PROMOVENDO VIDAS SAUDAVEIS;HAB;SUB-EIXO: HABITAÇÃO;NEX;NEX;16;Habitação;482;Habitação Urbana;226;Habitação ;1207;Produção de Moradias;11;Regularização de Moradias implantadas pela PBH no período de 1993 a 2012;0.25;0;1500;7875.8875;7875.8875;7875.8875;7875.8875;7875.8875;7875.8875
PVS;EIXO: PROMOVENDO VIDAS SAUDAVEIS;HAB;SUB-EIXO: HABITAÇÃO;NEX;NEX;16;Habitação;482;Habitação Urbana;226;Habitação ;1207;Produção de Moradias;13;Produção de Moradias do Programa Minha Casa Minha Vida - ENTIDADES;0.25;0;250;0;0;0;0;0;0
PVS;EIXO: PROMOVENDO VIDAS SAUDAVEIS;HAB;SUB-EIXO: HABITAÇÃO;NEX;NEX;16;Habitação;482;Habitação Urbana;226;Habitação ;1207;Produção de Moradias;18; Reassentamento/Indenizações;0.25;0;423000;0;0;0;0;0;0
PVS;EIXO: PROMOVENDO VIDAS SAUDAVEIS;HAB;SUB-EIXO: HABITAÇÃO;NEX;NEX;16;Habitação;482;Habitação Urbana;234;BH Cidadania  e o SUAS - Sistema Único de Assistência Social ;1231;Melhorias Urbanas em Assentamentos Precários;1;Consultorias e Apoio a Serviços Especiais;0.25;0;4250;0;0;0;0;0;0
PVS;EIXO: PROMOVENDO VIDAS SAUDAVEIS;HAB;SUB-EIXO: HABITAÇÃO;NEX;NEX;16;Habitação;482;Habitação Urbana;234;BH Cidadania  e o SUAS - Sistema Único de Assistência Social ;1231;Melhorias Urbanas em Assentamentos Precários;32;Projetos e Obras de Melhorias Habitacionais;0.25;0;224656;0;0;0;0;0;0
PVS;EIXO: PROMOVENDO VIDAS SAUDAVEIS;HAB;SUB-EIXO: HABITAÇÃO;NEX;NEX;16;Habitação;482;Habitação Urbana;234;BH Cidadania  e o SUAS - Sistema Único de Assistência Social ;1231;Melhorias Urbanas em Assentamentos Precários;34;"Atendimento ampliado kit de acessibilidade ""kit Idoso"" às famílias de pessoas com deficiência ";0.25;0;250000;0;0;0;0;0;0
PVS;EIXO: PROMOVENDO VIDAS SAUDAVEIS;SAN;SUB-EIXO: SANEAMENTO;NEX;NEX;17;Saneamento;512;Saneamento Básico Urbano;46;Operacionalização e Modernização da Limpeza Pública;2537;Tratamento e Destinação de Resíduos Sólidos;1;Serviços de Operação de Áreas de Manejo, de Remoção e Destinação de Resíduos de Construção Civil;0.25;0;1171710;1313989.735;1313989.735;1313989.735;1313989.735;1313989.735;1313989.735
PVS;EIXO: PROMOVENDO VIDAS SAUDAVEIS;SAN;SUB-EIXO: SANEAMENTO;NEX;NEX;17;Saneamento;512;Saneamento Básico Urbano;46;Operacionalização e Modernização da Limpeza Pública;2537;Tratamento e Destinação de Resíduos Sólidos;2;Reestruturação da Infraestrutura para Triagem de Materiais Recicláveis;0.25;0;150000;0;0;0;0;0;0
PVS;EIXO: PROMOVENDO VIDAS SAUDAVEIS;SAN;SUB-EIXO: SANEAMENTO;NEX;NEX;17;Saneamento;512;Saneamento Básico Urbano;46;Operacionalização e Modernização da Limpeza Pública;2537;Tratamento e Destinação de Resíduos Sólidos;3;Transbordo de Resíduos Sólidos;0.25;0;1272641;410744.5975;264532.21;264532.21;410744.5975;264532.21;264532.21
PVS;EIXO: PROMOVENDO VIDAS SAUDAVEIS;SAN;SUB-EIXO: SANEAMENTO;NEX;NEX;17;Saneamento;512;Saneamento Básico Urbano;46;Operacionalização e Modernização da Limpeza Pública;2537;Tratamento e Destinação de Resíduos Sólidos;11;Aterragem de Resíduos Sólidos;0.25;0;8566419;2931083;1965507.58;1965507.58;2931083;1965507.58;1965507.58
PVS;EIXO: PROMOVENDO VIDAS SAUDAVEIS;SAN;SUB-EIXO: SANEAMENTO;NEX;NEX;17;Saneamento;512;Saneamento Básico Urbano;46;Operacionalização e Modernização da Limpeza Pública;2539;Execução dos Serviços de Limpeza Urbana;3;Limpeza de Áreas Públicas Decorrentes de Grandes Eventos;0.25;0;701881;250321.6325;205004.1325;205004.1325;250321.6325;205004.1325;205004.1325
PVS;EIXO: PROMOVENDO VIDAS SAUDAVEIS;SAN;SUB-EIXO: SANEAMENTO;NEX;NEX;17;Saneamento;512;Saneamento Básico Urbano;46;Operacionalização e Modernização da Limpeza Pública;2539;Execução dos Serviços de Limpeza Urbana;4;Cobertura dos Serviços de Limpeza de Vias em Áreas Urbanas;0.25;0;23145580;7358241.55;5521644.363;5521644.363;7358241.55;5521644.363;5521644.363
PVS;EIXO: PROMOVENDO VIDAS SAUDAVEIS;SAN;SUB-EIXO: SANEAMENTO;NEX;NEX;17;Saneamento;512;Saneamento Básico Urbano;46;Operacionalização e Modernização da Limpeza Pública;2539;Execução dos Serviços de Limpeza Urbana;5;Gerenciamento da Central de Tratamento de Resíduos Sólidos;0.25;0;2428755;588235.5;325669.52;325669.52;588235.5;325669.52;325669.52
PVS;EIXO: PROMOVENDO VIDAS SAUDAVEIS;SAN;SUB-EIXO: SANEAMENTO;NEX;NEX;17;Saneamento;512;Saneamento Básico Urbano;46;Operacionalização e Modernização da Limpeza Pública;2539;Execução dos Serviços de Limpeza Urbana;7;Execução de Serviços de Limpeza Urbana - Multitarefa;0.25;0;8123817;2312231.658;1213738.588;1213738.588;2312231.658;1213738.588;1213738.588
PVS;EIXO: PROMOVENDO VIDAS SAUDAVEIS;SAN;SUB-EIXO: SANEAMENTO;NEX;NEX;17;Saneamento;512;Saneamento Básico Urbano;46;Operacionalização e Modernização da Limpeza Pública;2900;Serviços Administrativos e Financeiros;1;Serviços Administrativos e Financeiros ;0.25;0;32748562;9349289.173;8685498.495;8661938.44;9349289.173;8685498.495;8661938.44
PVS;EIXO: PROMOVENDO VIDAS SAUDAVEIS;SAN;SUB-EIXO: SANEAMENTO;NEX;NEX;17;Saneamento;512;Saneamento Básico Urbano;46;Operacionalização e Modernização da Limpeza Pública;2900;Serviços Administrativos e Financeiros;2;Implantação do Sistema de Gerenciamento de Resíduos Sólidos - PMAT IV;0.25;0;125000;0;0;0;0;0;0
PVS;EIXO: PROMOVENDO VIDAS SAUDAVEIS;SAN;SUB-EIXO: SANEAMENTO;NEX;NEX;17;Saneamento;512;Saneamento Básico Urbano;66;Saneamento e Tratamento de Fundos de Vale;1203;Drenagem e Tratamento de Fundos de Vale;1;Drenagem e Tratamento de Fundos de Vale;0.25;0;12096689;324250.075;233704.895;104471.685;324250.075;233704.895;104471.685
PVS;EIXO: PROMOVENDO VIDAS SAUDAVEIS;SAN;SUB-EIXO: SANEAMENTO;NEX;NEX;17;Saneamento;512;Saneamento Básico Urbano;66;Saneamento e Tratamento de Fundos de Vale;1203;Drenagem e Tratamento de Fundos de Vale;9;Projetos, Consultoria e apoio a serviços especiais;0.25;0;57420;0;0;0;0;0;0
PVS;EIXO: PROMOVENDO VIDAS SAUDAVEIS;SAN;SUB-EIXO: SANEAMENTO;NEX;NEX;17;Saneamento;512;Saneamento Básico Urbano;225;Vila Viva;1203;Drenagem e Tratamento de Fundos de Vale;2;Av. Santa Terezinha;0.25;0;11910;0;0;0;0;0;0
PVS;EIXO: PROMOVENDO VIDAS SAUDAVEIS;SAN;SUB-EIXO: SANEAMENTO;NEX;NEX;17;Saneamento;512;Saneamento Básico Urbano;225;Vila Viva;1231;Melhorias Urbanas em Assentamentos Precários;16;Implantação do Vila Viva - Complexo Várzea da Palma;0.25;0;1170553;1732866.113;1434065.87;1324732.783;1732866.113;1434065.87;1324732.783
PVS;EIXO: PROMOVENDO VIDAS SAUDAVEIS;SAN;SUB-EIXO: SANEAMENTO;NEX;NEX;17;Saneamento;512;Saneamento Básico Urbano;228;Coleta, Destinação e Tratamento de Resíduos Sólidos ;2538;Execução dos Serviços de Coleta de Resíduos;1;Coleta de Resíduos Sólidos;0.25;0;24914885;8095885.68;5761398.07;5761398.07;8095885.68;5761398.07;5761398.07
PVS;EIXO: PROMOVENDO VIDAS SAUDAVEIS;SAN;SUB-EIXO: SANEAMENTO;NEX;NEX;17;Saneamento;512;Saneamento Básico Urbano;228;Coleta, Destinação e Tratamento de Resíduos Sólidos ;2538;Execução dos Serviços de Coleta de Resíduos;2;Serviços de Coleta Seletiva na modalidade ponto a ponto;0.25;0;293083;0;0;0;0;0;0
PVS;EIXO: PROMOVENDO VIDAS SAUDAVEIS;SAN;SUB-EIXO: SANEAMENTO;NEX;NEX;17;Saneamento;512;Saneamento Básico Urbano;228;Coleta, Destinação e Tratamento de Resíduos Sólidos ;2539;Execução dos Serviços de Limpeza Urbana;2;Instalação e Manutenção de Cestos Coletores;0.25;0;410302;142099.915;112636.0425;112636.0425;142099.915;112636.0425;112636.0425
PVS;EIXO: PROMOVENDO VIDAS SAUDAVEIS;SAN;SUB-EIXO: SANEAMENTO;NEX;NEX;17;Saneamento;512;Saneamento Básico Urbano;228;Coleta, Destinação e Tratamento de Resíduos Sólidos ;2539;Execução dos Serviços de Limpeza Urbana;9;Serviço de limpeza urbana em Vilas e Favelas;0.25;0;1500000;422656.6175;306000.3675;306000.3675;422656.6175;306000.3675;306000.3675
PVS;EIXO: PROMOVENDO VIDAS SAUDAVEIS;SAN;SUB-EIXO: SANEAMENTO;NEX;NEX;17;Saneamento;512;Saneamento Básico Urbano;228;Coleta, Destinação e Tratamento de Resíduos Sólidos ;2539;Execução dos Serviços de Limpeza Urbana;10;Serviços de Limpeza de Córregos em Vilas e Favelas;0.25;0;88630;0;0;0;0;0;0
PVS;EIXO: PROMOVENDO VIDAS SAUDAVEIS;SAN;SUB-EIXO: SANEAMENTO;NEX;NEX;17;Saneamento;512;Saneamento Básico Urbano;233;Manutenção da Cidade;1203;Drenagem e Tratamento de Fundos de Vale;3;Serviços e Obras de Conteção e Manutenção em Redes de Drenagem Pluvial;0.25;0;6471457;824042.4225;599611.3625;549959.5775;824042.4225;599611.3625;549959.5775
PVS;EIXO: PROMOVENDO VIDAS SAUDAVEIS;SAN;SUB-EIXO: SANEAMENTO;NEX;NEX;17;Saneamento;512;Saneamento Básico Urbano;243;Gestão Ambiental;1203;Drenagem e Tratamento de Fundos de Vale;1;Drenagem e Tratamento de Fundos de Vale;0.25;0;148970777;7494843.218;6478252.39;4324302.695;7494843.218;6478252.39;4324302.695
PVS;EIXO: PROMOVENDO VIDAS SAUDAVEIS;SAN;SUB-EIXO: SANEAMENTO;NEX;NEX;17;Saneamento;512;Saneamento Básico Urbano;243;Gestão Ambiental;1307;Implantação do Programa DRENURBS;1;Implantação do Programa DRENURBS;0.25;0;97350;10332.66;0;0;10332.66;0;0
PVS;EIXO: PROMOVENDO VIDAS SAUDAVEIS;SAN;SUB-EIXO: SANEAMENTO;NEX;NEX;17;Saneamento;512;Saneamento Básico Urbano;243;Gestão Ambiental;1307;Implantação do Programa DRENURBS;2;Recuperação Ambiental do Córrego Bonsucesso;0.25;0;13541999;2422070.695;2297204.755;2292256.195;2422070.695;2297204.755;2292256.195
PVS;EIXO: PROMOVENDO VIDAS SAUDAVEIS;SAN;SUB-EIXO: SANEAMENTO;NEX;NEX;17;Saneamento;512;Saneamento Básico Urbano;243;Gestão Ambiental;1307;Implantação do Programa DRENURBS;3;Implantação do Drenurbs - custeios gerais;0.25;0;2500;14625.16;14550.195;14550.195;14625.16;14550.195;14550.195
PVS;EIXO: PROMOVENDO VIDAS SAUDAVEIS;SAU;SUB-EIXO: SAÚDE;NEX;NEX;10;Saúde;122;Administração Geral;30;Atendimento Ambulatorial, Emergencial e Hospitalar;2900;Serviços Administrativos e Financeiros;1;Serviços Administrativos e Financeiros ;0.25;0;8233211;2849548.788;1538802.508;1219502.223;2849548.788;1538802.508;1219502.223
PVS;EIXO: PROMOVENDO VIDAS SAUDAVEIS;SAU;SUB-EIXO: SAÚDE;NEX;NEX;10;Saúde;122;Administração Geral;114;Rede de Cuidados Especializados Complementares à Saúde;2891;Rede Própria de Cuidados Especializados Complementares à Saúde - Ambulatorial;6;Gestão de Recursos Humanos;0.25;0;26744475;8071718.018;8071718.018;6055062.715;8071718.018;8071718.018;6055062.715
PVS;EIXO: PROMOVENDO VIDAS SAUDAVEIS;SAU;SUB-EIXO: SAÚDE;NEX;NEX;10;Saúde;122;Administração Geral;117;Gestão do SUS-BH;2662;Gestão do SUS-BH;1;Modernização do Sistema de Informação em Saúde na PBH;0.25;0;1592050;354182.91;51282.4;0;354182.91;51282.4;0
PVS;EIXO: PROMOVENDO VIDAS SAUDAVEIS;SAU;SUB-EIXO: SAÚDE;NEX;NEX;10;Saúde;122;Administração Geral;117;Gestão do SUS-BH;2662;Gestão do SUS-BH;5;Incorporação de Tecnologia de Informação e Comunicação para Área de Urgência da SMSA-PMAT IV. ;0.25;0;1992300;0;0;0;0;0;0
PVS;EIXO: PROMOVENDO VIDAS SAUDAVEIS;SAU;SUB-EIXO: SAÚDE;NEX;NEX;10;Saúde;122;Administração Geral;117;Gestão do SUS-BH;2662;Gestão do SUS-BH;6;Sitema de Gestão da Regulação - PMAT IV;0.25;0;716374;0;0;0;0;0;0
PVS;EIXO: PROMOVENDO VIDAS SAUDAVEIS;SAU;SUB-EIXO: SAÚDE;NEX;NEX;10;Saúde;122;Administração Geral;117;Gestão do SUS-BH;2662;Gestão do SUS-BH;7;Evolução Tecnológica do SISREDE - PMAT IV.;0.25;0;3072008;0;0;0;0;0;0
PVS;EIXO: PROMOVENDO VIDAS SAUDAVEIS;SAU;SUB-EIXO: SAÚDE;NEX;NEX;10;Saúde;122;Administração Geral;117;Gestão do SUS-BH;2662;Gestão do SUS-BH;8;Coleta Móvel de Dados pelos ACS's - PMAT IV.;0.25;0;554999;0;0;0;0;0;0
PVS;EIXO: PROMOVENDO VIDAS SAUDAVEIS;SAU;SUB-EIXO: SAÚDE;NEX;NEX;10;Saúde;122;Administração Geral;117;Gestão do SUS-BH;2662;Gestão do SUS-BH;9;Infraestrutura de Tecnologia de Informação e Comunicação do Hospital Metropolitano.;0.25;0;212250;71125;0;0;71125;0;0
PVS;EIXO: PROMOVENDO VIDAS SAUDAVEIS;SAU;SUB-EIXO: SAÚDE;NEX;NEX;10;Saúde;122;Administração Geral;117;Gestão do SUS-BH;2895;Suporte Logístico;3;Serviços de Apoio à Rede Própria do SUS-BH;0.25;0;26568595;9454043.165;4798805.98;2153560.918;9454043.165;4798805.98;2153560.918
PVS;EIXO: PROMOVENDO VIDAS SAUDAVEIS;SAU;SUB-EIXO: SAÚDE;NEX;NEX;10;Saúde;122;Administração Geral;117;Gestão do SUS-BH;2895;Suporte Logístico;4;Manutenção dos Equipamentos, Mobiliários e Prediais;0.25;0;2212500;188571.5425;20073.425;604.175;188571.5425;20073.425;604.175
PVS;EIXO: PROMOVENDO VIDAS SAUDAVEIS;SAU;SUB-EIXO: SAÚDE;NEX;NEX;10;Saúde;122;Administração Geral;117;Gestão do SUS-BH;2895;Suporte Logístico;5;Gestão dos Recursos Humanos;0.25;0;63722837;27840974.78;20203406.25;15509866.08;27840974.78;20203406.25;15509866.08
PVS;EIXO: PROMOVENDO VIDAS SAUDAVEIS;SAU;SUB-EIXO: SAÚDE;NEX;NEX;10;Saúde;122;Administração Geral;157;Atenção Primária à Saúde (APS);2690;Saúde da Família;10;Gestão de Recursos Humanos;0.25;0;121436225;37496815.77;37496811.14;28122278.88;37496815.77;37496811.14;28122278.88
PVS;EIXO: PROMOVENDO VIDAS SAUDAVEIS;SAU;SUB-EIXO: SAÚDE;NEX;NEX;10;Saúde;122;Administração Geral;204;Gestão e Regionalização da Saúde ;1216;Construção, Ampliação e Reforma de Unidades de Saúde;1;Construção, Ampliação e Reforma de Unidades de Saúde;0.25;0;16312853;3253347.938;3154591.215;2080249.235;3253347.938;3154591.215;2080249.235
PVS;EIXO: PROMOVENDO VIDAS SAUDAVEIS;SAU;SUB-EIXO: SAÚDE;NEX;NEX;10;Saúde;122;Administração Geral;204;Gestão e Regionalização da Saúde ;2334;Gestão Compartilhada e Participação Social;2;Apoio aos Conselhos Municipais;0.25;0;203132;13000;3877.1;3877.1;13000;3877.1;3877.1
PVS;EIXO: PROMOVENDO VIDAS SAUDAVEIS;SAU;SUB-EIXO: SAÚDE;NEX;NEX;10;Saúde;122;Administração Geral;204;Gestão e Regionalização da Saúde ;2334;Gestão Compartilhada e Participação Social;3;Realização de Conferências;0.25;0;255750;0;0;0;0;0;0
PVS;EIXO: PROMOVENDO VIDAS SAUDAVEIS;SAU;SUB-EIXO: SAÚDE;NEX;NEX;10;Saúde;122;Administração Geral;204;Gestão e Regionalização da Saúde ;2334;Gestão Compartilhada e Participação Social;24;Capacitação de Conselheiros ;0.25;0;172500;0;0;0;0;0;0
PVS;EIXO: PROMOVENDO VIDAS SAUDAVEIS;SAU;SUB-EIXO: SAÚDE;NEX;NEX;10;Saúde;128;Formação de Recursos Humanos;30;Atendimento Ambulatorial, Emergencial e Hospitalar;2176;Gestão do Trabalho, Ensino e Pesquisa;1;Gerenciamento do Sistema de Recursos Humanos;0.25;0;5853817;1818682.198;989479.005;984427.96;1818682.198;989479.005;984427.96
PVS;EIXO: PROMOVENDO VIDAS SAUDAVEIS;SAU;SUB-EIXO: SAÚDE;NEX;NEX;10;Saúde;301;Atenção Básica;157;Atenção Primária à Saúde (APS);2690;Saúde da Família;1;Atendimento da População na Atenção Primária à Saúde do SUS-BH;0.25;0;23409175;6202541.76;2424994.653;702533.3875;6202541.76;2424994.653;702533.3875
PVS;EIXO: PROMOVENDO VIDAS SAUDAVEIS;SAU;SUB-EIXO: SAÚDE;NEX;NEX;10;Saúde;301;Atenção Básica;157;Atenção Primária à Saúde (APS);2690;Saúde da Família;10;Gestão de Recursos Humanos;0.25;0;22801875;5063437.478;3765128.095;2957481.3;5063437.478;3765128.095;2957481.3
PVS;EIXO: PROMOVENDO VIDAS SAUDAVEIS;SAU;SUB-EIXO: SAÚDE;NEX;NEX;10;Saúde;301;Atenção Básica;202;Saúde da Família ;1371;Parcerias Público Privadas, Concessões e Operações Urbanas;6;Centros de Saúde/Unidades Básicas de Saúde em Funcionamento - Qualificação da infraestrutura;0.25;0;22653275;0;0;0;0;0;0
PVS;EIXO: PROMOVENDO VIDAS SAUDAVEIS;SAU;SUB-EIXO: SAÚDE;NEX;NEX;10;Saúde;302;Assistência Hospitalar e Ambulatorial;30;Atendimento Ambulatorial, Emergencial e Hospitalar;2616;Gestão da Assistência Hospitalar e Ambulatorial;1;Assistência Hospitalar e Ambulatorial;0.25;0;16177232;7043829.308;3949332.705;3818521.463;7043829.308;3949332.705;3818521.463
PVS;EIXO: PROMOVENDO VIDAS SAUDAVEIS;SAU;SUB-EIXO: SAÚDE;EX;EX;10;Saúde;302;Assistência Hospitalar e Ambulatorial;30;Atendimento Ambulatorial, Emergencial e Hospitalar;2616;Gestão da Assistência Hospitalar e Ambulatorial;2;Unidade Materno Infantil;1;0;1000;0;0;0;0;0;0
PVS;EIXO: PROMOVENDO VIDAS SAUDAVEIS;SAU;SUB-EIXO: SAÚDE;NEX;NEX;10;Saúde;302;Assistência Hospitalar e Ambulatorial;30;Atendimento Ambulatorial, Emergencial e Hospitalar;2620;Gestão Técnico-Hospitalar;1;Gestão Técnico-Hospitalar;0.25;0;8134690;3160408.11;1797067.428;1716586.798;3160408.11;1797067.428;1716586.798
PVS;EIXO: PROMOVENDO VIDAS SAUDAVEIS;SAU;SUB-EIXO: SAÚDE;NEX;NEX;10;Saúde;302;Assistência Hospitalar e Ambulatorial;30;Atendimento Ambulatorial, Emergencial e Hospitalar;2620;Gestão Técnico-Hospitalar;2;Gerenciamento da Assistência Alimentar e Nutricional;0.25;0;1161960;408149.3725;102627.96;46034.09;408149.3725;102627.96;46034.09
PVS;EIXO: PROMOVENDO VIDAS SAUDAVEIS;SAU;SUB-EIXO: SAÚDE;NEX;NEX;10;Saúde;302;Assistência Hospitalar e Ambulatorial;30;Atendimento Ambulatorial, Emergencial e Hospitalar;2620;Gestão Técnico-Hospitalar;3;Diagnóstico por Imagem do HOB;0.25;0;1116300;111380.3325;18942.755;794.8125;111380.3325;18942.755;794.8125
PVS;EIXO: PROMOVENDO VIDAS SAUDAVEIS;SAU;SUB-EIXO: SAÚDE;NEX;NEX;10;Saúde;302;Assistência Hospitalar e Ambulatorial;30;Atendimento Ambulatorial, Emergencial e Hospitalar;2620;Gestão Técnico-Hospitalar;4;Laboratório e Hemoterapia do HOB;0.25;0;1018218;284895.495;62380.1525;3782.9;284895.495;62380.1525;3782.9
PVS;EIXO: PROMOVENDO VIDAS SAUDAVEIS;SAU;SUB-EIXO: SAÚDE;NEX;NEX;10;Saúde;302;Assistência Hospitalar e Ambulatorial;30;Atendimento Ambulatorial, Emergencial e Hospitalar;2620;Gestão Técnico-Hospitalar;5;Assistência Farmacêutica e Materiais Especiais;0.25;0;1962597;277797.435;124548.3325;12274.4025;277797.435;124548.3325;12274.4025
PVS;EIXO: PROMOVENDO VIDAS SAUDAVEIS;SAU;SUB-EIXO: SAÚDE;NEX;NEX;10;Saúde;302;Assistência Hospitalar e Ambulatorial;30;Atendimento Ambulatorial, Emergencial e Hospitalar;2875;Gestão da Atenção à Urgência;1;Pronto Socorro do HOB;0.25;0;27340975;14523690.75;8263240.68;7960997.573;14523690.75;8263240.68;7960997.573
PVS;EIXO: PROMOVENDO VIDAS SAUDAVEIS;SAU;SUB-EIXO: SAÚDE;NEX;NEX;10;Saúde;302;Assistência Hospitalar e Ambulatorial;30;Atendimento Ambulatorial, Emergencial e Hospitalar;2875;Gestão da Atenção à Urgência;2;Unidade Nossa Senhora Aparecida;0.25;0;1898238;462475.4525;144281.0675;43474.945;462475.4525;144281.0675;43474.945
PVS;EIXO: PROMOVENDO VIDAS SAUDAVEIS;SAU;SUB-EIXO: SAÚDE;NEX;NEX;10;Saúde;302;Assistência Hospitalar e Ambulatorial;30;Atendimento Ambulatorial, Emergencial e Hospitalar;2875;Gestão da Atenção à Urgência;3;Hospital Dia;0.25;0;599158;111904.24;22027.2825;6505.2875;111904.24;22027.2825;6505.2875
PVS;EIXO: PROMOVENDO VIDAS SAUDAVEIS;SAU;SUB-EIXO: SAÚDE;NEX;NEX;10;Saúde;302;Assistência Hospitalar e Ambulatorial;30;Atendimento Ambulatorial, Emergencial e Hospitalar;2875;Gestão da Atenção à Urgência;4;UPA HOB;0.25;0;369500;0;0;0;0;0;0
PVS;EIXO: PROMOVENDO VIDAS SAUDAVEIS;SAU;SUB-EIXO: SAÚDE;NEX;NEX;10;Saúde;302;Assistência Hospitalar e Ambulatorial;114;Rede de Cuidados Especializados Complementares à Saúde;2891;Rede Própria de Cuidados Especializados Complementares à Saúde - Ambulatorial;1;Atendimento da População na Rede Complementar Própria do SUS-BH;0.25;0;3228425;409507.925;140887.6;40905.54;409507.925;140887.6;40905.54
PVS;EIXO: PROMOVENDO VIDAS SAUDAVEIS;SAU;SUB-EIXO: SAÚDE;NEX;NEX;10;Saúde;302;Assistência Hospitalar e Ambulatorial;114;Rede de Cuidados Especializados Complementares à Saúde;2891;Rede Própria de Cuidados Especializados Complementares à Saúde - Ambulatorial;2;Procedimentos Ambulatoriais Processados na Rede Complementar Própria do SUS-BH;0.25;0;2500;0;0;0;0;0;0
PVS;EIXO: PROMOVENDO VIDAS SAUDAVEIS;SAU;SUB-EIXO: SAÚDE;NEX;NEX;10;Saúde;302;Assistência Hospitalar e Ambulatorial;114;Rede de Cuidados Especializados Complementares à Saúde;2891;Rede Própria de Cuidados Especializados Complementares à Saúde - Ambulatorial;9;Hospital Odilon Behrens;0.25;0;2747500;1254750;390768.64;382048.06;1254750;390768.64;382048.06
PVS;EIXO: PROMOVENDO VIDAS SAUDAVEIS;SAU;SUB-EIXO: SAÚDE;NEX;NEX;10;Saúde;302;Assistência Hospitalar e Ambulatorial;114;Rede de Cuidados Especializados Complementares à Saúde;2892;Rede Contratada de Cuidados Especializados Complementares à Saúde - Ambulatorial;1;Atendimento da População na Rede Complementar Contratada do SUS-BH;0.25;0;5841375;1130225.133;755831.3025;298340.2275;1130225.133;755831.3025;298340.2275
PVS;EIXO: PROMOVENDO VIDAS SAUDAVEIS;SAU;SUB-EIXO: SAÚDE;NEX;NEX;10;Saúde;302;Assistência Hospitalar e Ambulatorial;114;Rede de Cuidados Especializados Complementares à Saúde;2892;Rede Contratada de Cuidados Especializados Complementares à Saúde - Ambulatorial;2;Procedimentos Ambulatoriais Processados na Rede Complementar Contratada do SUS-BH;0.25;0;93675000;36398443.5;19721538.88;17308982.78;36398443.5;19721538.88;17308982.78
PVS;EIXO: PROMOVENDO VIDAS SAUDAVEIS;SAU;SUB-EIXO: SAÚDE;NEX;NEX;10;Saúde;302;Assistência Hospitalar e Ambulatorial;114;Rede de Cuidados Especializados Complementares à Saúde;2892;Rede Contratada de Cuidados Especializados Complementares à Saúde - Ambulatorial;3;Cirurgias Eletivas SUS-BH;0.25;0;1525000;1042885.5;766173;295885.72;1042885.5;766173;295885.72
PVS;EIXO: PROMOVENDO VIDAS SAUDAVEIS;SAU;SUB-EIXO: SAÚDE;NEX;NEX;10;Saúde;302;Assistência Hospitalar e Ambulatorial;114;Rede de Cuidados Especializados Complementares à Saúde;2893;Rede de Urgência;1;Atendimento da População na Rede de Urgência do SUS-BH;0.25;0;15764475;5192462.61;2414865.948;1370949.713;5192462.61;2414865.948;1370949.713
PVS;EIXO: PROMOVENDO VIDAS SAUDAVEIS;SAU;SUB-EIXO: SAÚDE;NEX;NEX;10;Saúde;302;Assistência Hospitalar e Ambulatorial;201;Hospital Metropolitano;1336;Construção do Hospital Metropolitano;1;Hospital Metropolitano;0.25;0;716761;0;0;0;0;0;0
PVS;EIXO: PROMOVENDO VIDAS SAUDAVEIS;SAU;SUB-EIXO: SAÚDE;NEX;NEX;10;Saúde;302;Assistência Hospitalar e Ambulatorial;201;Hospital Metropolitano;1371;Parcerias Público Privadas, Concessões e Operações Urbanas;4;Parceria Público-Privada do Hospital Metropolitano;0.25;0;12709107;1710309.483;1061837.983;1061837.983;1710309.483;1061837.983;1061837.983
PVS;EIXO: PROMOVENDO VIDAS SAUDAVEIS;SAU;SUB-EIXO: SAÚDE;NEX;NEX;10;Saúde;302;Assistência Hospitalar e Ambulatorial;201;Hospital Metropolitano;2896;Operacionalização do Hospital Metropolitano;1;Operacionalização do Hospital Metropolitano;0.25;0;17960604;32190.1425;12561.265;12561.265;32190.1425;12561.265;12561.265
PVS;EIXO: PROMOVENDO VIDAS SAUDAVEIS;SAU;SUB-EIXO: SAÚDE;NEX;NEX;10;Saúde;302;Assistência Hospitalar e Ambulatorial;203;Melhoria do Atendimento Hospitalar e Especializado;2894;Rede Hospitalar;1;Atendimento da População na Rede Hospitalar do SUS-BH;0.25;0;230350000;103866872.9;64448630.6;51902417.69;103866872.9;64448630.6;51902417.69
PVS;EIXO: PROMOVENDO VIDAS SAUDAVEIS;SAU;SUB-EIXO: SAÚDE;NEX;NEX;10;Saúde;302;Assistência Hospitalar e Ambulatorial;203;Melhoria do Atendimento Hospitalar e Especializado;2894;Rede Hospitalar;2;Cirurgias Eletivas no SUS-BH;0.25;0;11000000;5719118.145;3237313.365;2219371.685;5719118.145;3237313.365;2219371.685
PVS;EIXO: PROMOVENDO VIDAS SAUDAVEIS;SAU;SUB-EIXO: SAÚDE;NEX;NEX;10;Saúde;302;Assistência Hospitalar e Ambulatorial;203;Melhoria do Atendimento Hospitalar e Especializado;2894;Rede Hospitalar;3;Hospital Odilon Behrens;0.25;0;65171000;24375000;11010784.17;11002778.89;24375000;11010784.17;11002778.89
PVS;EIXO: PROMOVENDO VIDAS SAUDAVEIS;SAU;SUB-EIXO: SAÚDE;NEX;NEX;10;Saúde;303;Suporte Profilático e Terapêutico;204;Gestão e Regionalização da Saúde ;2895;Suporte Logístico;1;Assistência Farmacêutica;0.25;0;9822575;1457958.303;126314.7375;122.1125;1457958.303;126314.7375;122.1125
PVS;EIXO: PROMOVENDO VIDAS SAUDAVEIS;SAU;SUB-EIXO: SAÚDE;NEX;NEX;10;Saúde;304;Vigilância Sanitária;28;Vigilância em Saúde;2829;Vigilância em Saúde;2;Ações de Vigilância Sanitária e Saúde do Trabalhador;0.25;0;443625;5042.25;0;0;5042.25;0;0
PVS;EIXO: PROMOVENDO VIDAS SAUDAVEIS;SAU;SUB-EIXO: SAÚDE;NEX;NEX;10;Saúde;304;Vigilância Sanitária;28;Vigilância em Saúde;2829;Vigilância em Saúde;6;Fortalecimento das ações intersetoriais para o controle da Dengue e Leishmaniose Visceral - Implantação de Equipes;0.25;0;5000;0;0;0;0;0;0
PVS;EIXO: PROMOVENDO VIDAS SAUDAVEIS;SAU;SUB-EIXO: SAÚDE;NEX;NEX;10;Saúde;304;Vigilância Sanitária;28;Vigilância em Saúde;2829;Vigilância em Saúde;7;Campanha de Prevenção de Leishmaniose em Centros de Saúde;0.25;0;5000;0;0;0;0;0;0
PVS;EIXO: PROMOVENDO VIDAS SAUDAVEIS;SAU;SUB-EIXO: SAÚDE;NEX;NEX;10;Saúde;305;Vigilância Epidemiológica;28;Vigilância em Saúde;2829;Vigilância em Saúde;1;Ações de Vigilância, Prevenção e Controle de Doenças e Agravos - Zoonozes;0.25;0;1185625;127866.4225;56029.8975;27358.6475;127866.4225;56029.8975;27358.6475
PVS;EIXO: PROMOVENDO VIDAS SAUDAVEIS;SAU;SUB-EIXO: SAÚDE;NEX;NEX;10;Saúde;305;Vigilância Epidemiológica;28;Vigilância em Saúde;2829;Vigilância em Saúde;3;Ações de Vigilância Epidemiológica;0.25;0;1189625;495989.3;171579.3575;15900.37;495989.3;171579.3575;15900.37
PVS;EIXO: PROMOVENDO VIDAS SAUDAVEIS;SAU;SUB-EIXO: SAÚDE;NEX;NEX;10;Saúde;305;Vigilância Epidemiológica;28;Vigilância em Saúde;2829;Vigilância em Saúde;5;Gestão de Recursos Humanos;0.25;0;8698600;2328750;1011571.428;860289.8225;2328750;1011571.428;860289.8225
PVS;EIXO: PROMOVENDO VIDAS SAUDAVEIS;SAU;SUB-EIXO: SAÚDE;NEX;NEX;10;Saúde;305;Vigilância Epidemiológica;28;Vigilância em Saúde;2829;Vigilância em Saúde;8;Ações de Vigilância da Dengue;0.25;0;700175;7500;1600;0;7500;1600;0
PVS;EIXO: PROMOVENDO VIDAS SAUDAVEIS;SAU;SUB-EIXO: SAÚDE;NEX;NEX;10;Saúde;305;Vigilância Epidemiológica;28;Vigilância em Saúde;2829;Vigilância em Saúde;9;Ações de Atenção DST e AIDS - Prevenção, Assistência e Capacitação de multiplicadores.;0.25;0;817850;59449.11;46332.445;31525.16;59449.11;46332.445;31525.16
