Relatório de Monitoramento do OCA 2º quadrimestre 2014;;;;;;;;;;;;;;;;;;;;;;;;
classif01;desc_classif01;classif02;desc_classif02;classif03;desc_classif03;funcao;nome_funcao;subfuncao;nome_subfuncao;programa;nome_programa;projativ;nome_projativ;subitem_projativ;nome_subitem_projativ;indice_proporcionalidade;valor_credito_inicial;valor_orcado;valor_empenhado;valor_liquidado;valor_pago;valor_empenhado_acumulado;valor_liquidado_acumulado;valor_pago_acumulado
AEQ;EIXO: ACESSO À EDUCAÇÃO DE QUALIDADE;CUL;SUB-EIXO: CULTURA;NEX;NEX;13;Cultura;122;Administração Geral;146;Gestão da Política Cultural;2334;Gestão Compartilhada e Participação Social;2;Apoio aos Conselhos Municipais;0.25;0;30062;592.275;592.275;592.275;592.275;592.275;592.275
AEQ;EIXO: ACESSO À EDUCAÇÃO DE QUALIDADE;CUL;SUB-EIXO: CULTURA;NEX;NEX;13;Cultura;122;Administração Geral;146;Gestão da Política Cultural;2338;Gestão, Planejamento e Administração Cultural;1;Gerenciamento da Infraestrutura;0.25;0;3805811;1054555.65;731009.2875;855046.7;2114833.645;1581300.433;1577873.7
AEQ;EIXO: ACESSO À EDUCAÇÃO DE QUALIDADE;CUL;SUB-EIXO: CULTURA;NEX;NEX;13;Cultura;122;Administração Geral;146;Gestão da Política Cultural;2338;Gestão, Planejamento e Administração Cultural;2;Participação da Fundação em Eventos Locais, Nacionais e Internacionais;0.25;0;52500;14825.95;14444.755;11362.8225;28324.7;16946.3275;13250.845
AEQ;EIXO: ACESSO À EDUCAÇÃO DE QUALIDADE;CUL;SUB-EIXO: CULTURA;NEX;NEX;13;Cultura;122;Administração Geral;146;Gestão da Política Cultural;2338;Gestão, Planejamento e Administração Cultural;3;Ações de Divulgação e Comunicação Institucional;0.25;0;569650;21625;10715.1;48922.97;74875;60628.22;52255.72
AEQ;EIXO: ACESSO À EDUCAÇÃO DE QUALIDADE;CUL;SUB-EIXO: CULTURA;NEX;NEX;13;Cultura;122;Administração Geral;146;Gestão da Política Cultural;2338;Gestão, Planejamento e Administração Cultural;4;Gerenciamento de Programas e Informações Culturais;0.25;0;250321;21315;0;0;21315;0;0
AEQ;EIXO: ACESSO À EDUCAÇÃO DE QUALIDADE;CUL;SUB-EIXO: CULTURA;NEX;NEX;13;Cultura;122;Administração Geral;146;Gestão da Política Cultural;2900;Serviços Administrativos e Financeiros;1;Serviços Administrativos e Financeiros ;0.25;0;2228966;791366.545;664471.735;652839.995;1752118.605;1239764.97;1209564.47
AEQ;EIXO: ACESSO À EDUCAÇÃO DE QUALIDADE;CUL;SUB-EIXO: CULTURA;NEX;NEX;13;Cultura;122;Administração Geral;239;Rede BH Cultural ;2338;Gestão, Planejamento e Administração Cultural;4;Gerenciamento de Programas e Informações Culturais;0.25;0;40792;0;0;0;0;0;0
AEQ;EIXO: ACESSO À EDUCAÇÃO DE QUALIDADE;CUL;SUB-EIXO: CULTURA;NEX;NEX;13;Cultura;391;Patrimônio Histórico, Artístico e Arqueológico;155;História, Memória e Patrimônio Cultural de Belo Horizonte;2375;Identificação e Valorização do Patrimônio e das Identidades Culturais;1;Preservação do Patrimônio Cultural;0.25;0;2036306;401058.07;400723.965;395593.965;787821.8025;787410.985;782280.985
AEQ;EIXO: ACESSO À EDUCAÇÃO DE QUALIDADE;CUL;SUB-EIXO: CULTURA;NEX;NEX;13;Cultura;391;Patrimônio Histórico, Artístico e Arqueológico;155;História, Memória e Patrimônio Cultural de Belo Horizonte;2375;Identificação e Valorização do Patrimônio e das Identidades Culturais;2;Educação Patrimonial e Preservação da Memória Coletiva;0.25;0;424902;204158.1775;236622;107855.75;286127.1775;281091;135863.25
AEQ;EIXO: ACESSO À EDUCAÇÃO DE QUALIDADE;CUL;SUB-EIXO: CULTURA;NEX;NEX;13;Cultura;391;Patrimônio Histórico, Artístico e Arqueológico;155;História, Memória e Patrimônio Cultural de Belo Horizonte;2375;Identificação e Valorização do Patrimônio e das Identidades Culturais;5;Tratamento e Preservação de Acervos;0.25;0;109875;12052.5;3217.5;3217.5;12427.5;3592.5;3592.5
AEQ;EIXO: ACESSO À EDUCAÇÃO DE QUALIDADE;CUL;SUB-EIXO: CULTURA;NEX;NEX;13;Cultura;391;Patrimônio Histórico, Artístico e Arqueológico;155;História, Memória e Patrimônio Cultural de Belo Horizonte;2872;Gestão do Fundo de Proteção do Patrimônio Cultural de BH;1;Preservação do Patrimônio Cultural;0.25;0;820500;0;0;0;0;0;0
AEQ;EIXO: ACESSO À EDUCAÇÃO DE QUALIDADE;CUL;SUB-EIXO: CULTURA;NEX;NEX;13;Cultura;391;Patrimônio Histórico, Artístico e Arqueológico;239;Rede BH Cultural ;2375;Identificação e Valorização do Patrimônio e das Identidades Culturais;2;Educação Patrimonial e Preservação da Memória Coletiva;0.25;0;82500;30000;30000;30000;30000;30000;30000
AEQ;EIXO: ACESSO À EDUCAÇÃO DE QUALIDADE;CUL;SUB-EIXO: CULTURA;NEX;NEX;13;Cultura;391;Patrimônio Histórico, Artístico e Arqueológico;239;Rede BH Cultural ;2375;Identificação e Valorização do Patrimônio e das Identidades Culturais;10;Presépios e Folias;0.25;0;40000;36250;36250;0;36250;36250;0
AEQ;EIXO: ACESSO À EDUCAÇÃO DE QUALIDADE;CUL;SUB-EIXO: CULTURA;NEX;NEX;13;Cultura;392;Difusão Cultural;154;Fomento, Incentivo e Desenvolvimento Cultural;2369;Gestão da Lei Municipal de Incentivo à Cultura;1;Incentivos a Projetos Culturais;0.25;0;2500000;539949.67;268669.275;187145.775;604649.67;311344.275;229820.775
AEQ;EIXO: ACESSO À EDUCAÇÃO DE QUALIDADE;CUL;SUB-EIXO: CULTURA;NEX;NEX;13;Cultura;392;Difusão Cultural;154;Fomento, Incentivo e Desenvolvimento Cultural;2371;Fomento e Estímulo à Cultura;1;Fomento à Produção e Difusão Cultural;0.25;0;2662062;588294.2975;546909.2675;537608.0175;1060928.043;1018966.03;1009664.78
AEQ;EIXO: ACESSO À EDUCAÇÃO DE QUALIDADE;CUL;SUB-EIXO: CULTURA;NEX;NEX;13;Cultura;392;Difusão Cultural;154;Fomento, Incentivo e Desenvolvimento Cultural;2371;Fomento e Estímulo à Cultura;2;Formação e Qualificação Técnica na Área Cultural;0.25;0;399404;5400;3750;343.75;78550;76900;73493.75
AEQ;EIXO: ACESSO À EDUCAÇÃO DE QUALIDADE;CUL;SUB-EIXO: CULTURA;EX;EX;13;Cultura;392;Difusão Cultural;154;Fomento, Incentivo e Desenvolvimento Cultural;2371;Fomento e Estímulo à Cultura;3;Projeto Arena da Cultura / Escola Livre de Artes;1;0;5481544;1902369.77;1902369.77;403930.49;1902369.77;1902369.77;403930.49
AEQ;EIXO: ACESSO À EDUCAÇÃO DE QUALIDADE;CUL;SUB-EIXO: CULTURA;NEX;NEX;13;Cultura;392;Difusão Cultural;154;Fomento, Incentivo e Desenvolvimento Cultural;2371;Fomento e Estímulo à Cultura;5;Promoção de Festival, Encontro e Mostra de Arte e Cultura;0.25;0;233777;50490;50490;91963.75;104973.75;104973.75;91963.75
AEQ;EIXO: ACESSO À EDUCAÇÃO DE QUALIDADE;CUL;SUB-EIXO: CULTURA;NEX;NEX;13;Cultura;392;Difusão Cultural;239;Rede BH Cultural ;1215;Construção, Ampliação e Reforma de Unidades de Cultura;1;Construção, Ampliação e Reforma de Unidades de Cultura;0.25;0;2170579;364460.92;349056.0975;321291.91;379593.235;364188.4125;336424.225
AEQ;EIXO: ACESSO À EDUCAÇÃO DE QUALIDADE;CUL;SUB-EIXO: CULTURA;NEX;NEX;13;Cultura;392;Difusão Cultural;239;Rede BH Cultural ;1339;Requalificação dos Espaços e Serviços da Cultura;1;Implantação da Casa da Música;0.25;0;49900;0;0;0;0;0;0
AEQ;EIXO: ACESSO À EDUCAÇÃO DE QUALIDADE;CUL;SUB-EIXO: CULTURA;NEX;NEX;13;Cultura;392;Difusão Cultural;239;Rede BH Cultural ;1339;Requalificação dos Espaços e Serviços da Cultura;2;Implantação do Espaço Cênico Alípio de Melo;0.25;0;211350;0;0;0;0;0;0
AEQ;EIXO: ACESSO À EDUCAÇÃO DE QUALIDADE;CUL;SUB-EIXO: CULTURA;NEX;NEX;13;Cultura;392;Difusão Cultural;239;Rede BH Cultural ;1339;Requalificação dos Espaços e Serviços da Cultura;3;Implantação do Museu da Imagem e do Som;0.25;0;303175;0;0;0;0;0;0
AEQ;EIXO: ACESSO À EDUCAÇÃO DE QUALIDADE;CUL;SUB-EIXO: CULTURA;NEX;NEX;13;Cultura;392;Difusão Cultural;239;Rede BH Cultural ;1339;Requalificação dos Espaços e Serviços da Cultura;4;Implantação do Centro Cultural Bairro das Indústrias;0.25;0;154920;0;0;0;0;0;0
AEQ;EIXO: ACESSO À EDUCAÇÃO DE QUALIDADE;CUL;SUB-EIXO: CULTURA;NEX;NEX;13;Cultura;392;Difusão Cultural;239;Rede BH Cultural ;1339;Requalificação dos Espaços e Serviços da Cultura;8;Implantação do Centro Cultural Santa Tereza;0.25;0;97351;0;0;0;0;0;0
AEQ;EIXO: ACESSO À EDUCAÇÃO DE QUALIDADE;CUL;SUB-EIXO: CULTURA;NEX;NEX;13;Cultura;392;Difusão Cultural;239;Rede BH Cultural ;1339;Requalificação dos Espaços e Serviços da Cultura;9;Reimplantação do Centro Cultural Liberalino Alves de Oliveira  em conjunto com a Bilbioteca São Cristóvão;0.25;0;55377;0;0;0;0;0;0
AEQ;EIXO: ACESSO À EDUCAÇÃO DE QUALIDADE;CUL;SUB-EIXO: CULTURA;NEX;NEX;13;Cultura;392;Difusão Cultural;239;Rede BH Cultural ;2371;Fomento e Estímulo à Cultura;1;Fomento à Produção e Difusão Cultural;0.25;0;19750;0;0;0;0;0;0
AEQ;EIXO: ACESSO À EDUCAÇÃO DE QUALIDADE;CUL;SUB-EIXO: CULTURA;NEX;NEX;13;Cultura;392;Difusão Cultural;239;Rede BH Cultural ;2371;Fomento e Estímulo à Cultura;5;Promoção de Festival, Encontro e Mostra de Arte e Cultura;0.25;0;50000;20000;20000;0;20000;20000;0
AEQ;EIXO: ACESSO À EDUCAÇÃO DE QUALIDADE;CUL;SUB-EIXO: CULTURA;NEX;NEX;13;Cultura;392;Difusão Cultural;239;Rede BH Cultural ;2371;Fomento e Estímulo à Cultura;7;"Realização do Concurso  de Literatura  ""Cidade de Belo Horizonte """;0.25;0;74100;16500;0;0;16500;0;0
AEQ;EIXO: ACESSO À EDUCAÇÃO DE QUALIDADE;CUL;SUB-EIXO: CULTURA;NEX;NEX;13;Cultura;392;Difusão Cultural;239;Rede BH Cultural ;2371;Fomento e Estímulo à Cultura;8;"Realização do Concurso de Literatura ""João de Barro""";0.25;0;37050;9000;0;0;9000;0;0
AEQ;EIXO: ACESSO À EDUCAÇÃO DE QUALIDADE;CUL;SUB-EIXO: CULTURA;NEX;NEX;13;Cultura;392;Difusão Cultural;239;Rede BH Cultural ;2371;Fomento e Estímulo à Cultura;12;Criação do Prêmio Escultura na Praça;0.25;0;40550;0;0;0;0;0;0
AEQ;EIXO: ACESSO À EDUCAÇÃO DE QUALIDADE;CUL;SUB-EIXO: CULTURA;NEX;NEX;13;Cultura;392;Difusão Cultural;239;Rede BH Cultural ;2371;Fomento e Estímulo à Cultura;16;Realização do Festival Internacional de Quadrinhos de BH - FIQ;0.25;0;5062;5000;0;0;5000;0;0
AEQ;EIXO: ACESSO À EDUCAÇÃO DE QUALIDADE;CUL;SUB-EIXO: CULTURA;NEX;NEX;13;Cultura;392;Difusão Cultural;239;Rede BH Cultural ;2371;Fomento e Estímulo à Cultura;17;Realização do Festival Internacional de Teatro Palco e Rua de BH - FIT;0.25;0;1000000;125000;125000;750000;1375000;1375000;1375000
AEQ;EIXO: ACESSO À EDUCAÇÃO DE QUALIDADE;CUL;SUB-EIXO: CULTURA;NEX;NEX;13;Cultura;392;Difusão Cultural;239;Rede BH Cultural ;2371;Fomento e Estímulo à Cultura;18;Realização da Virada Cultural;0.25;0;250000;205000;205000;170000;375000;375000;170000
AEQ;EIXO: ACESSO À EDUCAÇÃO DE QUALIDADE;CUL;SUB-EIXO: CULTURA;NEX;NEX;13;Cultura;392;Difusão Cultural;239;Rede BH Cultural ;2371;Fomento e Estímulo à Cultura;22;Realização de Exposições de Grafite;0.25;0;12500;0;0;0;0;0;0
AEQ;EIXO: ACESSO À EDUCAÇÃO DE QUALIDADE;DLA;SUB-EIXO: DESPORTO E LAZER;NEX;"NEX";27;Desporto e Lazer;811;Desporto de Rendimento;101;Promoção e Democratização das Práticas de Esportes e Lazer;2866;Esporte de Rendimento;1;Gestão do Esporte de Rendimento;0.25;0;15525;0;0;0;0;0;0
AEQ;EIXO: ACESSO À EDUCAÇÃO DE QUALIDADE;DLA;SUB-EIXO: DESPORTO E LAZER;EX;EX;27;Desporto e Lazer;811;Desporto de Rendimento;101;Promoção e Democratização das Práticas de Esportes e Lazer;2866;Esporte de Rendimento;4;BH Descobrindo Talentos no Futebol;1;0;1093994;157121.46;157121.46;157121.48;392803.68;392803.68;314242.96
AEQ;EIXO: ACESSO À EDUCAÇÃO DE QUALIDADE;DLA;SUB-EIXO: DESPORTO E LAZER;NEX;"NEX";27;Desporto e Lazer;811;Desporto de Rendimento;101;Promoção e Democratização das Práticas de Esportes e Lazer;2866;Esporte de Rendimento;16;Volta da Pampulha;0.25;0;2500;0;0;0;0;0;0
AEQ;EIXO: ACESSO À EDUCAÇÃO DE QUALIDADE;DLA;SUB-EIXO: DESPORTO E LAZER;NEX;"NEX";27;Desporto e Lazer;811;Desporto de Rendimento;238;Promoção do Esporte e do Lazer;2536;Programa Superar;3;Superar Rendimento;0.25;0;62150;0;0;0;0;0;0
AEQ;EIXO: ACESSO À EDUCAÇÃO DE QUALIDADE;DLA;SUB-EIXO: DESPORTO E LAZER;NEX;"NEX";27;Desporto e Lazer;811;Desporto de Rendimento;238;Promoção do Esporte e do Lazer;2866;Esporte de Rendimento;2;Manutenção das Atividades do Bolsa Atleta;0.25;0;30000;0;0;0;0;0;0
AEQ;EIXO: ACESSO À EDUCAÇÃO DE QUALIDADE;DLA;SUB-EIXO: DESPORTO E LAZER;NEX;"NEX";27;Desporto e Lazer;811;Desporto de Rendimento;238;Promoção do Esporte e do Lazer;2866;Esporte de Rendimento;3;Copa Centenário de Futebol Amador Wadson Lima;0.25;0;110500;0;0;0;9102.825;0;0
AEQ;EIXO: ACESSO À EDUCAÇÃO DE QUALIDADE;DLA;SUB-EIXO: DESPORTO E LAZER;NEX;"NEX";27;Desporto e Lazer;811;Desporto de Rendimento;238;Promoção do Esporte e do Lazer;2866;Esporte de Rendimento;5;BH Descobrindo Talentos no Esporte;0.25;0;37500;0;0;0;0;0;0
AEQ;EIXO: ACESSO À EDUCAÇÃO DE QUALIDADE;DLA;SUB-EIXO: DESPORTO E LAZER;NEX;"NEX";27;Desporto e Lazer;812;Desporto Comunitário;101;Promoção e Democratização das Práticas de Esportes e Lazer;2106;Gestão da Política de Esporte e Lazer;1;Apoio a Entidades nas Ações Esportivas e de Lazer;0.25;0;321610;47763.39;47548.39;47548.39;259914.935;259699.935;259699.935
AEQ;EIXO: ACESSO À EDUCAÇÃO DE QUALIDADE;DLA;SUB-EIXO: DESPORTO E LAZER;NEX;"NEX";27;Desporto e Lazer;812;Desporto Comunitário;101;Promoção e Democratização das Práticas de Esportes e Lazer;2106;Gestão da Política de Esporte e Lazer;2;Patrocínio;0.25;0;50000;239475;239475;239475;239475;239475;239475
AEQ;EIXO: ACESSO À EDUCAÇÃO DE QUALIDADE;DLA;SUB-EIXO: DESPORTO E LAZER;NEX;"NEX";27;Desporto e Lazer;812;Desporto Comunitário;101;Promoção e Democratização das Práticas de Esportes e Lazer;2106;Gestão da Política de Esporte e Lazer;3;Serviços Administrativos e Financeiros;0.25;0;1071146;478185.6975;532067.6675;494369.855;929980.0875;780389.8075;704271.795
AEQ;EIXO: ACESSO À EDUCAÇÃO DE QUALIDADE;DLA;SUB-EIXO: DESPORTO E LAZER;NEX;"NEX";27;Desporto e Lazer;812;Desporto Comunitário;101;Promoção e Democratização das Práticas de Esportes e Lazer;2106;Gestão da Política de Esporte e Lazer;4;Centro de Memória do Esporte e do Lazer da Cidade;0.25;0;10800;179.3625;0;0;179.3625;0;0
AEQ;EIXO: ACESSO À EDUCAÇÃO DE QUALIDADE;DLA;SUB-EIXO: DESPORTO E LAZER;NEX;"NEX";27;Desporto e Lazer;812;Desporto Comunitário;101;Promoção e Democratização das Práticas de Esportes e Lazer;2106;Gestão da Política de Esporte e Lazer;5;Assessoria de Comunicação;0.25;0;4500;0;0;0;0;0;0
AEQ;EIXO: ACESSO À EDUCAÇÃO DE QUALIDADE;DLA;SUB-EIXO: DESPORTO E LAZER;NEX;"NEX";27;Desporto e Lazer;812;Desporto Comunitário;101;Promoção e Democratização das Práticas de Esportes e Lazer;2106;Gestão da Política de Esporte e Lazer;7;Manutenção do Conselho Municipal do Esporte e Lazer;0.25;0;2475;0;0;0;0;0;0
AEQ;EIXO: ACESSO À EDUCAÇÃO DE QUALIDADE;DLA;SUB-EIXO: DESPORTO E LAZER;NEX;"NEX";27;Desporto e Lazer;812;Desporto Comunitário;101;Promoção e Democratização das Práticas de Esportes e Lazer;2106;Gestão da Política de Esporte e Lazer;9;Implantação  do Polo dos Esportes Radicais e de Aventura;0.25;0;375000;0;0;0;0;0;0
AEQ;EIXO: ACESSO À EDUCAÇÃO DE QUALIDADE;DLA;SUB-EIXO: DESPORTO E LAZER;EX;EX;27;Desporto e Lazer;812;Desporto Comunitário;101;Promoção e Democratização das Práticas de Esportes e Lazer;2531;Programas de Esporte Educacional;1;Programa Segundo Tempo;1;0;9018456;0;0;0;0;0;0
AEQ;EIXO: ACESSO À EDUCAÇÃO DE QUALIDADE;DLA;SUB-EIXO: DESPORTO E LAZER;EX;EX;27;Desporto e Lazer;812;Desporto Comunitário;101;Promoção e Democratização das Práticas de Esportes e Lazer;2531;Programas de Esporte Educacional;2;Recreio nas Férias;1;0;68000;0;0;0;0;0;0
AEQ;EIXO: ACESSO À EDUCAÇÃO DE QUALIDADE;DLA;SUB-EIXO: DESPORTO E LAZER;EX;EX;27;Desporto e Lazer;812;Desporto Comunitário;101;Promoção e Democratização das Práticas de Esportes e Lazer;2531;Programas de Esporte Educacional;3;Festival Esportivo Segundo Tempo;1;0;49000;0;0;0;0;0;0
AEQ;EIXO: ACESSO À EDUCAÇÃO DE QUALIDADE;DLA;SUB-EIXO: DESPORTO E LAZER;EX;EX;27;Desporto e Lazer;812;Desporto Comunitário;101;Promoção e Democratização das Práticas de Esportes e Lazer;2531;Programas de Esporte Educacional;4;Programa Esporte Esperança / BH Cidadania;1;0;2370000;0;0;0;0;0;0
AEQ;EIXO: ACESSO À EDUCAÇÃO DE QUALIDADE;DLA;SUB-EIXO: DESPORTO E LAZER;EX;EX;27;Desporto e Lazer;812;Desporto Comunitário;101;Promoção e Democratização das Práticas de Esportes e Lazer;2531;Programas de Esporte Educacional;5;Xadrez na Escola;1;0;70000;0;0;0;0;0;0
AEQ;EIXO: ACESSO À EDUCAÇÃO DE QUALIDADE;DLA;SUB-EIXO: DESPORTO E LAZER;EX;EX;27;Desporto e Lazer;812;Desporto Comunitário;101;Promoção e Democratização das Práticas de Esportes e Lazer;2531;Programas de Esporte Educacional;9;Promoção de Eventos Esportivos;1;0;46900;3498.3;3498.3;0;3498.3;3498.3;0
AEQ;EIXO: ACESSO À EDUCAÇÃO DE QUALIDADE;DLA;SUB-EIXO: DESPORTO E LAZER;EX;EX;27;Desporto e Lazer;812;Desporto Comunitário;101;Promoção e Democratização das Práticas de Esportes e Lazer;2531;Programas de Esporte Educacional;12;Festival de Atletismo;1;0;150000;0;0;0;0;0;0
AEQ;EIXO: ACESSO À EDUCAÇÃO DE QUALIDADE;DLA;SUB-EIXO: DESPORTO E LAZER;EX;EX;27;Desporto e Lazer;812;Desporto Comunitário;101;Promoção e Democratização das Práticas de Esportes e Lazer;2531;Programas de Esporte Educacional;14;Caravana do Esporte;1;0;10000;0;0;0;0;0;0
AEQ;EIXO: ACESSO À EDUCAÇÃO DE QUALIDADE;DLA;SUB-EIXO: DESPORTO E LAZER;EX;EX;27;Desporto e Lazer;812;Desporto Comunitário;101;Promoção e Democratização das Práticas de Esportes e Lazer;2531;Programas de Esporte Educacional;15;Festival de Ginástica Ritmica;1;0;49400;0;0;0;0;0;0
AEQ;EIXO: ACESSO À EDUCAÇÃO DE QUALIDADE;DLA;SUB-EIXO: DESPORTO E LAZER;NEX;"NEX";27;Desporto e Lazer;812;Desporto Comunitário;101;Promoção e Democratização das Práticas de Esportes e Lazer;2534;Implantação, Manutenção e Recuperação de Equipamentos Esportivos e Áreas de Lazer;9;Manutenção e Conservação de Equipamentos de Lazer;0.25;0;7482;0;0;0;0;0;0
AEQ;EIXO: ACESSO À EDUCAÇÃO DE QUALIDADE;DLA;SUB-EIXO: DESPORTO E LAZER;NEX;"NEX";27;Desporto e Lazer;812;Desporto Comunitário;101;Promoção e Democratização das Práticas de Esportes e Lazer;2545;Promoções e Eventos Esportivos e Gestão de Áreas de Lazer;1;Promoções e Eventos Esportivos e Gestão de Áreas de Lazer;0.25;0;1064431;320625.39;317732.2425;317373.4;676226.615;611331.91;540989.6575
AEQ;EIXO: ACESSO À EDUCAÇÃO DE QUALIDADE;DLA;SUB-EIXO: DESPORTO E LAZER;NEX;"NEX";27;Desporto e Lazer;812;Desporto Comunitário;101;Promoção e Democratização das Práticas de Esportes e Lazer;2757;Programas e Atividades  Esportivas;1;Programas Esportivos Sociais e Atividades de Lazer Comunitárias;0.25;0;1125079;386269.855;386269.855;372624.9275;628325.5025;628325.5025;536285.5925
AEQ;EIXO: ACESSO À EDUCAÇÃO DE QUALIDADE;DLA;SUB-EIXO: DESPORTO E LAZER;NEX;"NEX";27;Desporto e Lazer;812;Desporto Comunitário;238;Promoção do Esporte e do Lazer;1213;Construção, Ampliação e Reforma de Equipamentos Esportivos e Áreas de Lazer;1;Construção, Ampliação e Reforma de Equipamentos Esportivos e Áreas de Lazer;0.25;0;5645567;738830.5075;687211.3025;373924.3775;877363.3675;756853.19;443566.265
AEQ;EIXO: ACESSO À EDUCAÇÃO DE QUALIDADE;DLA;SUB-EIXO: DESPORTO E LAZER;EX;EX;27;Desporto e Lazer;812;Desporto Comunitário;238;Promoção do Esporte e do Lazer;2531;Programas de Esporte Educacional;6;Programa de Atletismo;1;0;1100000;0;0;0;0;0;0
AEQ;EIXO: ACESSO À EDUCAÇÃO DE QUALIDADE;DLA;SUB-EIXO: DESPORTO E LAZER;EX;EX;27;Desporto e Lazer;812;Desporto Comunitário;238;Promoção do Esporte e do Lazer;2531;Programas de Esporte Educacional;7;Programa de Esporte e Lazer na Cidade;1;0;1388000;0;0;0;0;0;0
AEQ;EIXO: ACESSO À EDUCAÇÃO DE QUALIDADE;DLA;SUB-EIXO: DESPORTO E LAZER;EX;EX;27;Desporto e Lazer;812;Desporto Comunitário;238;Promoção do Esporte e do Lazer;2531;Programas de Esporte Educacional;8;Programa Ginástica Ritmica;1;0;150000;0;0;0;0;0;0
AEQ;EIXO: ACESSO À EDUCAÇÃO DE QUALIDADE;DLA;SUB-EIXO: DESPORTO E LAZER;EX;EX;27;Desporto e Lazer;812;Desporto Comunitário;238;Promoção do Esporte e do Lazer;2531;Programas de Esporte Educacional;10;Jogos Escolares de Belo Horizonte - JEBH;1;0;550000;0;0;0;0;0;0
AEQ;EIXO: ACESSO À EDUCAÇÃO DE QUALIDADE;DLA;SUB-EIXO: DESPORTO E LAZER;NEX;"NEX";27;Desporto e Lazer;812;Desporto Comunitário;238;Promoção do Esporte e do Lazer;2531;Programas de Esporte Educacional;11;Corrida Pessoa com Deficiência;1;0;40000;0;0;0;0;0;0
AEQ;EIXO: ACESSO À EDUCAÇÃO DE QUALIDADE;DLA;SUB-EIXO: DESPORTO E LAZER;EX;EX;27;Desporto e Lazer;812;Desporto Comunitário;238;Promoção do Esporte e do Lazer;2531;Programas de Esporte Educacional;13;Movimenta BH;1;0;20000;0;0;0;0;0;0
AEQ;EIXO: ACESSO À EDUCAÇÃO DE QUALIDADE;DLA;SUB-EIXO: DESPORTO E LAZER;NEX;"NEX";27;Desporto e Lazer;812;Desporto Comunitário;238;Promoção do Esporte e do Lazer;2534;Implantação, Manutenção e Recuperação de Equipamentos Esportivos e Áreas de Lazer;1;Manutenção, Conservação, Pequenas Reformas e Custeio de Equipamentos Esportivos;0.25;0;1289999;241889.625;271719.5625;291257.02;645025.99;520776.27;465892.1025
AEQ;EIXO: ACESSO À EDUCAÇÃO DE QUALIDADE;DLA;SUB-EIXO: DESPORTO E LAZER;NEX;"NEX";27;Desporto e Lazer;812;Desporto Comunitário;238;Promoção do Esporte e do Lazer;2536;Programa Superar;1;Superar Educacional / BH Cidadania;1;0;1364100;50904.05;0;0;50904.05;0;0
AEQ;EIXO: ACESSO À EDUCAÇÃO DE QUALIDADE;DLA;SUB-EIXO: DESPORTO E LAZER;NEX;"NEX";27;Desporto e Lazer;812;Desporto Comunitário;238;Promoção do Esporte e do Lazer;2536;Programa Superar;2;Fomação e Capacitação/Jornada Paralímpica;0.25;0;34674;0;0;0;0;0;0
AEQ;EIXO: ACESSO À EDUCAÇÃO DE QUALIDADE;DLA;SUB-EIXO: DESPORTO E LAZER;NEX;"NEX";27;Desporto e Lazer;813;Lazer;101;Promoção e Democratização das Práticas de Esportes e Lazer;2869;Programas e Atividades de Lazer;1;Programas e Atividades de Lazer;0.25;0;548842;180785.4725;181918.53;173665.05;283786.8225;283780.515;242785.325
AEQ;EIXO: ACESSO À EDUCAÇÃO DE QUALIDADE;DLA;SUB-EIXO: DESPORTO E LAZER;NEX;"NEX";27;Desporto e Lazer;813;Lazer;101;Promoção e Democratização das Práticas de Esportes e Lazer;2869;Programas e Atividades de Lazer;3;Recrear;1;0;236878;2291;0;0;2291;0;0
AEQ;EIXO: ACESSO À EDUCAÇÃO DE QUALIDADE;DLA;SUB-EIXO: DESPORTO E LAZER;NEX;"NEX";27;Desporto e Lazer;813;Lazer;101;Promoção e Democratização das Práticas de Esportes e Lazer;2869;Programas e Atividades de Lazer;6;Lazer Mais Saúde;0.25;0;25162;0;0;0;0;0;0
AEQ;EIXO: ACESSO À EDUCAÇÃO DE QUALIDADE;DLA;SUB-EIXO: DESPORTO E LAZER;NEX;"NEX";27;Desporto e Lazer;813;Lazer;101;Promoção e Democratização das Práticas de Esportes e Lazer;2869;Programas e Atividades de Lazer;9;Caminhar Pistas;0.25;0;47507;0;0;0;0;0;0
AEQ;EIXO: ACESSO À EDUCAÇÃO DE QUALIDADE;DLA;SUB-EIXO: DESPORTO E LAZER;NEX;"NEX";27;Desporto e Lazer;813;Lazer;101;Promoção e Democratização das Práticas de Esportes e Lazer;2869;Programas e Atividades de Lazer;10;Promoção de Eventos de Lazer;0.25;0;42000;0;0;0;0;0;0
AEQ;EIXO: ACESSO À EDUCAÇÃO DE QUALIDADE;DLA;SUB-EIXO: DESPORTO E LAZER;EX;EX;27;Desporto e Lazer;813;Lazer;101;Promoção e Democratização das Práticas de Esportes e Lazer;2869;Programas e Atividades de Lazer;11;BH em Férias;1;0;85935;0;0;0;0;0;0
AEQ;EIXO: ACESSO À EDUCAÇÃO DE QUALIDADE;DLA;SUB-EIXO: DESPORTO E LAZER;NEX;"NEX";27;Desporto e Lazer;813;Lazer;238;Promoção do Esporte e do Lazer;2869;Programas e Atividades de Lazer;2;Caminhar / BH Cidadania;0.25;0;350745;0;0;0;0;0;0
AEQ;EIXO: ACESSO À EDUCAÇÃO DE QUALIDADE;DLA;SUB-EIXO: DESPORTO E LAZER;EX;EX;27;Desporto e Lazer;813;Lazer;238;Promoção do Esporte e do Lazer;2869;Programas e Atividades de Lazer;4;Caminhar na Escola;1;0;98952;0;0;0;0;0;0
AEQ;EIXO: ACESSO À EDUCAÇÃO DE QUALIDADE;DLA;SUB-EIXO: DESPORTO E LAZER;NEX;"NEX";27;Desporto e Lazer;813;Lazer;238;Promoção do Esporte e do Lazer;2869;Programas e Atividades de Lazer;5;Domingo a Rua é Nossa;0.25;0;25000;0;0;0;0;0;0
AEQ;EIXO: ACESSO À EDUCAÇÃO DE QUALIDADE;DLA;SUB-EIXO: DESPORTO E LAZER;NEX;"NEX";27;Desporto e Lazer;813;Lazer;238;Promoção do Esporte e do Lazer;2869;Programas e Atividades de Lazer;8;Brincando na Vila;1;0;80000;0;0;0;0;0;0
AEQ;EIXO: ACESSO À EDUCAÇÃO DE QUALIDADE;EDU;SUB-EIXO: EDUCAÇÃO;NEX;NEX;4;Administração;122;Administração Geral;237;Qualificação, Profissionalização e Emprego;1219;Aquisição, Construção e Readaptação de Imóveis;3;Implantação da Escola Polo Profissionalizante na Área Central;0.85;0;2282250;0;0;0;0;0;0
AEQ;EIXO: ACESSO À EDUCAÇÃO DE QUALIDADE;EDU;SUB-EIXO: EDUCAÇÃO;EX;EX;8;Assistência Social;306;Alimentação e Nutrição;132;Gestão da Política Municipal de Segurança Alimentar e Nutricional;2761;Gestão da Assistência Alimentar e Nutricional à Rede Municipal de Ensino;1;Gerenciamento da Assistência Alimentar e Nutricional às Escolas de Ensino Fundamental ;1;0;7178000;2150825.09;2466753.76;2853887.91;4765530.42;3710964.83;3483327.11
AEQ;EIXO: ACESSO À EDUCAÇÃO DE QUALIDADE;EDU;SUB-EIXO: EDUCAÇÃO;EX;EX;8;Assistência Social;306;Alimentação e Nutrição;132;Gestão da Política Municipal de Segurança Alimentar e Nutricional;2761;Gestão da Assistência Alimentar e Nutricional à Rede Municipal de Ensino;2;Gerenciamento da Assistência Alimentar e Nutricional às UMEIS;1;0;6908286;1418848.4;1339582.61;1632624.82;3306037.09;2308806.74;2151497.04
AEQ;EIXO: ACESSO À EDUCAÇÃO DE QUALIDADE;EDU;SUB-EIXO: EDUCAÇÃO;EX;EX;8;Assistência Social;306;Alimentação e Nutrição;132;Gestão da Política Municipal de Segurança Alimentar e Nutricional;2761;Gestão da Assistência Alimentar e Nutricional à Rede Municipal de Ensino;3;Gerenciamento da Assistência Alimentar e Nutricional às Escolas Integradas;1;0;10504761;3335938.57;3059656.68;3436124.78;6977188.34;4980403.99;4412772.5
AEQ;EIXO: ACESSO À EDUCAÇÃO DE QUALIDADE;EDU;SUB-EIXO: EDUCAÇÃO;EX;EX;8;Assistência Social;306;Alimentação e Nutrição;132;Gestão da Política Municipal de Segurança Alimentar e Nutricional;2761;Gestão da Assistência Alimentar e Nutricional à Rede Municipal de Ensino;4;Gerenciamento da Assistência Alimentar e Nutricional aos alunos do Ensino de Jovens e Adultos - EJA;1;0;879526;534740.2;296607.67;261572.97;539456.2;296607.67;261572.97
AEQ;EIXO: ACESSO À EDUCAÇÃO DE QUALIDADE;EDU;SUB-EIXO: EDUCAÇÃO;EX;EX;8;Assistência Social;306;Alimentação e Nutrição;132;Gestão da Política Municipal de Segurança Alimentar e Nutricional;2761;Gestão da Assistência Alimentar e Nutricional à Rede Municipal de Ensino;5;Gerenciamento da Assistência Alimentar e Nutricional às Escolas de Ensino Médio;1;0;24925;0;2533.6;2533.6;2534.6;2533.6;2533.6
AEQ;EIXO: ACESSO À EDUCAÇÃO DE QUALIDADE;EDU;SUB-EIXO: EDUCAÇÃO;EX;EX;8;Assistência Social;306;Alimentação e Nutrição;132;Gestão da Política Municipal de Segurança Alimentar e Nutricional;2761;Gestão da Assistência Alimentar e Nutricional à Rede Municipal de Ensino;8;Gerenciamento da Assistência Alimentar e Nutricional às Creches Conveniadas;1;0;2461000;1405132.6;1183958.62;1134932.25;2306311.25;1769244.18;1720217.81
AEQ;EIXO: ACESSO À EDUCAÇÃO DE QUALIDADE;EDU;SUB-EIXO: EDUCAÇÃO;EX;EX;8;Assistência Social;306;Alimentação e Nutrição;132;Gestão da Política Municipal de Segurança Alimentar e Nutricional;2761;Gestão da Assistência Alimentar e Nutricional à Rede Municipal de Ensino;10;Gerenciamento da Assistência Alimentar e Nutricional à Rede Municipal;1;0;3689036;1079090.78;1305754.23;1258398.14;2940771.08;2104632.3;1835203.3
AEQ;EIXO: ACESSO À EDUCAÇÃO DE QUALIDADE;EDU;SUB-EIXO: EDUCAÇÃO;NEX;NEX;8;Assistência Social;306;Alimentação e Nutrição;236;Direito de Todos ;2331;Centro de Referência em Segurança Alimentar e Nutricional Sustentável;3;Educação Alimentar e Nutricional com Atividades Lúdicas Educativas;0.85;0;79900;0;0;0;5312.5;5206.25;5206.25
AEQ;EIXO: ACESSO À EDUCAÇÃO DE QUALIDADE;EDU;SUB-EIXO: EDUCAÇÃO;NEX;NEX;8;Assistência Social;306;Alimentação e Nutrição;236;Direito de Todos ;2331;Centro de Referência em Segurança Alimentar e Nutricional Sustentável;4;Campanhas Educativas de Mobilização Social;0.85;0;31450;0;0;0;0;0;0
AEQ;EIXO: ACESSO À EDUCAÇÃO DE QUALIDADE;EDU;SUB-EIXO: EDUCAÇÃO;EX;EX;8;Assistência Social;306;Alimentação e Nutrição;236;Direito de Todos ;2331;Centro de Referência em Segurança Alimentar e Nutricional Sustentável;5;Formação de Profissionais de Manipulação de Alimentos para a Rede Pública Conveniada e Não Conveniada;1;0;2000;0;0;0;0;0;0
AEQ;EIXO: ACESSO À EDUCAÇÃO DE QUALIDADE;EDU;SUB-EIXO: EDUCAÇÃO;EX;EX;12;Educação;122;Administração Geral;140;Gestão e Operacionalização da Política Educacional;2317;Gestão Administrativa e Pedagógica;1;Gestão Administrativa;1;0;74197974;19943818.09;22144862.1;22375949.89;43612965.82;41553449.26;37619719.23
AEQ;EIXO: ACESSO À EDUCAÇÃO DE QUALIDADE;EDU;SUB-EIXO: EDUCAÇÃO;EX;EX;12;Educação;122;Administração Geral;140;Gestão e Operacionalização da Política Educacional;2317;Gestão Administrativa e Pedagógica;2;Gestão Pedagógica;1;0;1169000;14050;5901.15;3661.15;21050;5901.15;3661.15
AEQ;EIXO: ACESSO À EDUCAÇÃO DE QUALIDADE;EDU;SUB-EIXO: EDUCAÇÃO;EX;EX;12;Educação;122;Administração Geral;140;Gestão e Operacionalização da Política Educacional;2334;Gestão Compartilhada e Participação Social;2;Apoio aos Conselhos Municipais;1;0;121000;7850;2850;0;7850;2850;0
AEQ;EIXO: ACESSO À EDUCAÇÃO DE QUALIDADE;EDU;SUB-EIXO: EDUCAÇÃO;EX;EX;12;Educação;122;Administração Geral;140;Gestão e Operacionalização da Política Educacional;2334;Gestão Compartilhada e Participação Social;3;Realização de Conferências;1;0;31000;0;0;0;0;0;0
AEQ;EIXO: ACESSO À EDUCAÇÃO DE QUALIDADE;EDU;SUB-EIXO: EDUCAÇÃO;EX;EX;12;Educação;361;Ensino Fundamental;85;Gestão da Política de Tecnologia da Informação e Comunicação;2605;Evolução da Rede de Telecomunicações da PBH ;1;Serviços de Informática - Educação ;1;0;956897;286953.09;285498.47;285726.19;633871.81;491188.38;468269
AEQ;EIXO: ACESSO À EDUCAÇÃO DE QUALIDADE;EDU;SUB-EIXO: EDUCAÇÃO;EX;EX;12;Educação;361;Ensino Fundamental;140;Gestão e Operacionalização da Política Educacional;2046;Gestão Descentralizada da Educação;2;Assistência ao Educando, Conservação de Unidades Escolares do Ensino Fundamental;1;0;33787204;25071032;11604922.21;10109511.21;25071032;11604922.21;10109511.21
AEQ;EIXO: ACESSO À EDUCAÇÃO DE QUALIDADE;EDU;SUB-EIXO: EDUCAÇÃO;EX;EX;12;Educação;361;Ensino Fundamental;140;Gestão e Operacionalização da Política Educacional;2046;Gestão Descentralizada da Educação;13;Contratação de Apoio Administrativo - Ensino Fundamental;1;0;103125127;17873782;40555063;53963593;78011335;65951138;53963593
AEQ;EIXO: ACESSO À EDUCAÇÃO DE QUALIDADE;EDU;SUB-EIXO: EDUCAÇÃO;EX;EX;12;Educação;361;Ensino Fundamental;140;Gestão e Operacionalização da Política Educacional;2080;Administração do Ensino Fundamental;1;Administração do Ensino Fundamental;1;0;785003105;239395663;235298309.1;234688183.7;431307055.5;422897317.7;374441673.7
AEQ;EIXO: ACESSO À EDUCAÇÃO DE QUALIDADE;EDU;SUB-EIXO: EDUCAÇÃO;EX;EX;12;Educação;361;Ensino Fundamental;140;Gestão e Operacionalização da Política Educacional;2080;Administração do Ensino Fundamental;2;Pré-Conferência Municipal de Educação;1;0;73000;0;0;0;0;0;0
AEQ;EIXO: ACESSO À EDUCAÇÃO DE QUALIDADE;EDU;SUB-EIXO: EDUCAÇÃO;EX;EX;12;Educação;361;Ensino Fundamental;140;Gestão e Operacionalização da Política Educacional;2080;Administração do Ensino Fundamental;3;Cadastro Escolar;1;0;74000;0;0;0;0;0;0
AEQ;EIXO: ACESSO À EDUCAÇÃO DE QUALIDADE;EDU;SUB-EIXO: EDUCAÇÃO;EX;EX;12;Educação;361;Ensino Fundamental;140;Gestão e Operacionalização da Política Educacional;2317;Gestão Administrativa e Pedagógica;1;Gestão Administrativa;1;0;4221933;1132693.1;1132675.59;1150423.11;2357339.24;2357321.73;2110560.72
AEQ;EIXO: ACESSO À EDUCAÇÃO DE QUALIDADE;EDU;SUB-EIXO: EDUCAÇÃO;EX;EX;12;Educação;361;Ensino Fundamental;140;Gestão e Operacionalização da Política Educacional;2503;Gestão do Programa Bolsa Escola;1;Gestão do Programa Bolsa Escola;1;0;1855178;780942.42;779024.02;748197.17;1371294.7;1357470.7;1158348.84
AEQ;EIXO: ACESSO À EDUCAÇÃO DE QUALIDADE;EDU;SUB-EIXO: EDUCAÇÃO;EX;EX;12;Educação;361;Ensino Fundamental;140;Gestão e Operacionalização da Política Educacional;2503;Gestão do Programa Bolsa Escola;2;Manutenção das Atividades do Bolsa Escola Municipal;1;0;1092000;235500;157283;157283;655792;334745;334745
AEQ;EIXO: ACESSO À EDUCAÇÃO DE QUALIDADE;EDU;SUB-EIXO: EDUCAÇÃO;EX;EX;12;Educação;361;Ensino Fundamental;140;Gestão e Operacionalização da Política Educacional;2700;Operação e Manutenção da Educação;2;Fornecimento de Kits Escolares - Ensino Fundamental;1;0;27066182;3533905.2;7139684.2;3156857.5;7296764.2;7296764.2;3164057.5
AEQ;EIXO: ACESSO À EDUCAÇÃO DE QUALIDADE;EDU;SUB-EIXO: EDUCAÇÃO;EX;EX;12;Educação;361;Ensino Fundamental;140;Gestão e Operacionalização da Política Educacional;2700;Operação e Manutenção da Educação;10;Operação e Manutenção da Educação -  Ensino Fundamental;1;0;15768542;6422784.99;2950835.25;1731199.85;7487036.55;3458072.71;2003125.29
AEQ;EIXO: ACESSO À EDUCAÇÃO DE QUALIDADE;EDU;SUB-EIXO: EDUCAÇÃO;EX;EX;12;Educação;361;Ensino Fundamental;140;Gestão e Operacionalização da Política Educacional;2700;Operação e Manutenção da Educação;16;Fórum Mineiro de Educação Integrada;1;0;350000;0;0;0;0;0;0
AEQ;EIXO: ACESSO À EDUCAÇÃO DE QUALIDADE;EDU;SUB-EIXO: EDUCAÇÃO;EX;EX;12;Educação;361;Ensino Fundamental;140;Gestão e Operacionalização da Política Educacional;2885;Transporte Escolar;1;Transporte Escolar;1;0;8570737;4899513.07;3960678.91;4093401.09;8575062.7;6136990.85;5537715.83
AEQ;EIXO: ACESSO À EDUCAÇÃO DE QUALIDADE;EDU;SUB-EIXO: EDUCAÇÃO;EX;EX;12;Educação;361;Ensino Fundamental;140;Gestão e Operacionalização da Política Educacional;2886;Gestão da Melhoria da Qualidade da Educação;11;Ações Intersetoriais da Educação;1;0;25000;0;0;0;0;0;0
AEQ;EIXO: ACESSO À EDUCAÇÃO DE QUALIDADE;EDU;SUB-EIXO: EDUCAÇÃO;EX;EX;12;Educação;361;Ensino Fundamental;140;Gestão e Operacionalização da Política Educacional;2886;Gestão da Melhoria da Qualidade da Educação;13;Eventos Curriculares;1;0;1006715;0;0;0;0;0;0
AEQ;EIXO: ACESSO À EDUCAÇÃO DE QUALIDADE;EDU;SUB-EIXO: EDUCAÇÃO;EX;EX;12;Educação;361;Ensino Fundamental;206;Expansão da Escola Integrada ;1211;Construção, Ampliação e Reforma de Unidades de Ensino;4;Construção, Ampliação e Reforma de Unidades de Ensino;1;0;99690502;6023861.66;4909511.92;4340753.97;7028236.12;5886557.23;5317799.28
AEQ;EIXO: ACESSO À EDUCAÇÃO DE QUALIDADE;EDU;SUB-EIXO: EDUCAÇÃO;EX;EX;12;Educação;361;Ensino Fundamental;206;Expansão da Escola Integrada ;2702;Gestão do Programa Escola Integrada;2;Atendimento do Programa Escola Integrada;1;0;124865348;597624.98;0;0;605624.98;0;0
AEQ;EIXO: ACESSO À EDUCAÇÃO DE QUALIDADE;EDU;SUB-EIXO: EDUCAÇÃO;EX;EX;12;Educação;361;Ensino Fundamental;206;Expansão da Escola Integrada ;2702;Gestão do Programa Escola Integrada;4;Manutenção de Convênios com Instituições - Ensino Fundamental;1;0;8987160;3025114.8;2067710.96;1295558.71;4835878.67;3720100.64;2470598.71
AEQ;EIXO: ACESSO À EDUCAÇÃO DE QUALIDADE;EDU;SUB-EIXO: EDUCAÇÃO;EX;EX;12;Educação;361;Ensino Fundamental;206;Expansão da Escola Integrada ;2702;Gestão do Programa Escola Integrada;5;Programa Escola Aberta - Ampliação do Atendimento ;1;0;7527798;0;0;0;0;0;0
AEQ;EIXO: ACESSO À EDUCAÇÃO DE QUALIDADE;EDU;SUB-EIXO: EDUCAÇÃO;EX;EX;12;Educação;361;Ensino Fundamental;206;Expansão da Escola Integrada ;2702;Gestão do Programa Escola Integrada;6;Programa Escola nas Férias;1;0;2610828;0;0;0;0;0;0
AEQ;EIXO: ACESSO À EDUCAÇÃO DE QUALIDADE;EDU;SUB-EIXO: EDUCAÇÃO;EX;EX;12;Educação;361;Ensino Fundamental;206;Expansão da Escola Integrada ;2702;Gestão do Programa Escola Integrada;7;Consolidação e Ampliação de Parcerias;1;0;4796495;5671341.34;864718.54;0;5671341.34;864718.54;0
AEQ;EIXO: ACESSO À EDUCAÇÃO DE QUALIDADE;EDU;SUB-EIXO: EDUCAÇÃO;EX;EX;12;Educação;361;Ensino Fundamental;206;Expansão da Escola Integrada ;2702;Gestão do Programa Escola Integrada;12;Projeto BH para Crianças;1;0;1877736;331561.72;327861.65;620515.99;785524;781823.93;781823.93
AEQ;EIXO: ACESSO À EDUCAÇÃO DE QUALIDADE;EDU;SUB-EIXO: EDUCAÇÃO;EX;EX;12;Educação;361;Ensino Fundamental;206;Expansão da Escola Integrada ;2702;Gestão do Programa Escola Integrada;14;Disponibilização de Vagas para o Ensino de Música em Escolas de Música;1;0;3100000;1295435.65;2031221.8;1224461;2300856.65;2031221.8;1224461
AEQ;EIXO: ACESSO À EDUCAÇÃO DE QUALIDADE;EDU;SUB-EIXO: EDUCAÇÃO;EX;EX;12;Educação;361;Ensino Fundamental;206;Expansão da Escola Integrada ;2702;Gestão do Programa Escola Integrada;16;Coordenação de rede Física de Ensino Fundamental;1;0;21000;0;0;0;0;0;0
AEQ;EIXO: ACESSO À EDUCAÇÃO DE QUALIDADE;EDU;SUB-EIXO: EDUCAÇÃO;EX;EX;12;Educação;361;Ensino Fundamental;206;Expansão da Escola Integrada ;2707;Aquisição e Instalação de Equipamentos;1;Aquisição e Instalação de Equipamentos;1;0;22417974;0;0;0;0;0;0
AEQ;EIXO: ACESSO À EDUCAÇÃO DE QUALIDADE;EDU;SUB-EIXO: EDUCAÇÃO;EX;EX;12;Educação;361;Ensino Fundamental;206;Expansão da Escola Integrada ;2858;Expansão de Unidades Municipais de Educação - Parceria Público-Privada;2;Expansão de Unidades Municipais de Ensino Fundamental - Parceria Público-Privada;1;0;33729792;11620000;14103991.9;13326937.91;26940000;14103991.9;13326937.91
AEQ;EIXO: ACESSO À EDUCAÇÃO DE QUALIDADE;EDU;SUB-EIXO: EDUCAÇÃO;EX;EX;12;Educação;361;Ensino Fundamental;207;Melhoria da Qualidade da Educação;2041;Formação para Profissionais da Educação;3;Formação dos Professores do Ensino Fundamental em Cursos/Oficinas Específicas para Alfabetização e Matemática;1;0;3650000;1335210.9;826473.47;678567.95;1598961.82;1060224.39;912318.87
AEQ;EIXO: ACESSO À EDUCAÇÃO DE QUALIDADE;EDU;SUB-EIXO: EDUCAÇÃO;EX;EX;12;Educação;361;Ensino Fundamental;207;Melhoria da Qualidade da Educação;2705;Mobilização da Comunidade Escolar;1;Formação e Mobilização da Comunidade Escolar;1;0;316000;15000;19500;4405;20000;19500;4405
AEQ;EIXO: ACESSO À EDUCAÇÃO DE QUALIDADE;EDU;SUB-EIXO: EDUCAÇÃO;EX;EX;12;Educação;361;Ensino Fundamental;207;Melhoria da Qualidade da Educação;2705;Mobilização da Comunidade Escolar;2;Realização do Fórum Família Escola;1;0;100000;472.85;472.85;472.85;472.85;472.85;472.85
AEQ;EIXO: ACESSO À EDUCAÇÃO DE QUALIDADE;EDU;SUB-EIXO: EDUCAÇÃO;EX;EX;12;Educação;361;Ensino Fundamental;207;Melhoria da Qualidade da Educação;2705;Mobilização da Comunidade Escolar;4;Publicação de Jornal Família Escola do Ensino Fundamental;1;0;120000;0;0;0;0;0;0
AEQ;EIXO: ACESSO À EDUCAÇÃO DE QUALIDADE;EDU;SUB-EIXO: EDUCAÇÃO;EX;EX;12;Educação;361;Ensino Fundamental;207;Melhoria da Qualidade da Educação;2706;Melhoria da Aprendizagem e Avaliação de Desempenho Escolar;3;Avaliação de Aprendizagem dos Alunos - Avalia BH e Avalia EJA;1;0;5000000;0;0;0;0;0;0
AEQ;EIXO: ACESSO À EDUCAÇÃO DE QUALIDADE;EDU;SUB-EIXO: EDUCAÇÃO;EX;EX;12;Educação;361;Ensino Fundamental;207;Melhoria da Qualidade da Educação;2706;Melhoria da Aprendizagem e Avaliação de Desempenho Escolar;5;Realização de Concursos e Prêmios;1;0;50000;0;0;0;0;0;0
AEQ;EIXO: ACESSO À EDUCAÇÃO DE QUALIDADE;EDU;SUB-EIXO: EDUCAÇÃO;EX;EX;12;Educação;361;Ensino Fundamental;207;Melhoria da Qualidade da Educação;2886;Gestão da Melhoria da Qualidade da Educação;1;Projeto Trajetórias Adolescentes;1;0;200000;0;0;0;0;0;0
AEQ;EIXO: ACESSO À EDUCAÇÃO DE QUALIDADE;EDU;SUB-EIXO: EDUCAÇÃO;EX;EX;12;Educação;361;Ensino Fundamental;207;Melhoria da Qualidade da Educação;2886;Gestão da Melhoria da Qualidade da Educação;3;Elaboração do Plano Municipal de Educação;1;0;27700;0;0;0;0;0;0
AEQ;EIXO: ACESSO À EDUCAÇÃO DE QUALIDADE;EDU;SUB-EIXO: EDUCAÇÃO;EX;EX;12;Educação;361;Ensino Fundamental;207;Melhoria da Qualidade da Educação;2886;Gestão da Melhoria da Qualidade da Educação;4;Implantação do Observatório do Clima Escolar;1;0;190000;0;0;0;0;0;0
AEQ;EIXO: ACESSO À EDUCAÇÃO DE QUALIDADE;EDU;SUB-EIXO: EDUCAÇÃO;EX;EX;12;Educação;361;Ensino Fundamental;207;Melhoria da Qualidade da Educação;2886;Gestão da Melhoria da Qualidade da Educação;5;Implementação da Política de Alfabetização;1;0;285180;0;0;0;0;0;0
AEQ;EIXO: ACESSO À EDUCAÇÃO DE QUALIDADE;EDU;SUB-EIXO: EDUCAÇÃO;EX;EX;12;Educação;361;Ensino Fundamental;207;Melhoria da Qualidade da Educação;2886;Gestão da Melhoria da Qualidade da Educação;8;"Publicação da Revista ""Pensar Educação""";1;0;216000;0;0;0;0;0;0
AEQ;EIXO: ACESSO À EDUCAÇÃO DE QUALIDADE;EDU;SUB-EIXO: EDUCAÇÃO;EX;EX;12;Educação;361;Ensino Fundamental;207;Melhoria da Qualidade da Educação;2886;Gestão da Melhoria da Qualidade da Educação;10;Cidades Educadoras;1;0;32000;0;0;0;0;0;0
AEQ;EIXO: ACESSO À EDUCAÇÃO DE QUALIDADE;EDU;SUB-EIXO: EDUCAÇÃO;EX;EX;12;Educação;361;Ensino Fundamental;207;Melhoria da Qualidade da Educação;2886;Gestão da Melhoria da Qualidade da Educação;14;Realização da Mostra Literatura Afro-Brasileira;1;0;300000;0;0;0;0;0;0
AEQ;EIXO: ACESSO À EDUCAÇÃO DE QUALIDADE;EDU;SUB-EIXO: EDUCAÇÃO;EX;EX;12;Educação;361;Ensino Fundamental;233;Manutenção da Cidade;1211;Construção, Ampliação e Reforma de Unidades de Ensino;1;Construção, Ampliação e Reforma de Unidades de Ensino;1;0;0;0;0;0;36086.65;36086.65;36086.65
AEQ;EIXO: ACESSO À EDUCAÇÃO DE QUALIDADE;EDU;SUB-EIXO: EDUCAÇÃO;EX;EX;12;Educação;361;Ensino Fundamental;233;Manutenção da Cidade;1211;Construção, Ampliação e Reforma de Unidades de Ensino;3;Construção, Ampliação e Reforma de Unidades de Ensino;1;0;10474000;1211804.54;1645686.58;1530599.32;2894768.24;2652749;2537661.74
AEQ;EIXO: ACESSO À EDUCAÇÃO DE QUALIDADE;EDU;SUB-EIXO: EDUCAÇÃO;EX;EX;12;Educação;361;Ensino Fundamental;236;Direito de Todos ;2041;Formação para Profissionais da Educação;6;Qualificar Professores em História Indígena e Afro-brasileira;1;0;40000;0;0;0;0;0;0
AEQ;EIXO: ACESSO À EDUCAÇÃO DE QUALIDADE;EDU;SUB-EIXO: EDUCAÇÃO;EX;EX;12;Educação;361;Ensino Fundamental;236;Direito de Todos ;2041;Formação para Profissionais da Educação;8;Formação de professores no projeto Educação para a Diversidade;1;0;12100;0;0;0;0;0;0
AEQ;EIXO: ACESSO À EDUCAÇÃO DE QUALIDADE;EDU;SUB-EIXO: EDUCAÇÃO;EX;EX;12;Educação;361;Ensino Fundamental;236;Direito de Todos ;2386;Programa Municipal de Igualdade Racial;1;Atividades do Grupo de Promoção de Igualdade Racial na SMED;1;0;36600;0;0;0;0;0;0
AEQ;EIXO: ACESSO À EDUCAÇÃO DE QUALIDADE;EDU;SUB-EIXO: EDUCAÇÃO;EX;EX;12;Educação;361;Ensino Fundamental;237;Qualificação, Profissionalização e Emprego;2404;Ações de Qualificação, Profissionalização e Emprego;13;Disponibilização de Vagas para o Programa Municipal de Qualificação - EDUCAÇÃO;1;0;4014557;0;0;0;0;0;0
AEQ;EIXO: ACESSO À EDUCAÇÃO DE QUALIDADE;EDU;SUB-EIXO: EDUCAÇÃO;EX;EX;12;Educação;361;Ensino Fundamental;237;Qualificação, Profissionalização e Emprego;2702;Gestão do Programa Escola Integrada;10;Formação de Educadores do Programa;1;0;50000;0;0;0;0;0;0
AEQ;EIXO: ACESSO À EDUCAÇÃO DE QUALIDADE;EDU;SUB-EIXO: EDUCAÇÃO;EX;EX;12;Educação;361;Ensino Fundamental;241;Recomeço;2886;Gestão da Melhoria da Qualidade da Educação;6;Publicação de Material de Prevenção ao Uso de Drogas;1;0;100000;0;0;0;0;0;0
AEQ;EIXO: ACESSO À EDUCAÇÃO DE QUALIDADE;EDU;SUB-EIXO: EDUCAÇÃO;EX;EX;12;Educação;361;Ensino Fundamental;242;Prevenção da Violência;2881;Ações de Prevenção à Violência;16;Plano Municipal de Segurança Escolar Implantado;1;0;20000;0;0;0;0;0;0
AEQ;EIXO: ACESSO À EDUCAÇÃO DE QUALIDADE;EDU;SUB-EIXO: EDUCAÇÃO;EX;EX;12;Educação;362;Ensino Médio;140;Gestão e Operacionalização da Política Educacional;2150;Administração do Ensino Médio;1;Administração do Ensino Médio;1;0;429000;77999.68;49926.18;49148.3;239999.68;87171.32;86393.44
AEQ;EIXO: ACESSO À EDUCAÇÃO DE QUALIDADE;EDU;SUB-EIXO: EDUCAÇÃO;EX;EX;12;Educação;365;Educação Infantil;140;Gestão e Operacionalização da Política Educacional;2041;Formação para Profissionais da Educação;2;Formação de Professores da Educação Infantil;1;0;215000;31182.65;6280.41;560.69;31182.65;6280.41;560.69
AEQ;EIXO: ACESSO À EDUCAÇÃO DE QUALIDADE;EDU;SUB-EIXO: EDUCAÇÃO;EX;EX;12;Educação;365;Educação Infantil;140;Gestão e Operacionalização da Política Educacional;2046;Gestão Descentralizada da Educação;1;Assistência ao Educando, Conservação de Unidades Escolares da Educação Infantil;1;0;10074841;9141952;6807257.81;6546417.81;9141952;6807257.81;6546417.81
AEQ;EIXO: ACESSO À EDUCAÇÃO DE QUALIDADE;EDU;SUB-EIXO: EDUCAÇÃO;EX;EX;12;Educação;365;Educação Infantil;140;Gestão e Operacionalização da Política Educacional;2046;Gestão Descentralizada da Educação;12;Contratação de Apoio Administrativo - Educação Infantil;1;0;28781281;1233489;3149488;2925956;4889282;3652084;2925956
AEQ;EIXO: ACESSO À EDUCAÇÃO DE QUALIDADE;EDU;SUB-EIXO: EDUCAÇÃO;EX;EX;12;Educação;365;Educação Infantil;140;Gestão e Operacionalização da Política Educacional;2542;Administração da Educação Infantil;1;Administração da Educação Infantil;1;0;112408040;58216957.54;57100994.92;47924111.56;88654046.95;86664586.73;72771089.43
AEQ;EIXO: ACESSO À EDUCAÇÃO DE QUALIDADE;EDU;SUB-EIXO: EDUCAÇÃO;EX;EX;12;Educação;365;Educação Infantil;140;Gestão e Operacionalização da Política Educacional;2542;Administração da Educação Infantil;2;Atendimento ampliado em horário integral para crianças de quatro a cinco anos na rede própria;1;0;4000000;0;0;0;0;0;0
AEQ;EIXO: ACESSO À EDUCAÇÃO DE QUALIDADE;EDU;SUB-EIXO: EDUCAÇÃO;EX;EX;12;Educação;365;Educação Infantil;140;Gestão e Operacionalização da Política Educacional;2700;Operação e Manutenção da Educação;1;Fornecimento de Kits Escolares - Educação Infantil;1;0;12159462;212962;855572;1422547.6;1730852;1730852;1425427.6
AEQ;EIXO: ACESSO À EDUCAÇÃO DE QUALIDADE;EDU;SUB-EIXO: EDUCAÇÃO;EX;EX;12;Educação;365;Educação Infantil;140;Gestão e Operacionalização da Política Educacional;2700;Operação e Manutenção da Educação;8;Operação e Manutenção da Educação - Educação Infantil;1;0;7368225;1240015.68;556145.98;422641.42;1572482.61;626087.93;432297.95
AEQ;EIXO: ACESSO À EDUCAÇÃO DE QUALIDADE;EDU;SUB-EIXO: EDUCAÇÃO;EX;EX;12;Educação;365;Educação Infantil;140;Gestão e Operacionalização da Política Educacional;2888;Conveniamento com Instituições de Educação Infantil;2;Gestão de Convênio com Instituições de Educação Infantil;1;0;70962630;19292063;24061065.14;23913780.86;54062959;46054176.14;40925132.86
AEQ;EIXO: ACESSO À EDUCAÇÃO DE QUALIDADE;EDU;SUB-EIXO: EDUCAÇÃO;EX;EX;12;Educação;365;Educação Infantil;205;Expansão da Educação Infantil ;1211;Construção, Ampliação e Reforma de Unidades de Ensino;1;Construção, Ampliação e Reforma de Unidades de Ensino;1;0;62097831;11330141.08;11063573.44;10671280.04;14535362.44;13882210.33;13411433.07
AEQ;EIXO: ACESSO À EDUCAÇÃO DE QUALIDADE;EDU;SUB-EIXO: EDUCAÇÃO;EX;EX;12;Educação;365;Educação Infantil;205;Expansão da Educação Infantil ;2707;Aquisição e Instalação de Equipamentos;1;Aquisição e Instalação de Equipamentos;1;0;12061294;0;0;0;0;0;0
AEQ;EIXO: ACESSO À EDUCAÇÃO DE QUALIDADE;EDU;SUB-EIXO: EDUCAÇÃO;EX;EX;12;Educação;365;Educação Infantil;205;Expansão da Educação Infantil ;2858;Expansão de Unidades Municipais de Educação - Parceria Público-Privada;1;Expansão de Unidades Municipais de Educação Infantil - Parceria Público-Privada;1;0;82472208;26460000;14945996.6;7636126.75;57452252.2;19243939.88;11205320.91
AEQ;EIXO: ACESSO À EDUCAÇÃO DE QUALIDADE;EDU;SUB-EIXO: EDUCAÇÃO;EX;EX;12;Educação;365;Educação Infantil;205;Expansão da Educação Infantil ;2888;Conveniamento com Instituições de Educação Infantil;1;Reforma/ Aquisição de Equipamentos de Creches da Rede Conveniada;1;0;2250000;0;0;0;0;0;0
AEQ;EIXO: ACESSO À EDUCAÇÃO DE QUALIDADE;EDU;SUB-EIXO: EDUCAÇÃO;EX;EX;12;Educação;365;Educação Infantil;207;Melhoria da Qualidade da Educação;2705;Mobilização da Comunidade Escolar;3;Publicação de Jornal Família Escola da Educação Infantil;1;0;33000;0;0;0;0;0;0
AEQ;EIXO: ACESSO À EDUCAÇÃO DE QUALIDADE;EDU;SUB-EIXO: EDUCAÇÃO;EX;EX;12;Educação;365;Educação Infantil;236;Direito de Todos ;2386;Programa Municipal de Igualdade Racial;2;Fornecimento de Kits de Literatura Afro-Brasileira - Educação Infantil;1;0;400000;0;0;0;0;0;0
AEQ;EIXO: ACESSO À EDUCAÇÃO DE QUALIDADE;EDU;SUB-EIXO: EDUCAÇÃO;EX;EX;12;Educação;366;Educação de Jovens e Adultos;140;Gestão e Operacionalização da Política Educacional;2041;Formação para Profissionais da Educação;4;Formação de Professores da Educação de Jovens e Adultos;1;0;85000;4680;0;0;4680;0;0
AEQ;EIXO: ACESSO À EDUCAÇÃO DE QUALIDADE;EDU;SUB-EIXO: EDUCAÇÃO;EX;EX;12;Educação;366;Educação de Jovens e Adultos;140;Gestão e Operacionalização da Política Educacional;2046;Gestão Descentralizada da Educação;3;Assistência ao Educando, Conservação de Unidades Escolares - Educação de Jovens e Adultos;1;0;1403823;0;0;0;0;0;0
AEQ;EIXO: ACESSO À EDUCAÇÃO DE QUALIDADE;EDU;SUB-EIXO: EDUCAÇÃO;EX;EX;12;Educação;366;Educação de Jovens e Adultos;140;Gestão e Operacionalização da Política Educacional;2080;Administração do Ensino Fundamental;1;Administração do Ensino Fundamental;1;0;57156519;14364491.4;14365643.35;13407210.99;24191495.87;24191416.35;21629493.38
AEQ;EIXO: ACESSO À EDUCAÇÃO DE QUALIDADE;EDU;SUB-EIXO: EDUCAÇÃO;EX;EX;12;Educação;366;Educação de Jovens e Adultos;140;Gestão e Operacionalização da Política Educacional;2700;Operação e Manutenção da Educação;3;Fornecimento de Kits Escolares - EJA;1;0;1015366;589321.2;1292913.11;697060.61;1326423.11;1326423.11;698140.61
AEQ;EIXO: ACESSO À EDUCAÇÃO DE QUALIDADE;EDU;SUB-EIXO: EDUCAÇÃO;EX;EX;12;Educação;366;Educação de Jovens e Adultos;140;Gestão e Operacionalização da Política Educacional;2700;Operação e Manutenção da Educação;9;Operação e Manutenção da Educação - Educação de Jovens e Adultos;1;0;1649621;117313.18;142914.01;137351.53;215831.81;156094.77;141153.13
AEQ;EIXO: ACESSO À EDUCAÇÃO DE QUALIDADE;EDU;SUB-EIXO: EDUCAÇÃO;EX;EX;12;Educação;366;Educação de Jovens e Adultos;140;Gestão e Operacionalização da Política Educacional;2700;Operação e Manutenção da Educação;11;Manutenção do Programa Brasil Alfabetizado;1;0;39000;0;0;0;0;0;0
AEQ;EIXO: ACESSO À EDUCAÇÃO DE QUALIDADE;EDU;SUB-EIXO: EDUCAÇÃO;EX;EX;12;Educação;366;Educação de Jovens e Adultos;140;Gestão e Operacionalização da Política Educacional;2700;Operação e Manutenção da Educação;13;Manutenção do PROJOVEM;1;0;1285200;0;0;5979.6;25000;5979.6;5979.6
AEQ;EIXO: ACESSO À EDUCAÇÃO DE QUALIDADE;EDU;SUB-EIXO: EDUCAÇÃO;EX;EX;12;Educação;366;Educação de Jovens e Adultos;207;Melhoria da Qualidade da Educação;2706;Melhoria da Aprendizagem e Avaliação de Desempenho Escolar;3;Avaliação de Aprendizagem dos Alunos - Avalia BH e Avalia EJA;1;0;650000;413324.1;540394.45;540394.45;540394.45;540394.45;540394.45
AEQ;EIXO: ACESSO À EDUCAÇÃO DE QUALIDADE;EDU;SUB-EIXO: EDUCAÇÃO;EX;EX;12;Educação;367;Educação Especial;140;Gestão e Operacionalização da Política Educacional;2700;Operação e Manutenção da Educação;10;Operação e Manutenção da Educação -  Ensino Fundamental;1;0;720000;6302.9;2499.2;0;6302.9;2499.2;0
AEQ;EIXO: ACESSO À EDUCAÇÃO DE QUALIDADE;EDU;SUB-EIXO: EDUCAÇÃO;EX;EX;12;Educação;367;Educação Especial;140;Gestão e Operacionalização da Política Educacional;2701;Apoio a inclusão de alunos com deficiência no cotidiano escolar;1;Atendimento Educacional Especializado na Rede Privada;1;0;650000;335378.7;286086.05;346652.33;503068.05;346652.33;346652.33
AEQ;EIXO: ACESSO À EDUCAÇÃO DE QUALIDADE;EDU;SUB-EIXO: EDUCAÇÃO;EX;EX;12;Educação;367;Educação Especial;207;Melhoria da Qualidade da Educação;2701;Apoio a inclusão de alunos com deficiência no cotidiano escolar;4;Formação de Professores de Educação Especial;1;0;640000;900;0;0;900;0;0
AEQ;EIXO: ACESSO À EDUCAÇÃO DE QUALIDADE;EDU;SUB-EIXO: EDUCAÇÃO;EX;EX;12;Educação;367;Educação Especial;207;Melhoria da Qualidade da Educação;2885;Transporte Escolar;2;Transporte Acessível;1;0;5285040;2644995.64;1864496.34;2004261.32;4075888.18;3295388.88;2973929.46
AEQ;EIXO: ACESSO À EDUCAÇÃO DE QUALIDADE;EDU;SUB-EIXO: EDUCAÇÃO;EX;EX;12;Educação;367;Educação Especial;207;Melhoria da Qualidade da Educação;2886;Gestão da Melhoria da Qualidade da Educação;9;Ampliação de Alunos no Atendimento Educacional Especializado - AEE;1;0;46000;0;0;0;0;0;0
AEQ;EIXO: ACESSO À EDUCAÇÃO DE QUALIDADE;EDU;SUB-EIXO: EDUCAÇÃO;NEX;NEX;18;Gestão Ambiental;541;Preservação e Conservação Ambiental;69;Gestão da Política Ambiental;2564;Operacionalização das Políticas Ambientais;2;Gestão da Política de Educação Ambiental;0.25;0;2798196;904658.355;904651.325;899421.595;1703709.255;1703702.225;1505786.603
AEQ;EIXO: ACESSO À EDUCAÇÃO DE QUALIDADE;EDU;SUB-EIXO: EDUCAÇÃO;NEX;NEX;18;Gestão Ambiental;541;Preservação e Conservação Ambiental;69;Gestão da Política Ambiental;2564;Operacionalização das Políticas Ambientais;4;Reestruturação dos Centros Regionais de Educação Ambiental - CEAs;0.25;0;8135;0;0;0;0;0;0
AEQ;EIXO: ACESSO À EDUCAÇÃO DE QUALIDADE;EDU;SUB-EIXO: EDUCAÇÃO;NEX;NEX;18;Gestão Ambiental;541;Preservação e Conservação Ambiental;69;Gestão da Política Ambiental;2564;Operacionalização das Políticas Ambientais;8;Educação Ambiental - Programa Pampulha;0.25;0;1250;0;0;0;0;0;0
AEQ;EIXO: ACESSO À EDUCAÇÃO DE QUALIDADE;EDU;SUB-EIXO: EDUCAÇÃO;NEX;NEX;18;Gestão Ambiental;541;Preservação e Conservação Ambiental;69;Gestão da Política Ambiental;2564;Operacionalização das Políticas Ambientais;9;Gestão Operacional do Centro de Educação Ambiental - CEA/PROPAN;0.25;0;57004;9770;6690.1725;6886.0475;22250;12922.5275;11506.765
AEQ;EIXO: ACESSO À EDUCAÇÃO DE QUALIDADE;EDU;SUB-EIXO: EDUCAÇÃO;NEX;NEX;18;Gestão Ambiental;541;Preservação e Conservação Ambiental;72;Planejamento, Monitoramento e Gerenciamento dos Parques e Necrópoles;2817;Educação Ambiental e Promoção de Eventos;1;Realização de Atividades de Educação Ambiental e Eventos;0.25;0;40259;8787.5;0;0;9291.5;504;504
AEQ;EIXO: ACESSO À EDUCAÇÃO DE QUALIDADE;EDU;SUB-EIXO: EDUCAÇÃO;NEX;NEX;18;Gestão Ambiental;541;Preservação e Conservação Ambiental;72;Planejamento, Monitoramento e Gerenciamento dos Parques e Necrópoles;2817;Educação Ambiental e Promoção de Eventos;2;Desenvolvimento de Material Educativo e de Comunicação;0.25;0;59250;0;0;0;0;0;0
AEQ;EIXO: ACESSO À EDUCAÇÃO DE QUALIDADE;EDU;SUB-EIXO: EDUCAÇÃO;NEX;NEX;20;Agricultura;601;Promoção da Produção Vegetal;132;Gestão da Política Municipal de Segurança Alimentar e Nutricional;2121;Fomento e Gerenciamento da Comercialização Direta da Agricultura Urbana e Familiar;7;Hortas Escolares e Comunitárias;0.85;0;9350;11815;0;0;11815;0;0
AEQ;EIXO: ACESSO À EDUCAÇÃO DE QUALIDADE;EDU;SUB-EIXO: EDUCAÇÃO;NEX;NEX;20;Agricultura;601;Promoção da Produção Vegetal;236;Direito de Todos ;2331;Centro de Referência em Segurança Alimentar e Nutricional Sustentável;9;Oficinas de Plantio em Espaços Alternativos;0.25;0;500;0;0;0;0;0;0
PDI;EIXO: PROMOÇÃO DE DIREITOS E PROTEÇÃO INTEGRAL;ASS;SUB-EIXO: ASSISTÊNCIA SOCIAL;NEX;NEX;4;Administração;122;Administração Geral;123;Gestão da Política Social;1345;Sistema de Informação para Gestão das Políticas Sociais - SIGPS;1;Implantação do Sistema de Informação e Gestão das Políticas Sociais- SIGPS;0.25;0;279300;183625;0;0;183625;0;0
PDI;EIXO: PROMOÇÃO DE DIREITOS E PROTEÇÃO INTEGRAL;ASS;SUB-EIXO: ASSISTÊNCIA SOCIAL;NEX;NEX;4;Administração;122;Administração Geral;123;Gestão da Política Social;1345;Sistema de Informação para Gestão das Políticas Sociais - SIGPS;2;Evolução do Sistema de Informação e Gestão de Políticas Sociais - SIGPS;0.25;0;24110;0;0;0;0;0;0
PDI;EIXO: PROMOÇÃO DE DIREITOS E PROTEÇÃO INTEGRAL;ASS;SUB-EIXO: ASSISTÊNCIA SOCIAL;NEX;NEX;4;Administração;122;Administração Geral;123;Gestão da Política Social;2304;Gerenciamento da Farmácia Popular do Brasil;2;Execução do Programa Farmácia Popular;0.25;0;185000;5084.71;5600.7475;6434.79;12867.49;8653.875;8653.875
PDI;EIXO: PROMOÇÃO DE DIREITOS E PROTEÇÃO INTEGRAL;ASS;SUB-EIXO: ASSISTÊNCIA SOCIAL;NEX;NEX;4;Administração;122;Administração Geral;123;Gestão da Política Social;2334;Gestão Compartilhada e Participação Social;1;Coordenação e Participação em Fóruns Governamentais e GTs;0.25;0;27000;99.5;99.5;0;99.5;99.5;0
PDI;EIXO: PROMOÇÃO DE DIREITOS E PROTEÇÃO INTEGRAL;ASS;SUB-EIXO: ASSISTÊNCIA SOCIAL;NEX;NEX;4;Administração;122;Administração Geral;123;Gestão da Política Social;2334;Gestão Compartilhada e Participação Social;2;Apoio aos Conselhos Municipais;0.25;0;12000;0;0;0;50;0;0
PDI;EIXO: PROMOÇÃO DE DIREITOS E PROTEÇÃO INTEGRAL;ASS;SUB-EIXO: ASSISTÊNCIA SOCIAL;NEX;NEX;4;Administração;122;Administração Geral;123;Gestão da Política Social;2334;Gestão Compartilhada e Participação Social;3;Realização de Conferências;0.25;0;62500;0;0;0;0;0;0
PDI;EIXO: PROMOÇÃO DE DIREITOS E PROTEÇÃO INTEGRAL;ASS;SUB-EIXO: ASSISTÊNCIA SOCIAL;NEX;NEX;4;Administração;122;Administração Geral;123;Gestão da Política Social;2787;Planejamento e Monitoramento e Divulgação da Política Social;1;Produção de Estudos Técnicos e Diagnósticos Espaciais;0.25;0;89135;0;0;0;0;0;0
PDI;EIXO: PROMOÇÃO DE DIREITOS E PROTEÇÃO INTEGRAL;ASS;SUB-EIXO: ASSISTÊNCIA SOCIAL;NEX;NEX;4;Administração;122;Administração Geral;123;Gestão da Política Social;2787;Planejamento e Monitoramento e Divulgação da Política Social;2;Realização de Publicações Diversas e Produção de Material Informativo;0.25;0;123083;0;0;0;0;0;0
PDI;EIXO: PROMOÇÃO DE DIREITOS E PROTEÇÃO INTEGRAL;ASS;SUB-EIXO: ASSISTÊNCIA SOCIAL;NEX;NEX;4;Administração;122;Administração Geral;123;Gestão da Política Social;2787;Planejamento e Monitoramento e Divulgação da Política Social;3;Articulação para Gestão Integrada e Intersetorial das Políticas Sociais - Câmara Intersetorial de Políticas Sociais;0.25;0;750;0;0;0;0;0;0
PDI;EIXO: PROMOÇÃO DE DIREITOS E PROTEÇÃO INTEGRAL;ASS;SUB-EIXO: ASSISTÊNCIA SOCIAL;NEX;NEX;4;Administração;122;Administração Geral;123;Gestão da Política Social;2900;Serviços Administrativos e Financeiros;1;Serviços Administrativos e Financeiros ;0.25;0;1414388;445187.2025;437066.9175;431310.4025;928676.36;793876.4925;695413.68
PDI;EIXO: PROMOÇÃO DE DIREITOS E PROTEÇÃO INTEGRAL;ASS;SUB-EIXO: ASSISTÊNCIA SOCIAL;NEX;NEX;8;Assistência Social;122;Administração Geral;234;BH Cidadania  e o SUAS - Sistema Único de Assistência Social ;1353;Implantação dos Espaços BH Cidadania;1;Núcleos BH Cidadania Implantados;0.25;0;189731;0;0;0;0;0;0
PDI;EIXO: PROMOÇÃO DE DIREITOS E PROTEÇÃO INTEGRAL;ASS;SUB-EIXO: ASSISTÊNCIA SOCIAL;EX;EX;8;Assistência Social;243;Assistência à Criança e ao Adolescente;19;Proteção Social Básica;2401;Serviço de Convivência e Fortalecimento de Vínculos;2;Serviços para Crianças até 6 Anos;1;0;839993;204998.43;273331.24;293738.35;614995.29;478329.67;478329.67
PDI;EIXO: PROMOÇÃO DE DIREITOS E PROTEÇÃO INTEGRAL;ASS;SUB-EIXO: ASSISTÊNCIA SOCIAL;EX;EX;8;Assistência Social;243;Assistência à Criança e ao Adolescente;19;Proteção Social Básica;2401;Serviço de Convivência e Fortalecimento de Vínculos;3;Serviços para Crianças e Adolescentes de 6 a 15 Anos;1;0;1538850;820609.06;967655.49;970460.65;1392870.5;1263794.59;1139408.91
PDI;EIXO: PROMOÇÃO DE DIREITOS E PROTEÇÃO INTEGRAL;ASS;SUB-EIXO: ASSISTÊNCIA SOCIAL;EX;EX;8;Assistência Social;243;Assistência à Criança e ao Adolescente;19;Proteção Social Básica;2401;Serviço de Convivência e Fortalecimento de Vínculos;4;Serviços para Adolescentes e Jovens de 15 a 17 Anos;1;0;1839629;459907.29;184860;527467.14;1379721.87;930832.15;858942.15
PDI;EIXO: PROMOÇÃO DE DIREITOS E PROTEÇÃO INTEGRAL;ASS;SUB-EIXO: ASSISTÊNCIA SOCIAL;EX;EX;8;Assistência Social;243;Assistência à Criança e ao Adolescente;20;Proteção Social Especial;2403;Serviço de Proteção Social Especial de Alta Complexidade;3;Acolhimento Institucional para Criança e Adolescente;1;0;13780390;3836314;4700536.38;4552745.55;9748097.26;8384735.58;7825295.58
PDI;EIXO: PROMOÇÃO DE DIREITOS E PROTEÇÃO INTEGRAL;ASS;SUB-EIXO: ASSISTÊNCIA SOCIAL;EX;EX;8;Assistência Social;243;Assistência à Criança e ao Adolescente;20;Proteção Social Especial;2403;Serviço de Proteção Social Especial de Alta Complexidade;4;Acolhimento em Centros de Passagem para Criança e Adolescente;1;0;1818974;367962.96;697962.96;631962.96;1216907.4;1065925.92;990435.18
PDI;EIXO: PROMOÇÃO DE DIREITOS E PROTEÇÃO INTEGRAL;ASS;SUB-EIXO: ASSISTÊNCIA SOCIAL;EX;EX;8;Assistência Social;243;Assistência à Criança e ao Adolescente;163;Promoção e Proteção às Crianças e Adolescentes e suas Famílias ;2334;Gestão Compartilhada e Participação Social;3;Realização de Conferências;1;0;200000;0;0;0;0;0;0
PDI;EIXO: PROMOÇÃO DE DIREITOS E PROTEÇÃO INTEGRAL;ASS;SUB-EIXO: ASSISTÊNCIA SOCIAL;EX;EX;8;Assistência Social;243;Assistência à Criança e ao Adolescente;163;Promoção e Proteção às Crianças e Adolescentes e suas Famílias ;2859; Ações para a Promoção e Proteção dos Direitos da Criança, Adolescentes e suas Famílias;1;Apoio aos Conselhos Tutelares;1;0;4679543;1525107.55;1508190.7;1549633.99;3093159.85;2905319.78;2600582.98
PDI;EIXO: PROMOÇÃO DE DIREITOS E PROTEÇÃO INTEGRAL;ASS;SUB-EIXO: ASSISTÊNCIA SOCIAL;EX;EX;8;Assistência Social;243;Assistência à Criança e ao Adolescente;163;Promoção e Proteção às Crianças e Adolescentes e suas Famílias ;2859; Ações para a Promoção e Proteção dos Direitos da Criança, Adolescentes e suas Famílias;2;Orientação e Apoio Sociofamiliar;1;0;1030000;436078.68;436078.68;426664.28;691091.48;691091.48;681677.08
PDI;EIXO: PROMOÇÃO DE DIREITOS E PROTEÇÃO INTEGRAL;ASS;SUB-EIXO: ASSISTÊNCIA SOCIAL;EX;EX;8;Assistência Social;243;Assistência à Criança e ao Adolescente;163;Promoção e Proteção às Crianças e Adolescentes e suas Famílias ;2859; Ações para a Promoção e Proteção dos Direitos da Criança, Adolescentes e suas Famílias;3;Apoio Socioeducativo em Meio Aberto;1;0;2530000;2518213.91;1710728.84;1553242.69;2560689.91;1753204.84;1595718.69
PDI;EIXO: PROMOÇÃO DE DIREITOS E PROTEÇÃO INTEGRAL;ASS;SUB-EIXO: ASSISTÊNCIA SOCIAL;EX;EX;8;Assistência Social;243;Assistência à Criança e ao Adolescente;163;Promoção e Proteção às Crianças e Adolescentes e suas Famílias ;2859; Ações para a Promoção e Proteção dos Direitos da Criança, Adolescentes e suas Famílias;4;Acolhimento Familiar;1;0;1430000;0;0;0;0;0;0
PDI;EIXO: PROMOÇÃO DE DIREITOS E PROTEÇÃO INTEGRAL;ASS;SUB-EIXO: ASSISTÊNCIA SOCIAL;EX;EX;8;Assistência Social;243;Assistência à Criança e ao Adolescente;163;Promoção e Proteção às Crianças e Adolescentes e suas Famílias ;2859; Ações para a Promoção e Proteção dos Direitos da Criança, Adolescentes e suas Famílias;5;Acolhimento Institucional;1;0;930000;226978.05;78513.46;30000;316978.05;168513.46;90000
PDI;EIXO: PROMOÇÃO DE DIREITOS E PROTEÇÃO INTEGRAL;ASS;SUB-EIXO: ASSISTÊNCIA SOCIAL;EX;EX;8;Assistência Social;243;Assistência à Criança e ao Adolescente;163;Promoção e Proteção às Crianças e Adolescentes e suas Famílias ;2859; Ações para a Promoção e Proteção dos Direitos da Criança, Adolescentes e suas Famílias;6;Medidas Socioeducativas - Liberdade Assistida;1;0;367500;0;0;0;0;0;0
PDI;EIXO: PROMOÇÃO DE DIREITOS E PROTEÇÃO INTEGRAL;ASS;SUB-EIXO: ASSISTÊNCIA SOCIAL;EX;EX;8;Assistência Social;243;Assistência à Criança e ao Adolescente;163;Promoção e Proteção às Crianças e Adolescentes e suas Famílias ;2859; Ações para a Promoção e Proteção dos Direitos da Criança, Adolescentes e suas Famílias;7;Medidas Socioeducativas - Semiliberdade;1;0;367500;0;0;0;0;0;0
PDI;EIXO: PROMOÇÃO DE DIREITOS E PROTEÇÃO INTEGRAL;ASS;SUB-EIXO: ASSISTÊNCIA SOCIAL;EX;EX;8;Assistência Social;243;Assistência à Criança e ao Adolescente;163;Promoção e Proteção às Crianças e Adolescentes e suas Famílias ;2859; Ações para a Promoção e Proteção dos Direitos da Criança, Adolescentes e suas Famílias;8;Medidas Socioeducativas - Internação;1;0;367500;0;0;0;0;0;0
PDI;EIXO: PROMOÇÃO DE DIREITOS E PROTEÇÃO INTEGRAL;ASS;SUB-EIXO: ASSISTÊNCIA SOCIAL;EX;EX;8;Assistência Social;243;Assistência à Criança e ao Adolescente;163;Promoção e Proteção às Crianças e Adolescentes e suas Famílias ;2859; Ações para a Promoção e Proteção dos Direitos da Criança, Adolescentes e suas Famílias;9;Medidas Socioeducativas - Prestação de Serviços à Comunidade;1;0;367500;0;0;0;0;0;0
PDI;EIXO: PROMOÇÃO DE DIREITOS E PROTEÇÃO INTEGRAL;ASS;SUB-EIXO: ASSISTÊNCIA SOCIAL;EX;EX;8;Assistência Social;243;Assistência à Criança e ao Adolescente;163;Promoção e Proteção às Crianças e Adolescentes e suas Famílias ;2859; Ações para a Promoção e Proteção dos Direitos da Criança, Adolescentes e suas Famílias;10;Implantação do Centro Integrado de Proteção à Criança e ao Adolescente;1;0;2000;0;0;0;0;0;0
PDI;EIXO: PROMOÇÃO DE DIREITOS E PROTEÇÃO INTEGRAL;ASS;SUB-EIXO: ASSISTÊNCIA SOCIAL;EX;EX;8;Assistência Social;243;Assistência à Criança e ao Adolescente;163;Promoção e Proteção às Crianças e Adolescentes e suas Famílias ;2859; Ações para a Promoção e Proteção dos Direitos da Criança, Adolescentes e suas Famílias;11;Apoio às Ações Voltadas para a Crianças e Adolescente na Ocasião de Megaeventos;1;0;209000;0;0;0;0;0;0
PDI;EIXO: PROMOÇÃO DE DIREITOS E PROTEÇÃO INTEGRAL;ASS;SUB-EIXO: ASSISTÊNCIA SOCIAL;EX;EX;8;Assistência Social;243;Assistência à Criança e ao Adolescente;163;Promoção e Proteção às Crianças e Adolescentes e suas Famílias ;2860;Ações para o Fortalecimento das Diretrizes do Estatuto da Criança e do Adolescente;1;Assessoria Técnica/Financeira;1;0;500000;147086.3;70000;70000;147086.3;70000;70000
PDI;EIXO: PROMOÇÃO DE DIREITOS E PROTEÇÃO INTEGRAL;ASS;SUB-EIXO: ASSISTÊNCIA SOCIAL;EX;EX;8;Assistência Social;243;Assistência à Criança e ao Adolescente;163;Promoção e Proteção às Crianças e Adolescentes e suas Famílias ;2860;Ações para o Fortalecimento das Diretrizes do Estatuto da Criança e do Adolescente;2;Vigilância e Defesa de Direitos;1;0;1680000;201012;0;0;201012;0;0
PDI;EIXO: PROMOÇÃO DE DIREITOS E PROTEÇÃO INTEGRAL;ASS;SUB-EIXO: ASSISTÊNCIA SOCIAL;EX;EX;8;Assistência Social;243;Assistência à Criança e ao Adolescente;163;Promoção e Proteção às Crianças e Adolescentes e suas Famílias ;2860;Ações para o Fortalecimento das Diretrizes do Estatuto da Criança e do Adolescente;3;Capacitação e Formatação de Atores de Atendimento e Defesa do Sistema de Garantia de Direitos;1;0;930000;15775.25;534;534;15775.25;534;534
PDI;EIXO: PROMOÇÃO DE DIREITOS E PROTEÇÃO INTEGRAL;ASS;SUB-EIXO: ASSISTÊNCIA SOCIAL;EX;EX;8;Assistência Social;243;Assistência à Criança e ao Adolescente;163;Promoção e Proteção às Crianças e Adolescentes e suas Famílias ;2860;Ações para o Fortalecimento das Diretrizes do Estatuto da Criança e do Adolescente;4;Publicações Diversas;1;0;100000;0;0;0;0;0;0
PDI;EIXO: PROMOÇÃO DE DIREITOS E PROTEÇÃO INTEGRAL;ASS;SUB-EIXO: ASSISTÊNCIA SOCIAL;EX;EX;8;Assistência Social;243;Assistência à Criança e ao Adolescente;163;Promoção e Proteção às Crianças e Adolescentes e suas Famílias ;2860;Ações para o Fortalecimento das Diretrizes do Estatuto da Criança e do Adolescente;5;Realização de campanhas na sociedade em prol da garantia de direitos das crianças e adolescentes;1;0;200000;99629;97229;97229;99629;97229;97229
PDI;EIXO: PROMOÇÃO DE DIREITOS E PROTEÇÃO INTEGRAL;ASS;SUB-EIXO: ASSISTÊNCIA SOCIAL;EX;EX;8;Assistência Social;243;Assistência à Criança e ao Adolescente;163;Promoção e Proteção às Crianças e Adolescentes e suas Famílias ;2884;Programa Ações Integradas e Referenciais de Enfrentamento à Violação Infanto Juvenil - PAIR;1;Capacitação da Rede de Atenção à Criança e ao Adolescente, Sociedade Civil, Fóruns e Afins;1;0;50000;0;0;0;0;0;0
PDI;EIXO: PROMOÇÃO DE DIREITOS E PROTEÇÃO INTEGRAL;ASS;SUB-EIXO: ASSISTÊNCIA SOCIAL;EX;EX;8;Assistência Social;243;Assistência à Criança e ao Adolescente;163;Promoção e Proteção às Crianças e Adolescentes e suas Famílias ;2884;Programa Ações Integradas e Referenciais de Enfrentamento à Violação Infanto Juvenil - PAIR;2;Implantação da Metodologia de Análise da Situação Voltada para o Abuso e Exploração Sexual de Crianças e Adolescentes;1;0;100000;0;0;0;0;0;0
PDI;EIXO: PROMOÇÃO DE DIREITOS E PROTEÇÃO INTEGRAL;ASS;SUB-EIXO: ASSISTÊNCIA SOCIAL;EX;EX;8;Assistência Social;243;Assistência à Criança e ao Adolescente;163;Promoção e Proteção às Crianças e Adolescentes e suas Famílias ;2884;Programa Ações Integradas e Referenciais de Enfrentamento à Violação Infanto Juvenil - PAIR;3;Realização de Eventos e Campanhas para Mobilização Social e Informação;1;0;375000;0;0;0;0;0;0
PDI;EIXO: PROMOÇÃO DE DIREITOS E PROTEÇÃO INTEGRAL;ASS;SUB-EIXO: ASSISTÊNCIA SOCIAL;EX;EX;8;Assistência Social;243;Assistência à Criança e ao Adolescente;219;Copa 2014 e Olimpíadas 2016;2884;Programa Ações Integradas e Referenciais de Enfrentamento à Violação Infanto Juvenil - PAIR;4;Capacitação da Rede de Turismo, Segurança Pública e Transporte Público para a Prevenção da Exploração Sexual para a Copa 2014;1;0;250000;0;0;0;0;0;0
PDI;EIXO: PROMOÇÃO DE DIREITOS E PROTEÇÃO INTEGRAL;ASS;SUB-EIXO: ASSISTÊNCIA SOCIAL;EX;EX;8;Assistência Social;243;Assistência à Criança e ao Adolescente;219;Copa 2014 e Olimpíadas 2016;2884;Programa Ações Integradas e Referenciais de Enfrentamento à Violação Infanto Juvenil - PAIR;5;Realização de Campanhas para Mobilização da Rede de Turismo;1;0;200000;0;0;0;0;0;0
PDI;EIXO: PROMOÇÃO DE DIREITOS E PROTEÇÃO INTEGRAL;ASS;SUB-EIXO: ASSISTÊNCIA SOCIAL;EX;EX;8;Assistência Social;243;Assistência à Criança e ao Adolescente;237;Qualificação, Profissionalização e Emprego;2647;Inserção Social e Produtiva;2;Programa de Promoção ao Adolescente Trabalhador;1;0;4578364;1439730;1439730;1199775;2879460;1439730;1199775
PDI;EIXO: PROMOÇÃO DE DIREITOS E PROTEÇÃO INTEGRAL;ASS;SUB-EIXO: ASSISTÊNCIA SOCIAL;NEX;NEX;8;Assistência Social;244;Assistência Comunitária;19;Proteção Social Básica;1220;Construção, Ampliação e Reforma de Unidades de Assistência Social;1;Construção, Ampliação e Reforma de Unidades de Assistência Social;0.25;0;1562500;0;0;0;0;0;0
PDI;EIXO: PROMOÇÃO DE DIREITOS E PROTEÇÃO INTEGRAL;ASS;SUB-EIXO: ASSISTÊNCIA SOCIAL;EX;EX;8;Assistência Social;244;Assistência Comunitária;19;Proteção Social Básica;2308;Serviço de Proteção e Atendimento Integral à Família ;2;Serviço de Proteção e Atendimento Integral à Família;1;0;23878502;6335040.29;4985294.29;4463797.7;10205969.82;7290585.08;6229375.89
PDI;EIXO: PROMOÇÃO DE DIREITOS E PROTEÇÃO INTEGRAL;ASS;SUB-EIXO: ASSISTÊNCIA SOCIAL;NEX;NEX;8;Assistência Social;244;Assistência Comunitária;19;Proteção Social Básica;2405;Serviços, Benefícios e Transferência de Renda;1;Inserção, Acompanhamento das Famílias Beneficiárias dos Programa de Transferência de Renda e Benefícios Eventuais - Base Regional;0.25;0;3336541;48.75;392.485;3645.5425;6872.25;3856.0425;3742.4675
PDI;EIXO: PROMOÇÃO DE DIREITOS E PROTEÇÃO INTEGRAL;ASS;SUB-EIXO: ASSISTÊNCIA SOCIAL;NEX;NEX;8;Assistência Social;244;Assistência Comunitária;19;Proteção Social Básica;2405;Serviços, Benefícios e Transferência de Renda;2;Concessão de Benefícios Eventuais;0.25;0;1180936;205539.665;149570.6425;144752.77;313205.9;217735.765;185485.28
PDI;EIXO: PROMOÇÃO DE DIREITOS E PROTEÇÃO INTEGRAL;ASS;SUB-EIXO: ASSISTÊNCIA SOCIAL;NEX;NEX;8;Assistência Social;244;Assistência Comunitária;19;Proteção Social Básica;2405;Serviços, Benefícios e Transferência de Renda;3;Inserção, Acompanhamento das Famílias Beneficiárias dos Programa de Transferência de Renda e Benefícios Eventuais ;0.25;0;1018001;324647.4225;301521.765;242185.8475;400841.59;326403.8375;257469.0575
PDI;EIXO: PROMOÇÃO DE DIREITOS E PROTEÇÃO INTEGRAL;ASS;SUB-EIXO: ASSISTÊNCIA SOCIAL;NEX;NEX;8;Assistência Social;244;Assistência Comunitária;19;Proteção Social Básica;2833;Ações de Assessoramento e de Defesa de Direitos;1;Ações de Assessoramento e de Defesa de Direitos;0.25;0;433001;108250.3125;72166.875;108250.3125;324750.9375;252584.0625;216500.625
PDI;EIXO: PROMOÇÃO DE DIREITOS E PROTEÇÃO INTEGRAL;ASS;SUB-EIXO: ASSISTÊNCIA SOCIAL;NEX;NEX;8;Assistência Social;244;Assistência Comunitária;19;Proteção Social Básica;2879;Serviço de Proteção Social Básica em Domicílio para Pessoas com Deficiência e Idosas;1;Proteção Social à Pessoa com Deficiência;0.25;0;286129;71469.93;95293.24;95293.24;214409.79;190586.48;166763.17
PDI;EIXO: PROMOÇÃO DE DIREITOS E PROTEÇÃO INTEGRAL;ASS;SUB-EIXO: ASSISTÊNCIA SOCIAL;NEX;NEX;8;Assistência Social;244;Assistência Comunitária;20;Proteção Social Especial;2403;Serviço de Proteção Social Especial de Alta Complexidade;2;Acolhimento Institucional e Unidade de Passagem para Adultos e Famílias;0.25;0;266479;57380.3725;76457.11;90071.935;172117.1375;150994.6975;150994.6975
PDI;EIXO: PROMOÇÃO DE DIREITOS E PROTEÇÃO INTEGRAL;ASS;SUB-EIXO: ASSISTÊNCIA SOCIAL;NEX;NEX;8;Assistência Social;244;Assistência Comunitária;20;Proteção Social Especial;2403;Serviço de Proteção Social Especial de Alta Complexidade;5;Acolhimento Institucional para Famílias;0.25;0;346944;44733.42;70005.805;85704.525;161429.465;161406.34;143905.3575
PDI;EIXO: PROMOÇÃO DE DIREITOS E PROTEÇÃO INTEGRAL;ASS;SUB-EIXO: ASSISTÊNCIA SOCIAL;NEX;NEX;8;Assistência Social;244;Assistência Comunitária;20;Proteção Social Especial;2403;Serviço de Proteção Social Especial de Alta Complexidade;6;Acolhimento Institucional em Unidade de Passagem para População de Rua;0.25;0;701033;147860.0475;49286.6825;191073.8;471970.6425;319378.845;319378.845
PDI;EIXO: PROMOÇÃO DE DIREITOS E PROTEÇÃO INTEGRAL;ASS;SUB-EIXO: ASSISTÊNCIA SOCIAL;NEX;NEX;8;Assistência Social;244;Assistência Comunitária;20;Proteção Social Especial;2403;Serviço de Proteção Social Especial de Alta Complexidade;8;Serviço de Apoio e Reintegração Familiar;0.25;0;86208;20562.5425;34181.6275;27372.085;61419.7975;61419.7975;47800.7125
PDI;EIXO: PROMOÇÃO DE DIREITOS E PROTEÇÃO INTEGRAL;ASS;SUB-EIXO: ASSISTÊNCIA SOCIAL;NEX;NEX;8;Assistência Social;244;Assistência Comunitária;20;Proteção Social Especial;2403;Serviço de Proteção Social Especial de Alta Complexidade;10;Serviço para Situação de Emergência;0.25;0;250;0;0;0;0;0;0
PDI;EIXO: PROMOÇÃO DE DIREITOS E PROTEÇÃO INTEGRAL;ASS;SUB-EIXO: ASSISTÊNCIA SOCIAL;EX;EX;8;Assistência Social;244;Assistência Comunitária;20;Proteção Social Especial;2403;Serviço de Proteção Social Especial de Alta Complexidade;11;Central de Vagas;1;0;202541;47995.41;63993.88;63993.88;143986.23;143986.23;111989.29
PDI;EIXO: PROMOÇÃO DE DIREITOS E PROTEÇÃO INTEGRAL;ASS;SUB-EIXO: ASSISTÊNCIA SOCIAL;NEX;NEX;8;Assistência Social;244;Assistência Comunitária;20;Proteção Social Especial;2403;Serviço de Proteção Social Especial de Alta Complexidade;13;Acolhimento Institucional ao Migrante;0.25;0;368686;184937.3325;180731.2075;151114.77;193187.3325;182952.0875;151950.7925
PDI;EIXO: PROMOÇÃO DE DIREITOS E PROTEÇÃO INTEGRAL;ASS;SUB-EIXO: ASSISTÊNCIA SOCIAL;NEX;NEX;8;Assistência Social;244;Assistência Comunitária;20;Proteção Social Especial;2403;Serviço de Proteção Social Especial de Alta Complexidade;14;Serviço de Acolhimento em Repúblicas para Jovens;0.85;0;475184;0;0;0;0;0;0
PDI;EIXO: PROMOÇÃO DE DIREITOS E PROTEÇÃO INTEGRAL;ASS;SUB-EIXO: ASSISTÊNCIA SOCIAL;EX;EX;8;Assistência Social;244;Assistência Comunitária;20;Proteção Social Especial;2409;Centros de Referência;2;Centro de Referência Especializado para População de Rua / Miguilim;1;0;449775;306011.03;272919.47;239752.8;317645.53;284411.3;251244.63
PDI;EIXO: PROMOÇÃO DE DIREITOS E PROTEÇÃO INTEGRAL;ASS;SUB-EIXO: ASSISTÊNCIA SOCIAL;EX;EX;8;Assistência Social;244;Assistência Comunitária;20;Proteção Social Especial;2410;Apoio e Assessoria aos Serviços de Proteção Social de Média Complexidade;3;Atendimento Psicossocial a Crianças, Adolescentes e Familiares;1;0;210335;155500.92;120945.16;69111.52;155500.92;120945.16;69111.52
PDI;EIXO: PROMOÇÃO DE DIREITOS E PROTEÇÃO INTEGRAL;ASS;SUB-EIXO: ASSISTÊNCIA SOCIAL;EX;EX;8;Assistência Social;244;Assistência Comunitária;20;Proteção Social Especial;2410;Apoio e Assessoria aos Serviços de Proteção Social de Média Complexidade;4;Atendimento à Agressores Intrafamiliares de Crianças e Adolescentes;1;0;211335;155500.83;120945.09;69111.48;155500.83;120945.09;69111.48
PDI;EIXO: PROMOÇÃO DE DIREITOS E PROTEÇÃO INTEGRAL;ASS;SUB-EIXO: ASSISTÊNCIA SOCIAL;NEX;NEX;8;Assistência Social;244;Assistência Comunitária;20;Proteção Social Especial;2833;Ações de Assessoramento e de Defesa de Direitos;1;Ações de Assessoramento e de Defesa de Direitos;0.25;0;169052;74919.9375;59648.0625;36096.75;83667.9375;65444.0625;40470.75
PDI;EIXO: PROMOÇÃO DE DIREITOS E PROTEÇÃO INTEGRAL;ASS;SUB-EIXO: ASSISTÊNCIA SOCIAL;NEX;NEX;8;Assistência Social;244;Assistência Comunitária;20;Proteção Social Especial;2878;Serviço de Proteção Especial de Média Complexidade;1;Serviço de Proteção e Atendimento Especializado às Famílias e Indivíduos - PAEFI/CREAS;0.5;0;7477629;573837.17;536932.015;503413.515;752482.7;613368.83;560347.555
PDI;EIXO: PROMOÇÃO DE DIREITOS E PROTEÇÃO INTEGRAL;ASS;SUB-EIXO: ASSISTÊNCIA SOCIAL;NEX;NEX;8;Assistência Social;244;Assistência Comunitária;20;Proteção Social Especial;2878;Serviço de Proteção Especial de Média Complexidade;2;Acompanhamento Sócio Familiar / Bolsa Moradia;0.5;0;54630;6065;5858.18;7862.765;17797.72;9756.37;9756.37
PDI;EIXO: PROMOÇÃO DE DIREITOS E PROTEÇÃO INTEGRAL;ASS;SUB-EIXO: ASSISTÊNCIA SOCIAL;EX;EX;8;Assistência Social;244;Assistência Comunitária;20;Proteção Social Especial;2878;Serviço de Proteção Especial de Média Complexidade;3;Serviço de Proteção aos Adolescentes em Cumprimento de Medidas Socioeducativas - LA/CREAS;1;0;600214;441910.44;294606.96;196404.64;441910.44;294606.96;196404.64
PDI;EIXO: PROMOÇÃO DE DIREITOS E PROTEÇÃO INTEGRAL;ASS;SUB-EIXO: ASSISTÊNCIA SOCIAL;EX;EX;8;Assistência Social;244;Assistência Comunitária;20;Proteção Social Especial;2878;Serviço de Proteção Especial de Média Complexidade;4;Serviço de Proteção aos Adolescentes em Cumprimento de Medidas Socioeducativas - PSC/CREAS;1;0;885820;662864.94;441909.96;294606.64;662864.94;441909.96;294606.64
PDI;EIXO: PROMOÇÃO DE DIREITOS E PROTEÇÃO INTEGRAL;ASS;SUB-EIXO: ASSISTÊNCIA SOCIAL;EX;EX;8;Assistência Social;244;Assistência Comunitária;20;Proteção Social Especial;2878;Serviço de Proteção Especial de Média Complexidade;5;Serviço de Proteção aos Adolescentes em Cumprimento de Medidas Socioeducativas - NAMSEP;1;0;348360;0;0;0;0;0;0
PDI;EIXO: PROMOÇÃO DE DIREITOS E PROTEÇÃO INTEGRAL;ASS;SUB-EIXO: ASSISTÊNCIA SOCIAL;EX;EX;8;Assistência Social;244;Assistência Comunitária;20;Proteção Social Especial;2878;Serviço de Proteção Especial de Média Complexidade;8;Combate ao Trabalho Infantil;1;0;113260;80330;57293.84;55489.31;103898.26;65193.04;59493.04
PDI;EIXO: PROMOÇÃO DE DIREITOS E PROTEÇÃO INTEGRAL;ASS;SUB-EIXO: ASSISTÊNCIA SOCIAL;NEX;NEX;8;Assistência Social;244;Assistência Comunitária;113;Gestão da Política de Assistência Social;2334;Gestão Compartilhada e Participação Social;2;Apoio aos Conselhos Municipais;0.25;0;28580;4314.625;5078.16;6163.6525;10700.0175;7341.895;7212.52
PDI;EIXO: PROMOÇÃO DE DIREITOS E PROTEÇÃO INTEGRAL;ASS;SUB-EIXO: ASSISTÊNCIA SOCIAL;NEX;NEX;8;Assistência Social;244;Assistência Comunitária;113;Gestão da Política de Assistência Social;2348;Gestão, Comunicação e Mobilização Social;1;Gestão do Trabalho;0.25;0;63625;731.75;56.25;0;4147.75;2055.25;1999
PDI;EIXO: PROMOÇÃO DE DIREITOS E PROTEÇÃO INTEGRAL;ASS;SUB-EIXO: ASSISTÊNCIA SOCIAL;NEX;NEX;8;Assistência Social;244;Assistência Comunitária;113;Gestão da Política de Assistência Social;2348;Gestão, Comunicação e Mobilização Social;2;Produção de Informativos e Peças Publicitárias;0.25;0;39000;1991.5;0;0;2024;32.5;32.5
PDI;EIXO: PROMOÇÃO DE DIREITOS E PROTEÇÃO INTEGRAL;ASS;SUB-EIXO: ASSISTÊNCIA SOCIAL;NEX;NEX;8;Assistência Social;244;Assistência Comunitária;113;Gestão da Política de Assistência Social;2348;Gestão, Comunicação e Mobilização Social;3;Produção de Eventos;0.25;0;53250;0;0;0;0;0;0
PDI;EIXO: PROMOÇÃO DE DIREITOS E PROTEÇÃO INTEGRAL;ASS;SUB-EIXO: ASSISTÊNCIA SOCIAL;NEX;NEX;8;Assistência Social;244;Assistência Comunitária;113;Gestão da Política de Assistência Social;2348;Gestão, Comunicação e Mobilização Social;4;Regulação e Regulamentação;0.25;0;33750;0;0;0;0;0;0
PDI;EIXO: PROMOÇÃO DE DIREITOS E PROTEÇÃO INTEGRAL;ASS;SUB-EIXO: ASSISTÊNCIA SOCIAL;NEX;NEX;8;Assistência Social;244;Assistência Comunitária;113;Gestão da Política de Assistência Social;2348;Gestão, Comunicação e Mobilização Social;5;Mobilização Social;0.25;0;12550;148.95;58.275;58.275;148.95;58.275;58.275
PDI;EIXO: PROMOÇÃO DE DIREITOS E PROTEÇÃO INTEGRAL;ASS;SUB-EIXO: ASSISTÊNCIA SOCIAL;NEX;NEX;8;Assistência Social;244;Assistência Comunitária;113;Gestão da Política de Assistência Social;2348;Gestão, Comunicação e Mobilização Social;6;Capacitação de Profissionais de Entidades Socioassistenciais;0.25;0;145500;0;0;0;0;0;0
PDI;EIXO: PROMOÇÃO DE DIREITOS E PROTEÇÃO INTEGRAL;ASS;SUB-EIXO: ASSISTÊNCIA SOCIAL;EX;EX;8;Assistência Social;244;Assistência Comunitária;113;Gestão da Política de Assistência Social;2348;Gestão, Comunicação e Mobilização Social;7;Capacitação de Funcionários com Atuação nas Unidades Interligadas de Registro Civil em Maternidades de BH;1;0;20000;0;0;0;0;0;0
PDI;EIXO: PROMOÇÃO DE DIREITOS E PROTEÇÃO INTEGRAL;ASS;SUB-EIXO: ASSISTÊNCIA SOCIAL;NEX;NEX;8;Assistência Social;244;Assistência Comunitária;113;Gestão da Política de Assistência Social;2350;Vigilância Socioassistencial;1;Sistema de Indicadores;0.25;0;20000;0;0;0;0;0;0
PDI;EIXO: PROMOÇÃO DE DIREITOS E PROTEÇÃO INTEGRAL;ASS;SUB-EIXO: ASSISTÊNCIA SOCIAL;NEX;NEX;8;Assistência Social;244;Assistência Comunitária;113;Gestão da Política de Assistência Social;2350;Vigilância Socioassistencial;2;Estudos Territoriais e Geoprocessamento;0.25;0;5750;0;0;0;0;0;0
PDI;EIXO: PROMOÇÃO DE DIREITOS E PROTEÇÃO INTEGRAL;ASS;SUB-EIXO: ASSISTÊNCIA SOCIAL;NEX;NEX;8;Assistência Social;244;Assistência Comunitária;113;Gestão da Política de Assistência Social;2350;Vigilância Socioassistencial;3;Diagnóstico;0.25;0;3000;0;0;0;0;0;0
PDI;EIXO: PROMOÇÃO DE DIREITOS E PROTEÇÃO INTEGRAL;ASS;SUB-EIXO: ASSISTÊNCIA SOCIAL;NEX;NEX;8;Assistência Social;244;Assistência Comunitária;113;Gestão da Política de Assistência Social;2350;Vigilância Socioassistencial;4;Monitoramento e Acompanhamento;0.25;0;10000;0;0;0;0;0;0
PDI;EIXO: PROMOÇÃO DE DIREITOS E PROTEÇÃO INTEGRAL;ASS;SUB-EIXO: ASSISTÊNCIA SOCIAL;NEX;NEX;8;Assistência Social;244;Assistência Comunitária;113;Gestão da Política de Assistência Social;2351;Serviço de Informação e Informatização;1;Serviço Interno de Informação;0.25;0;35000;0;0;0;0;0;0
PDI;EIXO: PROMOÇÃO DE DIREITOS E PROTEÇÃO INTEGRAL;ASS;SUB-EIXO: ASSISTÊNCIA SOCIAL;NEX;NEX;8;Assistência Social;244;Assistência Comunitária;120;Transferência de Renda;2797;Coordenação das Ações de Transferência de Renda -  Programa Bolsa Família;1;Ações Intersetoriais de Acompanhamento Sociofamiliar do Programa Bolsa Família;0.25;0;755592;189364.0925;189364.0925;193840.7425;368053.015;368053.015;328878.63
PDI;EIXO: PROMOÇÃO DE DIREITOS E PROTEÇÃO INTEGRAL;ASS;SUB-EIXO: ASSISTÊNCIA SOCIAL;NEX;NEX;8;Assistência Social;244;Assistência Comunitária;234;BH Cidadania  e o SUAS - Sistema Único de Assistência Social ;1220;Construção, Ampliação e Reforma de Unidades de Assistência Social;1;Construção, Ampliação e Reforma de Unidades de Assistência Social;0.25;0;2263108;16713.5475;16713.5475;16713.5475;52470.26;52470.2575;52470.2575
PDI;EIXO: PROMOÇÃO DE DIREITOS E PROTEÇÃO INTEGRAL;ASS;SUB-EIXO: ASSISTÊNCIA SOCIAL;NEX;NEX;8;Assistência Social;244;Assistência Comunitária;234;BH Cidadania  e o SUAS - Sistema Único de Assistência Social ;1220;Construção, Ampliação e Reforma de Unidades de Assistência Social;2;Construção e/ou Reforma de Espaços BH Cidadania;0.25;0;2692421;1195173.268;1109096.265;887951.7175;1282605.528;1168360.698;947216.15
PDI;EIXO: PROMOÇÃO DE DIREITOS E PROTEÇÃO INTEGRAL;ASS;SUB-EIXO: ASSISTÊNCIA SOCIAL;NEX;NEX;8;Assistência Social;244;Assistência Comunitária;234;BH Cidadania  e o SUAS - Sistema Único de Assistência Social ;2403;Serviço de Proteção Social Especial de Alta Complexidade;1;Acolhimento Institucional para Pessoa com Deficiência;0.25;0;333415;26325;36630;35100;78975;73350;70200
PDI;EIXO: PROMOÇÃO DE DIREITOS E PROTEÇÃO INTEGRAL;ASS;SUB-EIXO: ASSISTÊNCIA SOCIAL;NEX;NEX;8;Assistência Social;244;Assistência Comunitária;234;BH Cidadania  e o SUAS - Sistema Único de Assistência Social ;2403;Serviço de Proteção Social Especial de Alta Complexidade;7;Acolhimento Institucional para Adultos em Situação de Rua e Outros Riscos;0.25;0;451778;112981.5875;76044.2125;86657.2025;207716.7825;145629.12;145629.12
PDI;EIXO: PROMOÇÃO DE DIREITOS E PROTEÇÃO INTEGRAL;ASS;SUB-EIXO: ASSISTÊNCIA SOCIAL;EX;EX;8;Assistência Social;244;Assistência Comunitária;234;BH Cidadania  e o SUAS - Sistema Único de Assistência Social ;2403;Serviço de Proteção Social Especial de Alta Complexidade;9;Acompanhamento do Serviço de Famílias Acolhedoras;1;0;370067;50790;67720;70650;152370;118510;118510
PDI;EIXO: PROMOÇÃO DE DIREITOS E PROTEÇÃO INTEGRAL;ASS;SUB-EIXO: ASSISTÊNCIA SOCIAL;NEX;NEX;8;Assistência Social;244;Assistência Comunitária;234;BH Cidadania  e o SUAS - Sistema Único de Assistência Social ;2403;Serviço de Proteção Social Especial de Alta Complexidade;12;Acolhimento Institucional para Pessoa com Deficiência - Residência Inclusiva;0.25;0;316850;67027.5;88170;98145;211882.5;190740;190740
PDI;EIXO: PROMOÇÃO DE DIREITOS E PROTEÇÃO INTEGRAL;ASS;SUB-EIXO: ASSISTÊNCIA SOCIAL;EX;EX;8;Assistência Social;244;Assistência Comunitária;234;BH Cidadania  e o SUAS - Sistema Único de Assistência Social ;2403;Serviço de Proteção Social Especial de Alta Complexidade;20;Implantação do bolsa auxílio para famílias do Serviço de Famílias Acolhedoras;1;0;162720;0;0;0;0;0;0
PDI;EIXO: PROMOÇÃO DE DIREITOS E PROTEÇÃO INTEGRAL;ASS;SUB-EIXO: ASSISTÊNCIA SOCIAL;NEX;NEX;8;Assistência Social;244;Assistência Comunitária;234;BH Cidadania  e o SUAS - Sistema Único de Assistência Social ;2409;Centros de Referência;5;Implantação de Centro Dia para Pessoa com Deficiência Dependente de Familiares e Cuidadores;0.25;0;2000;0;0;0;0;0;0
PDI;EIXO: PROMOÇÃO DE DIREITOS E PROTEÇÃO INTEGRAL;ASS;SUB-EIXO: ASSISTÊNCIA SOCIAL;NEX;NEX;8;Assistência Social;244;Assistência Comunitária;234;BH Cidadania  e o SUAS - Sistema Único de Assistência Social ;2804;Gestão dos Equipamentos e Promoção Social;1;Gestão dos Equipamentos e Promoção Social;0.25;0;329129;0;0;0;0;0;0
PDI;EIXO: PROMOÇÃO DE DIREITOS E PROTEÇÃO INTEGRAL;ASS;SUB-EIXO: ASSISTÊNCIA SOCIAL;NEX;NEX;8;Assistência Social;244;Assistência Comunitária;236;Direito de Todos ;1220;Construção, Ampliação e Reforma de Unidades de Assistência Social;3;Construção do Centro de Referência da Juventude;0.85;0;3469634;4272068.355;4272068.057;3682606.224;4691944.096;4691943.798;4071071.082
PDI;EIXO: PROMOÇÃO DE DIREITOS E PROTEÇÃO INTEGRAL;ASS;SUB-EIXO: ASSISTÊNCIA SOCIAL;NEX;NEX;8;Assistência Social;244;Assistência Comunitária;237;Qualificação, Profissionalização e Emprego;2404;Ações de Qualificação, Profissionalização e Emprego;1;Disponibilização de Vagas para o Programa Municipal de Qualificação, Emprego e Renda;0.25;0;1332250;331337.75;331337.75;435241.1625;650931.6125;650931.6125;650931.6125
PDI;EIXO: PROMOÇÃO DE DIREITOS E PROTEÇÃO INTEGRAL;ASS;SUB-EIXO: ASSISTÊNCIA SOCIAL;EX;EX;8;Assistência Social;244;Assistência Comunitária;241;Recomeço;2403;Serviço de Proteção Social Especial de Alta Complexidade;15;Acolhimento Institucional de Mães Usuárias de Drogas e/ou seus Filhos;1;0;494000;0;0;0;0;0;0
PDI;EIXO: PROMOÇÃO DE DIREITOS E PROTEÇÃO INTEGRAL;ASS;SUB-EIXO: ASSISTÊNCIA SOCIAL;EX;EX;8;Assistência Social;244;Assistência Comunitária;241;Recomeço;2403;Serviço de Proteção Social Especial de Alta Complexidade;19;Implantação de Unidade de Acolhimento Institucional de Mães Usuárias de Drogas e seus Filhos;1;0;106000;0;0;0;0;0;0
PDI;EIXO: PROMOÇÃO DE DIREITOS E PROTEÇÃO INTEGRAL;ASS;SUB-EIXO: ASSISTÊNCIA SOCIAL;NEX;NEX;8;Assistência Social;244;Assistência Comunitária;241;Recomeço;2878;Serviço de Proteção Especial de Média Complexidade;9;Centro de Referência Especializado de Assistência Social / CREAS Móvel;0.25;0;204173;4739.4;4729.62;4729.62;7671.9;4729.62;4729.62
PDI;EIXO: PROMOÇÃO DE DIREITOS E PROTEÇÃO INTEGRAL;ASS;SUB-EIXO: ASSISTÊNCIA SOCIAL;NEX;NEX;8;Assistência Social;244;Assistência Comunitária;241;Recomeço;2878;Serviço de Proteção Especial de Média Complexidade;10;Implantação do Centro de Referência Especializado de Assistência Social / CREAS Móvel;0.25;0;232846;12.695;12.695;12.695;12.695;12.695;12.695
PDI;EIXO: PROMOÇÃO DE DIREITOS E PROTEÇÃO INTEGRAL;ASS;SUB-EIXO: ASSISTÊNCIA SOCIAL;EX;EX;8;Assistência Social;306;Alimentação e Nutrição;132;Gestão da Política Municipal de Segurança Alimentar e Nutricional;2120;Gestão da Assistência Alimentar e Nutricional às Entidades;3;Gerenciamento da Assistência Alimentar e Nutricional às Creches Conveniadas - Educação Infantil;1;0;4132715;1629325.4;1618514.75;1509566.54;3888635.07;2479027.43;1867624.51
PDI;EIXO: PROMOÇÃO DE DIREITOS E PROTEÇÃO INTEGRAL;ASS;SUB-EIXO: ASSISTÊNCIA SOCIAL;EX;EX;8;Assistência Social;306;Alimentação e Nutrição;132;Gestão da Política Municipal de Segurança Alimentar e Nutricional;2120;Gestão da Assistência Alimentar e Nutricional às Entidades;4;Gerenciamento da Assistência Alimentar e Nutricional às Entidades Infanto Juvenis;1;0;1534947;240690.2;69320.2;245720.6;581409.9;397950.9;342025.3
PDI;EIXO: PROMOÇÃO DE DIREITOS E PROTEÇÃO INTEGRAL;ASS;SUB-EIXO: ASSISTÊNCIA SOCIAL;NEX;NEX;8;Assistência Social;452;Serviços Urbanos;236;Direito de Todos ;2856;Execução do Programa Meio Passe Estudantil;1;Concessão do Benefício para Estudantes Municipais do Ensino Médio, EJA e PROUNI;0.85;0;6307000;1011500;1068469.627;1068469.627;1351500;1238870.742;1238870.742
PDI;EIXO: PROMOÇÃO DE DIREITOS E PROTEÇÃO INTEGRAL;ASS;SUB-EIXO: ASSISTÊNCIA SOCIAL;EX;EX;11;Trabalho;333;Empregabilidade;236;Direito de Todos ;2331;Centro de Referência em Segurança Alimentar e Nutricional Sustentável;6;Programa Pão Escola;1;0;302600;23036.6;40844.41;56262.7;89311.62;82959.57;82584.58
PDI;EIXO: PROMOÇÃO DE DIREITOS E PROTEÇÃO INTEGRAL;ASS;SUB-EIXO: ASSISTÊNCIA SOCIAL;NEX;NEX;11;Trabalho;333;Empregabilidade;237;Qualificação, Profissionalização e Emprego;2404;Ações de Qualificação, Profissionalização e Emprego;1;Disponibilização de Vagas para o Programa Municipal de Qualificação, Emprego e Renda;0.25;0;133120;76174.4125;53198.4125;46038.4125;92885.5;56523.5;49363.5
PDI;EIXO: PROMOÇÃO DE DIREITOS E PROTEÇÃO INTEGRAL;ASS;SUB-EIXO: ASSISTÊNCIA SOCIAL;NEX;NEX;11;Trabalho;333;Empregabilidade;237;Qualificação, Profissionalização e Emprego;2404;Ações de Qualificação, Profissionalização e Emprego;2;Requalificação do Centro de Qualificação e Profissionalização em Produção em Alimentação;0.25;0;40747;0;0;0;0;0;0
PDI;EIXO: PROMOÇÃO DE DIREITOS E PROTEÇÃO INTEGRAL;ASS;SUB-EIXO: ASSISTÊNCIA SOCIAL;NEX;NEX;11;Trabalho;334;Fomento ao Trabalho;237;Qualificação, Profissionalização e Emprego;2404;Ações de Qualificação, Profissionalização e Emprego;1;Disponibilização de Vagas para o Programa Municipal de Qualificação, Emprego e Renda;0.25;0;538273;90035.74;90035.74;45017.87;131128.9925;131128.9925;86111.1225
PDI;EIXO: PROMOÇÃO DE DIREITOS E PROTEÇÃO INTEGRAL;ASS;SUB-EIXO: ASSISTÊNCIA SOCIAL;NEX;NEX;11;Trabalho;334;Fomento ao Trabalho;237;Qualificação, Profissionalização e Emprego;2404;Ações de Qualificação, Profissionalização e Emprego;11;Economia Solidária - Apoio aos Grupos Produtivos e Trabalhadores Autônomos;0.25;0;263214;29321.3475;23123.005;23123.005;46322.015;39929.2525;39929.2525
PDI;EIXO: PROMOÇÃO DE DIREITOS E PROTEÇÃO INTEGRAL;ASS;SUB-EIXO: ASSISTÊNCIA SOCIAL;NEX;NEX;11;Trabalho;334;Fomento ao Trabalho;237;Qualificação, Profissionalização e Emprego;2404;Ações de Qualificação, Profissionalização e Emprego;12;Manutenção dos Serviços de Intermediação ao Trabalho - Atendimento ao Trabalhador nos SINES;0.25;0;1407590;203314.7725;177183.27;41615.485;240896.0775;214764.575;78814.505
PDI;EIXO: PROMOÇÃO DE DIREITOS E PROTEÇÃO INTEGRAL;ASS;SUB-EIXO: ASSISTÊNCIA SOCIAL;NEX;NEX;14;Direitos da Cidadania;122;Administração Geral;241;Recomeço;2873;Apoio às Ações de Políticas sobre Drogas;1;Apoio as Ações de Políticas sobre Drogas;0.25;0;114625;7975;4066.5;2392.3;9925;4066.5;2392.3
PDI;EIXO: PROMOÇÃO DE DIREITOS E PROTEÇÃO INTEGRAL;ASS;SUB-EIXO: ASSISTÊNCIA SOCIAL;NEX;NEX;14;Direitos da Cidadania;122;Administração Geral;241;Recomeço;2873;Apoio às Ações de Políticas sobre Drogas;2;Implantação do Sistema de Informação Compartilhada sobre Usuários de Álcool e Outras Drogas;0.25;0;125000;0;0;0;0;0;0
PDI;EIXO: PROMOÇÃO DE DIREITOS E PROTEÇÃO INTEGRAL;ASS;SUB-EIXO: ASSISTÊNCIA SOCIAL;NEX;NEX;14;Direitos da Cidadania;122;Administração Geral;241;Recomeço;2873;Apoio às Ações de Políticas sobre Drogas;4;Elaboração do Plano Municipal de Políticas sobre Drogas;0.25;0;24722;0;0;0;0;0;0
PDI;EIXO: PROMOÇÃO DE DIREITOS E PROTEÇÃO INTEGRAL;ASS;SUB-EIXO: ASSISTÊNCIA SOCIAL;NEX;NEX;14;Direitos da Cidadania;122;Administração Geral;241;Recomeço;2873;Apoio às Ações de Políticas sobre Drogas;5;Suporte Técnico e Administrativo ao Conselho Municipal de Políticas sobre Drogas;0.25;0;23111;0;0;0;0;0;0
PDI;EIXO: PROMOÇÃO DE DIREITOS E PROTEÇÃO INTEGRAL;ASS;SUB-EIXO: ASSISTÊNCIA SOCIAL;NEX;NEX;14;Direitos da Cidadania;422;Direitos Individuais, Coletivos e Difusos;236;Direito de Todos ;2819;Apoio à Promoção das Políticas da Juventude;1;Apoio à Promoção das Políticas da Juventude;0.85;0;725510;35153.739;35113.67;41974.3855;81110.859;80571.8485;76237.4435
PDI;EIXO: PROMOÇÃO DE DIREITOS E PROTEÇÃO INTEGRAL;ASS;SUB-EIXO: ASSISTÊNCIA SOCIAL;NEX;NEX;14;Direitos da Cidadania;422;Direitos Individuais, Coletivos e Difusos;236;Direito de Todos ;2819;Apoio à Promoção das Políticas da Juventude;5;Requalificação do Viaduto Santa Tereza;0.85;0;8871;0;0;0;0;0;0
PDI;EIXO: PROMOÇÃO DE DIREITOS E PROTEÇÃO INTEGRAL;ASS;SUB-EIXO: ASSISTÊNCIA SOCIAL;NEX;NEX;19;Ciência e Tecnologia;126;Tecnologia da Informação;85;Gestão da Política de Tecnologia da Informação e Comunicação;2604;Centro de Recondicionamento de Computadores;1;Manutenção dos Centros de Inclusão Digital;0.25;0;866073;162809.8375;161073.1125;159302.5525;286323.225;283518.4225;252543.495
PDI;EIXO: PROMOÇÃO DE DIREITOS E PROTEÇÃO INTEGRAL;ASS;SUB-EIXO: ASSISTÊNCIA SOCIAL;NEX;NEX;19;Ciência e Tecnologia;126;Tecnologia da Informação;85;Gestão da Política de Tecnologia da Informação e Comunicação;2604;Centro de Recondicionamento de Computadores;2;Recondicionamento de Computadores;0.25;0;37657;6475;7375;1525;8000;8000;1525
PDI;EIXO: PROMOÇÃO DE DIREITOS E PROTEÇÃO INTEGRAL;ASS;SUB-EIXO: ASSISTÊNCIA SOCIAL;NEX;NEX;19;Ciência e Tecnologia;126;Tecnologia da Informação;85;Gestão da Política de Tecnologia da Informação e Comunicação;2604;Centro de Recondicionamento de Computadores;3;Qualificação em TIC - Tecnologia da Informação e Comunicação;0.25;0;26278;450;215.09;215.09;450;215.09;215.09
PDI;EIXO: PROMOÇÃO DE DIREITOS E PROTEÇÃO INTEGRAL;ASS;SUB-EIXO: ASSISTÊNCIA SOCIAL;NEX;NEX;19;Ciência e Tecnologia;572;Desenvolvimento Tecnológico e Engenharia;85;Gestão da Política de Tecnologia da Informação e Comunicação;2602;Gerenciamento, Implantação e Atendimento de Serviços na RMI;1;Melhoria dos Processos de Suporte e Entrega a Serviços de TIC;0.25;0;1572310;274764.455;322103.34;305600.1325;1132855.02;913985.5075;760524.7525
PDI;EIXO: PROMOÇÃO DE DIREITOS E PROTEÇÃO INTEGRAL;ASS;SUB-EIXO: ASSISTÊNCIA SOCIAL;NEX;NEX;19;Ciência e Tecnologia;572;Desenvolvimento Tecnológico e Engenharia;85;Gestão da Política de Tecnologia da Informação e Comunicação;2602;Gerenciamento, Implantação e Atendimento de Serviços na RMI;2;Adequação do Datacenter às Demandas de Serviços de TIC da PBH;0.25;0;5810151;1833613.998;1798026.035;1629489.065;3295173.648;3209855.013;2697111.008
PDI;EIXO: PROMOÇÃO DE DIREITOS E PROTEÇÃO INTEGRAL;ASS;SUB-EIXO: ASSISTÊNCIA SOCIAL;NEX;NEX;19;Ciência e Tecnologia;572;Desenvolvimento Tecnológico e Engenharia;85;Gestão da Política de Tecnologia da Informação e Comunicação;2603;Implantação de Soluções e Modernização de Sistemas ;2;Certificação da Melhoria do Processo de Software na PBH;0.25;0;12766;0;0;0;5530;0;0
PDI;EIXO: PROMOÇÃO DE DIREITOS E PROTEÇÃO INTEGRAL;ASS;SUB-EIXO: ASSISTÊNCIA SOCIAL;NEX;NEX;19;Ciência e Tecnologia;572;Desenvolvimento Tecnológico e Engenharia;85;Gestão da Política de Tecnologia da Informação e Comunicação;2603;Implantação de Soluções e Modernização de Sistemas ;3;Estruturação da Qualidade de Software na PBH;0.25;0;6077267;2044371.098;2023990.668;1929425.155;3852018.593;3745246.513;3204274.038
PDI;EIXO: PROMOÇÃO DE DIREITOS E PROTEÇÃO INTEGRAL;ASS;SUB-EIXO: ASSISTÊNCIA SOCIAL;NEX;NEX;19;Ciência e Tecnologia;572;Desenvolvimento Tecnológico e Engenharia;221;BH Digital;1373;Gestão do Plano Diretor de Informática;5;Internet Banda Larga Disponibilizada em Áreas de Vilas e Favelas ;0.25;0;2342750;0;0;0;0;0;0
PDI;EIXO: PROMOÇÃO DE DIREITOS E PROTEÇÃO INTEGRAL;ASS;SUB-EIXO: ASSISTÊNCIA SOCIAL;NEX;NEX;19;Ciência e Tecnologia;572;Desenvolvimento Tecnológico e Engenharia;221;BH Digital;1373;Gestão do Plano Diretor de Informática;7;"Disponibilização de Sinal de Internet em Bairros da Cidade através do Programa ""Uma Praça em cada Bairro""";0.25;0;125000;0;0;0;0;0;0
PDI;EIXO: PROMOÇÃO DE DIREITOS E PROTEÇÃO INTEGRAL;ASS;SUB-EIXO: ASSISTÊNCIA SOCIAL;NEX;NEX;19;Ciência e Tecnologia;572;Desenvolvimento Tecnológico e Engenharia;221;BH Digital;1373;Gestão do Plano Diretor de Informática;8;Implantação do Programa Saber em Primeiro Lugar - Atração de Voluntários nos Telecentros;0.25;0;25000;0;0;0;0;0;0
PDI;EIXO: PROMOÇÃO DE DIREITOS E PROTEÇÃO INTEGRAL;DCI;SUB-EIXO: DIREITOS DA CIDADANIA;NEX;NEX;14;Direitos da Cidadania;422;Direitos Individuais, Coletivos e Difusos;127;Promoção e Defesa de Direitos Humanos e Cidadania ;2334;Gestão Compartilhada e Participação Social;1;Coordenação e Participação em Fóruns Governamentais e GTs;0.25;0;2500;0;0;0;0;0;0
PDI;EIXO: PROMOÇÃO DE DIREITOS E PROTEÇÃO INTEGRAL;DCI;SUB-EIXO: DIREITOS DA CIDADANIA;NEX;NEX;14;Direitos da Cidadania;422;Direitos Individuais, Coletivos e Difusos;127;Promoção e Defesa de Direitos Humanos e Cidadania ;2334;Gestão Compartilhada e Participação Social;2;Apoio aos Conselhos Municipais;0.25;0;35000;0;0;0;0;0;0
PDI;EIXO: PROMOÇÃO DE DIREITOS E PROTEÇÃO INTEGRAL;DCI;SUB-EIXO: DIREITOS DA CIDADANIA;NEX;NEX;14;Direitos da Cidadania;422;Direitos Individuais, Coletivos e Difusos;127;Promoção e Defesa de Direitos Humanos e Cidadania ;2334;Gestão Compartilhada e Participação Social;3;Realização de Conferências;0.25;0;16750;0;0;0;0;0;0
PDI;EIXO: PROMOÇÃO DE DIREITOS E PROTEÇÃO INTEGRAL;DCI;SUB-EIXO: DIREITOS DA CIDADANIA;NEX;NEX;14;Direitos da Cidadania;422;Direitos Individuais, Coletivos e Difusos;127;Promoção e Defesa de Direitos Humanos e Cidadania ;2334;Gestão Compartilhada e Participação Social;13;Implantação do Observatório de Direitos Humanos de Belo Horizonte;0.25;0;4250;0;0;0;0;0;0
PDI;EIXO: PROMOÇÃO DE DIREITOS E PROTEÇÃO INTEGRAL;DCI;SUB-EIXO: DIREITOS DA CIDADANIA;NEX;NEX;14;Direitos da Cidadania;422;Direitos Individuais, Coletivos e Difusos;127;Promoção e Defesa de Direitos Humanos e Cidadania ;2335;Educação Política em Direitos Humanos e Cidadania;1;Sensibilização de Agentes Públicos e Sociedade Civil;0.25;0;93817;23836.4875;14451.6875;14350.0125;45586.4875;21683.3325;17860.2925
PDI;EIXO: PROMOÇÃO DE DIREITOS E PROTEÇÃO INTEGRAL;DCI;SUB-EIXO: DIREITOS DA CIDADANIA;NEX;NEX;14;Direitos da Cidadania;422;Direitos Individuais, Coletivos e Difusos;127;Promoção e Defesa de Direitos Humanos e Cidadania ;2335;Educação Política em Direitos Humanos e Cidadania;2;Orientação em Direitos Humanos;0.25;0;3750;0;425;1096.5;1500;1096.5;1096.5
PDI;EIXO: PROMOÇÃO DE DIREITOS E PROTEÇÃO INTEGRAL;DCI;SUB-EIXO: DIREITOS DA CIDADANIA;NEX;NEX;14;Direitos da Cidadania;422;Direitos Individuais, Coletivos e Difusos;127;Promoção e Defesa de Direitos Humanos e Cidadania ;2335;Educação Política em Direitos Humanos e Cidadania;3;Realização de Atividade de Orientação à Agentes Públicos para Melhor Atendimento ao Cidadão;0.25;0;325;0;0;0;0;0;0
PDI;EIXO: PROMOÇÃO DE DIREITOS E PROTEÇÃO INTEGRAL;DCI;SUB-EIXO: DIREITOS DA CIDADANIA;NEX;NEX;14;Direitos da Cidadania;422;Direitos Individuais, Coletivos e Difusos;127;Promoção e Defesa de Direitos Humanos e Cidadania ;2900;Serviços Administrativos e Financeiros;1;Serviços Administrativos e Financeiros ;0.25;0;1991919;637465.0175;644204.105;632276.725;1245995.52;1224381.985;1069900.2
PDI;EIXO: PROMOÇÃO DE DIREITOS E PROTEÇÃO INTEGRAL;DCI;SUB-EIXO: DIREITOS DA CIDADANIA;NEX;NEX;14;Direitos da Cidadania;422;Direitos Individuais, Coletivos e Difusos;236;Direito de Todos ;2333;Promoção de Ações Afirmativas dos Movimentos Sociais;8;Ações Afirmativas BH Cidadã: Sem Homofobia;0.25;0;18875;13450;1900;0;13450;1900;0
PDI;EIXO: PROMOÇÃO DE DIREITOS E PROTEÇÃO INTEGRAL;DCI;SUB-EIXO: DIREITOS DA CIDADANIA;NEX;NEX;14;Direitos da Cidadania;422;Direitos Individuais, Coletivos e Difusos;236;Direito de Todos ;2333;Promoção de Ações Afirmativas dos Movimentos Sociais;9;Instituição do Selo Promoção da Igualdade Racial;0.25;0;1250;0;0;0;0;0;0
PDI;EIXO: PROMOÇÃO DE DIREITOS E PROTEÇÃO INTEGRAL;DCI;SUB-EIXO: DIREITOS DA CIDADANIA;NEX;NEX;14;Direitos da Cidadania;422;Direitos Individuais, Coletivos e Difusos;236;Direito de Todos ;2333;Promoção de Ações Afirmativas dos Movimentos Sociais;10;Realização de Inventário e Diagnósticos na Temática da Promoção da Igualdade Racial;0.25;0;25000;0;0;0;0;0;0
PDI;EIXO: PROMOÇÃO DE DIREITOS E PROTEÇÃO INTEGRAL;DCI;SUB-EIXO: DIREITOS DA CIDADANIA;NEX;NEX;14;Direitos da Cidadania;422;Direitos Individuais, Coletivos e Difusos;236;Direito de Todos ;2345;Atendimento e Orientação Psicossocial e Jurídico ;4;Atendimento Psicológico, Psicossocial e Jurídico às Mulheres Vítimas de Violência - Benvinda em regime 24 hs;0.25;0;27313;1789.5;529.105;529.105;4588.25;1142.2875;1142.2875
PDI;EIXO: PROMOÇÃO DE DIREITOS E PROTEÇÃO INTEGRAL;DCI;SUB-EIXO: DIREITOS DA CIDADANIA;NEX;NEX;14;Direitos da Cidadania;422;Direitos Individuais, Coletivos e Difusos;236;Direito de Todos ;2345;Atendimento e Orientação Psicossocial e Jurídico ;5;Atendimento Psicossocial e Jurídico à População LGBT;0.25;0;255000;0;0;0;0;0;0
PDI;EIXO: PROMOÇÃO DE DIREITOS E PROTEÇÃO INTEGRAL;DCI;SUB-EIXO: DIREITOS DA CIDADANIA;NEX;NEX;14;Direitos da Cidadania;422;Direitos Individuais, Coletivos e Difusos;237;Qualificação, Profissionalização e Emprego;2404;Ações de Qualificação, Profissionalização e Emprego;1;Disponibilização de Vagas para o Programa Municipal de Qualificação, Emprego e Renda;0.25;0;253100;0;0;0;0;0;0
PDI;EIXO: PROMOÇÃO DE DIREITOS E PROTEÇÃO INTEGRAL;DCI;SUB-EIXO: DIREITOS DA CIDADANIA;NEX;NEX;14;Direitos da Cidadania;422;Direitos Individuais, Coletivos e Difusos;237;Qualificação, Profissionalização e Emprego;2404;Ações de Qualificação, Profissionalização e Emprego;19;Modernização e Ampliação dos Laboratórios da Escola Raimunda da Silva Soares;0.25;0;178546;32452.5;55698.275;56228.9725;117587.125;111034.12;99067.235
PVS;EIXO: PROMOVENDO VIDAS SAUDAVEIS;HAB;SUB-EIXO: HABITAÇÃO;NEX;NEX;16;Habitação;482;Habitação Urbana;64;Geração e Qualificação Habitacional em Áreas de Interesse Social;1207;Produção de Moradias;1;Diversos Programas Habitacionais - Obras;0.25;0;38000;0;0;0;15;15;15
PVS;EIXO: PROMOVENDO VIDAS SAUDAVEIS;HAB;SUB-EIXO: HABITAÇÃO;NEX;NEX;16;Habitação;482;Habitação Urbana;64;Geração e Qualificação Habitacional em Áreas de Interesse Social;1207;Produção de Moradias;2;Acompanhamento Social de Famílias;0.25;0;87017;0;0;0;132743.545;132743.545;132743.545
PVS;EIXO: PROMOVENDO VIDAS SAUDAVEIS;HAB;SUB-EIXO: HABITAÇÃO;NEX;NEX;16;Habitação;482;Habitação Urbana;64;Geração e Qualificação Habitacional em Áreas de Interesse Social;1207;Produção de Moradias;8;Gestão da Política Municipal de Habitação-PMH e Participação Popular;0.25;0;30500;25318.3225;25318.3225;25318.3225;39378.9325;39378.9325;39378.9325
PVS;EIXO: PROMOVENDO VIDAS SAUDAVEIS;HAB;SUB-EIXO: HABITAÇÃO;NEX;NEX;16;Habitação;482;Habitação Urbana;64;Geração e Qualificação Habitacional em Áreas de Interesse Social;1207;Produção de Moradias;9;Gestão de Moradias ;0.25;0;36494;0;0;0;0;0;0
PVS;EIXO: PROMOVENDO VIDAS SAUDAVEIS;HAB;SUB-EIXO: HABITAÇÃO;NEX;NEX;16;Habitação;482;Habitação Urbana;64;Geração e Qualificação Habitacional em Áreas de Interesse Social;1207;Produção de Moradias;10;Intervenções Especiais em Conjuntos Habitacionais;0.25;0;88832;38825.95;38825.95;38825.95;46855.325;46855.325;46855.325
PVS;EIXO: PROMOVENDO VIDAS SAUDAVEIS;HAB;SUB-EIXO: HABITAÇÃO;NEX;NEX;16;Habitação;482;Habitação Urbana;64;Geração e Qualificação Habitacional em Áreas de Interesse Social;1231;Melhorias Urbanas em Assentamentos Precários;1;Consultorias e Apoio a Serviços Especiais;0.25;0;5690901;127098.59;127098.59;105156.2025;177011.36;177011.36;155068.9725
PVS;EIXO: PROMOVENDO VIDAS SAUDAVEIS;HAB;SUB-EIXO: HABITAÇÃO;NEX;NEX;16;Habitação;482;Habitação Urbana;64;Geração e Qualificação Habitacional em Áreas de Interesse Social;1231;Melhorias Urbanas em Assentamentos Precários;3;Outras Intervenções em Assentamentos Precários;0.25;0;62560;65514.5425;65514.5425;98076.3425;104506.3875;104506.3875;98076.3425
PVS;EIXO: PROMOVENDO VIDAS SAUDAVEIS;HAB;SUB-EIXO: HABITAÇÃO;NEX;NEX;16;Habitação;482;Habitação Urbana;64;Geração e Qualificação Habitacional em Áreas de Interesse Social;1231;Melhorias Urbanas em Assentamentos Precários;8;Ações Sociais em Assentamentos Precários;0.25;0;128506;11317.8;11317.8;18132.9275;19986.3875;19986.3875;18132.9275
PVS;EIXO: PROMOVENDO VIDAS SAUDAVEIS;HAB;SUB-EIXO: HABITAÇÃO;NEX;NEX;16;Habitação;482;Habitação Urbana;64;Geração e Qualificação Habitacional em Áreas de Interesse Social;1231;Melhorias Urbanas em Assentamentos Precários;25;Reassentamento/Indenizações;0.25;0;881130;9822.4525;9822.4525;9822.4525;9916.17;9916.17;9916.17
PVS;EIXO: PROMOVENDO VIDAS SAUDAVEIS;HAB;SUB-EIXO: HABITAÇÃO;NEX;NEX;16;Habitação;482;Habitação Urbana;64;Geração e Qualificação Habitacional em Áreas de Interesse Social;2792;Programa Bolsa Moradia;1;Programa Bolsa Moradia;0.25;0;1269309;329655.8525;214375;214375;531000;413250;413250
PVS;EIXO: PROMOVENDO VIDAS SAUDAVEIS;HAB;SUB-EIXO: HABITAÇÃO;NEX;NEX;16;Habitação;482;Habitação Urbana;64;Geração e Qualificação Habitacional em Áreas de Interesse Social;2792;Programa Bolsa Moradia;2;Programa Bolsa Moradia - Risco;0.25;0;1463880;580561.705;380062.5;380062.5;951500;746062.5;746062.5
PVS;EIXO: PROMOVENDO VIDAS SAUDAVEIS;HAB;SUB-EIXO: HABITAÇÃO;NEX;NEX;16;Habitação;482;Habitação Urbana;64;Geração e Qualificação Habitacional em Áreas de Interesse Social;2792;Programa Bolsa Moradia;3;Programa Bolsa Moradia - Obras Vilva Viva;0.25;0;2073813;898371.16;581875;581875;1459932.238;1130430.738;1130430.738
PVS;EIXO: PROMOVENDO VIDAS SAUDAVEIS;HAB;SUB-EIXO: HABITAÇÃO;NEX;NEX;16;Habitação;482;Habitação Urbana;64;Geração e Qualificação Habitacional em Áreas de Interesse Social;2792;Programa Bolsa Moradia;4;Programa Bolsa Moradia - Obra Nova Rodoviária;0.25;0;10340;19191.39;9500;9500;38875;28875;28875
PVS;EIXO: PROMOVENDO VIDAS SAUDAVEIS;HAB;SUB-EIXO: HABITAÇÃO;NEX;NEX;16;Habitação;482;Habitação Urbana;64;Geração e Qualificação Habitacional em Áreas de Interesse Social;2792;Programa Bolsa Moradia;5;Programa Bolsa Moradia - Implantação do Corta Caminho;0.25;0;43824;10595.6425;3250;3250;12375;4875;4875
PVS;EIXO: PROMOVENDO VIDAS SAUDAVEIS;HAB;SUB-EIXO: HABITAÇÃO;NEX;NEX;16;Habitação;482;Habitação Urbana;209;Implantação do Corta Caminho ;1330;Implantação do Corta Caminho;1;Ações Sociais;0.25;0;45613;33224.8975;33224.8975;32232.26;55270.59;55270.59;54277.9525
PVS;EIXO: PROMOVENDO VIDAS SAUDAVEIS;HAB;SUB-EIXO: HABITAÇÃO;NEX;NEX;16;Habitação;482;Habitação Urbana;209;Implantação do Corta Caminho ;1330;Implantação do Corta Caminho;2; Construção de Unidades Habitacionais - Anel Rodoviário;0.25;0;29425;0;0;0;0;0;0
PVS;EIXO: PROMOVENDO VIDAS SAUDAVEIS;HAB;SUB-EIXO: HABITAÇÃO;NEX;NEX;16;Habitação;482;Habitação Urbana;209;Implantação do Corta Caminho ;1330;Implantação do Corta Caminho;3;Via 710 - Reassentamento/Indenizações;0.25;0;871962;47255.55;47255.55;47255.55;55413.2775;55413.2775;55413.2775
PVS;EIXO: PROMOVENDO VIDAS SAUDAVEIS;HAB;SUB-EIXO: HABITAÇÃO;NEX;NEX;16;Habitação;482;Habitação Urbana;209;Implantação do Corta Caminho ;1330;Implantação do Corta Caminho;5;Revitalização do Anel Rodoviário - Reassentamento/Indenizações;0.25;0;9583;0;0;0;0;0;0
PVS;EIXO: PROMOVENDO VIDAS SAUDAVEIS;HAB;SUB-EIXO: HABITAÇÃO;NEX;NEX;16;Habitação;482;Habitação Urbana;209;Implantação do Corta Caminho ;1330;Implantação do Corta Caminho;6;Consultoria e Serviços Técnicos;0.25;0;5885400;0;0;0;0;0;0
PVS;EIXO: PROMOVENDO VIDAS SAUDAVEIS;HAB;SUB-EIXO: HABITAÇÃO;NEX;NEX;16;Habitação;482;Habitação Urbana;209;Implantação do Corta Caminho ;1330;Implantação do Corta Caminho;8;Revitalização Anel Rodoviário - Recuperação Assentamentos Precários;0.25;0;26925;0;0;0;0;0;0
PVS;EIXO: PROMOVENDO VIDAS SAUDAVEIS;HAB;SUB-EIXO: HABITAÇÃO;NEX;NEX;16;Habitação;482;Habitação Urbana;211;Prioridade ao Transporte Coletivo ;1272;Implantação de Novos Terminais Rodoviários;5;Ações Sociais;0.25;0;37500;36426.47;36426.47;36426.47;65385.9275;65385.9275;65385.9275
PVS;EIXO: PROMOVENDO VIDAS SAUDAVEIS;HAB;SUB-EIXO: HABITAÇÃO;NEX;NEX;16;Habitação;482;Habitação Urbana;211;Prioridade ao Transporte Coletivo ;1272;Implantação de Novos Terminais Rodoviários;6;Reassentamentos / Indenizações / Demolições;0.25;0;7500;95963.885;94474.4375;94474.4375;298971.5775;295180.5175;295180.5175
PVS;EIXO: PROMOVENDO VIDAS SAUDAVEIS;HAB;SUB-EIXO: HABITAÇÃO;NEX;NEX;16;Habitação;482;Habitação Urbana;225;Vila Viva;1231;Melhorias Urbanas em Assentamentos Precários;1;Consultorias e Apoio a Serviços Especiais;0.25;0;20774547;2701807.728;2676773.76;2012094.53;3772324.738;3736757.488;3012486.948
PVS;EIXO: PROMOVENDO VIDAS SAUDAVEIS;HAB;SUB-EIXO: HABITAÇÃO;NEX;NEX;16;Habitação;482;Habitação Urbana;225;Vila Viva;1231;Melhorias Urbanas em Assentamentos Precários;3;Outras Intervenções em Assentamentos Precários;0.25;0;448175;163678.1775;163678.1775;163678.1775;209863.375;209863.375;209863.375
PVS;EIXO: PROMOVENDO VIDAS SAUDAVEIS;HAB;SUB-EIXO: HABITAÇÃO;NEX;NEX;16;Habitação;482;Habitação Urbana;225;Vila Viva;1231;Melhorias Urbanas em Assentamentos Precários;4;Orçamento Participativo - Empreendimento;0.25;0;14406484;956642.9625;956642.9625;941200.5575;1346684.05;1346684.05;1326631.268
PVS;EIXO: PROMOVENDO VIDAS SAUDAVEIS;HAB;SUB-EIXO: HABITAÇÃO;NEX;NEX;16;Habitação;482;Habitação Urbana;225;Vila Viva;1231;Melhorias Urbanas em Assentamentos Precários;5;Planos Globais Específicos;0.25;0;188127;18793.8625;18793.8625;18793.8625;73936.3675;73936.3675;73936.3675
PVS;EIXO: PROMOVENDO VIDAS SAUDAVEIS;HAB;SUB-EIXO: HABITAÇÃO;NEX;NEX;16;Habitação;482;Habitação Urbana;225;Vila Viva;1231;Melhorias Urbanas em Assentamentos Precários;6;Apoio Técnico a Projeto ou Obra;0.25;0;418015;0;0;0;0;0;0
PVS;EIXO: PROMOVENDO VIDAS SAUDAVEIS;HAB;SUB-EIXO: HABITAÇÃO;NEX;NEX;16;Habitação;482;Habitação Urbana;225;Vila Viva;1231;Melhorias Urbanas em Assentamentos Precários;7;Plano de Regularização Urbanística;0.25;0;560150;0;0;0;0;0;0
PVS;EIXO: PROMOVENDO VIDAS SAUDAVEIS;HAB;SUB-EIXO: HABITAÇÃO;NEX;NEX;16;Habitação;482;Habitação Urbana;225;Vila Viva;1231;Melhorias Urbanas em Assentamentos Precários;8;Ações Sociais em Assentamentos Precários;0.25;0;2013190;402256.6725;427290.7225;353860.2025;592167.5875;592160.755;440382.8
PVS;EIXO: PROMOVENDO VIDAS SAUDAVEIS;HAB;SUB-EIXO: HABITAÇÃO;NEX;NEX;16;Habitação;482;Habitação Urbana;225;Vila Viva;1231;Melhorias Urbanas em Assentamentos Precários;9;Implantação do Vila Viva - Morro das Pedras;0.25;0;2236178;554073.9325;682225.365;704880.0925;861401.5275;849857.0625;820313.87
PVS;EIXO: PROMOVENDO VIDAS SAUDAVEIS;HAB;SUB-EIXO: HABITAÇÃO;NEX;NEX;16;Habitação;482;Habitação Urbana;225;Vila Viva;1231;Melhorias Urbanas em Assentamentos Precários;10;Implantação do Vila Viva - Taquaril;0.25;0;5943510;918359.33;1011946.678;430937.2575;1126450.515;1126428.015;545418.595
PVS;EIXO: PROMOVENDO VIDAS SAUDAVEIS;HAB;SUB-EIXO: HABITAÇÃO;NEX;NEX;16;Habitação;482;Habitação Urbana;225;Vila Viva;1231;Melhorias Urbanas em Assentamentos Precários;11;Implantação do Vila Viva - Califórnia;0.25;0;2500;0;0;0;0;0;0
PVS;EIXO: PROMOVENDO VIDAS SAUDAVEIS;HAB;SUB-EIXO: HABITAÇÃO;NEX;NEX;16;Habitação;482;Habitação Urbana;225;Vila Viva;1231;Melhorias Urbanas em Assentamentos Precários;12; Implantação do Vila Viva - Vila São José;0.25;0;1444742;681306.0575;681236.705;648487.9275;813042.515;812973.1625;653419.935
PVS;EIXO: PROMOVENDO VIDAS SAUDAVEIS;HAB;SUB-EIXO: HABITAÇÃO;NEX;NEX;16;Habitação;482;Habitação Urbana;225;Vila Viva;1231;Melhorias Urbanas em Assentamentos Precários;13;Implantação do Vila Viva - Vila Pedreira Prado Lopes;0.25;0;1641679;0;0;0;101236.545;101236.545;101236.545
PVS;EIXO: PROMOVENDO VIDAS SAUDAVEIS;HAB;SUB-EIXO: HABITAÇÃO;NEX;NEX;16;Habitação;482;Habitação Urbana;225;Vila Viva;1231;Melhorias Urbanas em Assentamentos Precários;14;Implantação do Vila Viva - Vila Cemig/Alto das Antenas;0.25;0;2527411;1204919.855;1555074.275;1448172.273;2224824.173;2224824.17;1616405.32
PVS;EIXO: PROMOVENDO VIDAS SAUDAVEIS;HAB;SUB-EIXO: HABITAÇÃO;NEX;NEX;16;Habitação;482;Habitação Urbana;225;Vila Viva;1231;Melhorias Urbanas em Assentamentos Precários;15;Implantação do Vila Viva - Aglomerado Aeroporto/São Tomaz;0.25;0;3354186;457376.9575;457376.9575;205465.795;460332.81;460332.81;208421.6475
PVS;EIXO: PROMOVENDO VIDAS SAUDAVEIS;HAB;SUB-EIXO: HABITAÇÃO;NEX;NEX;16;Habitação;482;Habitação Urbana;225;Vila Viva;1231;Melhorias Urbanas em Assentamentos Precários;18;Implantação do Vila Viva - Aglomerado da Serra;0.25;0;4506831;712170.58;712170.58;730003.6675;1101372.698;1101372.698;795404.1325
PVS;EIXO: PROMOVENDO VIDAS SAUDAVEIS;HAB;SUB-EIXO: HABITAÇÃO;NEX;NEX;16;Habitação;482;Habitação Urbana;225;Vila Viva;1231;Melhorias Urbanas em Assentamentos Precários;19;Implantação do Vila Viva - Aglomerado Santa Lúcia;0.25;0;8461474;2744195.568;2744195.56;2619770.418;3605491.133;3605491.125;3078992.223
PVS;EIXO: PROMOVENDO VIDAS SAUDAVEIS;HAB;SUB-EIXO: HABITAÇÃO;NEX;NEX;16;Habitação;482;Habitação Urbana;225;Vila Viva;1231;Melhorias Urbanas em Assentamentos Precários;20;Regularização de Domícílios;0.25;0;310386;0;0;0;0;0;0
PVS;EIXO: PROMOVENDO VIDAS SAUDAVEIS;HAB;SUB-EIXO: HABITAÇÃO;NEX;NEX;16;Habitação;482;Habitação Urbana;225;Vila Viva;1231;Melhorias Urbanas em Assentamentos Precários;22;Eliminação das Situações de Risco Muito Alto e Alto;0.25;0;6189985;784608.045;1065820.705;981253.8775;1879883.22;1846331.773;1761764.945
PVS;EIXO: PROMOVENDO VIDAS SAUDAVEIS;HAB;SUB-EIXO: HABITAÇÃO;NEX;NEX;16;Habitação;482;Habitação Urbana;225;Vila Viva;1231;Melhorias Urbanas em Assentamentos Precários;23;Obras de Manutenção em Assentamentos Precários;0.25;0;2750000;0;0;0;0;0;0
PVS;EIXO: PROMOVENDO VIDAS SAUDAVEIS;HAB;SUB-EIXO: HABITAÇÃO;NEX;NEX;16;Habitação;482;Habitação Urbana;225;Vila Viva;1231;Melhorias Urbanas em Assentamentos Precários;25;Reassentamento/Indenizações;0.25;0;386964;19159.02;19159.02;19159.02;65095.15;65095.15;65095.15
PVS;EIXO: PROMOVENDO VIDAS SAUDAVEIS;HAB;SUB-EIXO: HABITAÇÃO;NEX;NEX;16;Habitação;482;Habitação Urbana;225;Vila Viva;1231;Melhorias Urbanas em Assentamentos Precários;26;Reassentamento/Indenizações - Programa Vila Viva;0.25;0;2816991;208179.58;208179.58;131575.3025;465398.385;465397.885;388793.6075
PVS;EIXO: PROMOVENDO VIDAS SAUDAVEIS;HAB;SUB-EIXO: HABITAÇÃO;NEX;NEX;16;Habitação;482;Habitação Urbana;225;Vila Viva;1231;Melhorias Urbanas em Assentamentos Precários;27;Reassentamento/Indenizações - OP;0.25;0;1442428;182360.9125;182360.9125;129922.1525;263661.505;263661.505;211222.745
PVS;EIXO: PROMOVENDO VIDAS SAUDAVEIS;HAB;SUB-EIXO: HABITAÇÃO;NEX;NEX;16;Habitação;482;Habitação Urbana;225;Vila Viva;1231;Melhorias Urbanas em Assentamentos Precários;29;Obras de Produção de Moradias da Av. Santa Terezinha;0.25;0;415719;123055.6225;123055.6225;79249.4725;123055.6225;123055.6225;79249.4725
PVS;EIXO: PROMOVENDO VIDAS SAUDAVEIS;HAB;SUB-EIXO: HABITAÇÃO;NEX;NEX;16;Habitação;482;Habitação Urbana;226;Habitação ;1207;Produção de Moradias;1;Diversos Programas Habitacionais - Obras;0.25;0;15500;0;0;0;0;0;0
PVS;EIXO: PROMOVENDO VIDAS SAUDAVEIS;HAB;SUB-EIXO: HABITAÇÃO;NEX;NEX;16;Habitação;482;Habitação Urbana;226;Habitação ;1207;Produção de Moradias;3;Produção de Moradias do Programa Minha Casa Minha Vida;0.25;0;2562178;256555.375;256555.375;256555.375;321629.585;321629.585;321629.585
PVS;EIXO: PROMOVENDO VIDAS SAUDAVEIS;HAB;SUB-EIXO: HABITAÇÃO;NEX;NEX;16;Habitação;482;Habitação Urbana;226;Habitação ;1207;Produção de Moradias;7;Acompanhamento Social de Famílias do Programa Minha Casa Minha Vida;0.25;0;675178;59296.81;59296.81;56847.24;152634.1875;152634.1875;131690.55
PVS;EIXO: PROMOVENDO VIDAS SAUDAVEIS;HAB;SUB-EIXO: HABITAÇÃO;NEX;NEX;16;Habitação;482;Habitação Urbana;226;Habitação ;1207;Produção de Moradias;8;Gestão da Política Municipal de Habitação-PMH e Participação Popular;0.25;0;1000;0;0;0;0;0;0
PVS;EIXO: PROMOVENDO VIDAS SAUDAVEIS;HAB;SUB-EIXO: HABITAÇÃO;NEX;NEX;16;Habitação;482;Habitação Urbana;226;Habitação ;1207;Produção de Moradias;11;Regularização de Moradias implantadas pela PBH no período de 1993 a 2012;0.25;0;5000;0;0;0;2519.0075;2519.0075;2519.0075
PVS;EIXO: PROMOVENDO VIDAS SAUDAVEIS;HAB;SUB-EIXO: HABITAÇÃO;NEX;NEX;16;Habitação;482;Habitação Urbana;226;Habitação ;1207;Produção de Moradias;12;Titulação de Moradias implantadas pela PBH no período 1993-2012;0.25;0;25000;0;0;0;0;0;0
PVS;EIXO: PROMOVENDO VIDAS SAUDAVEIS;HAB;SUB-EIXO: HABITAÇÃO;NEX;NEX;16;Habitação;482;Habitação Urbana;226;Habitação ;1207;Produção de Moradias;13;Produção de Moradias do Programa Minha Casa Minha Vida - ENTIDADES;0.25;0;142187;0;0;0;0;0;0
PVS;EIXO: PROMOVENDO VIDAS SAUDAVEIS;SAN;SUB-EIXO: SANEAMENTO;NEX;NEX;17;Saneamento;482;Habitação Urbana;225;Vila Viva;1231;Melhorias Urbanas em Assentamentos Precários;16;Implantação do Vila Viva - Complexo Várzea da Palma;0.25;0;9707304;5551026.465;5015162.53;4175445.398;5554642.465;5018778.53;4179061.398
PVS;EIXO: PROMOVENDO VIDAS SAUDAVEIS;SAN;SUB-EIXO: SANEAMENTO;NEX;NEX;17;Saneamento;512;Saneamento Básico Urbano;46;Operacionalização e Modernização da Limpeza Pública;2537;Tratamento e Destinação de Resíduos Sólidos;1;Serviços de Operação de Áreas de Manejo, de Remoção e Destinação de Resíduos de Construção Civil;0.25;0;1757565;443292.665;463116.3825;463116.3825;2338191.293;2209576.958;2209576.958
PVS;EIXO: PROMOVENDO VIDAS SAUDAVEIS;SAN;SUB-EIXO: SANEAMENTO;NEX;NEX;17;Saneamento;512;Saneamento Básico Urbano;46;Operacionalização e Modernização da Limpeza Pública;2537;Tratamento e Destinação de Resíduos Sólidos;2;Reestruturação da Infraestrutura para Triagem de Materiais Recicláveis;0.25;0;150000;0;0;0;0;0;0
PVS;EIXO: PROMOVENDO VIDAS SAUDAVEIS;SAN;SUB-EIXO: SANEAMENTO;NEX;NEX;17;Saneamento;512;Saneamento Básico Urbano;46;Operacionalização e Modernização da Limpeza Pública;2537;Tratamento e Destinação de Resíduos Sólidos;3;Transbordo de Resíduos Sólidos;0.25;0;1212750;430000;378529.7875;378529.7875;835242.39;674456.5625;674456.5625
PVS;EIXO: PROMOVENDO VIDAS SAUDAVEIS;SAN;SUB-EIXO: SANEAMENTO;NEX;NEX;17;Saneamento;512;Saneamento Básico Urbano;46;Operacionalização e Modernização da Limpeza Pública;2537;Tratamento e Destinação de Resíduos Sólidos;11;Aterragem de Resíduos Sólidos;0.25;0;6059207;3017500;2660747.015;1984679.083;4558211.768;3463958.783;2787890.85
PVS;EIXO: PROMOVENDO VIDAS SAUDAVEIS;SAN;SUB-EIXO: SANEAMENTO;NEX;NEX;17;Saneamento;512;Saneamento Básico Urbano;46;Operacionalização e Modernização da Limpeza Pública;2539;Execução dos Serviços de Limpeza Urbana;1;Cobertura dos Serviços de Limpeza Urbana em Vilas e Favelas com População Residente;0.25;0;1030857;57665.515;120961.515;120961.515;120961.515;120961.515;120961.515
PVS;EIXO: PROMOVENDO VIDAS SAUDAVEIS;SAN;SUB-EIXO: SANEAMENTO;NEX;NEX;17;Saneamento;512;Saneamento Básico Urbano;46;Operacionalização e Modernização da Limpeza Pública;2539;Execução dos Serviços de Limpeza Urbana;4;Cobertura dos Serviços de Limpeza de Vias em Áreas Urbanas;0.25;0;17231047;8341289.26;8611109.645;7501572.348;14171285.08;12510383.81;11400846.51
PVS;EIXO: PROMOVENDO VIDAS SAUDAVEIS;SAN;SUB-EIXO: SANEAMENTO;NEX;NEX;17;Saneamento;512;Saneamento Básico Urbano;46;Operacionalização e Modernização da Limpeza Pública;2539;Execução dos Serviços de Limpeza Urbana;5;Gerenciamento da Central de Tratamento de Resíduos Sólidos;0.25;0;1503125;490105.6125;485465.305;502967.6475;1029730.003;782667.5525;740761.9925
PVS;EIXO: PROMOVENDO VIDAS SAUDAVEIS;SAN;SUB-EIXO: SANEAMENTO;NEX;NEX;17;Saneamento;512;Saneamento Básico Urbano;46;Operacionalização e Modernização da Limpeza Pública;2539;Execução dos Serviços de Limpeza Urbana;6;Capina em Lotes Públicos e Particulares;0.25;0;315000;0;0;0;0;0;0
PVS;EIXO: PROMOVENDO VIDAS SAUDAVEIS;SAN;SUB-EIXO: SANEAMENTO;NEX;NEX;17;Saneamento;512;Saneamento Básico Urbano;46;Operacionalização e Modernização da Limpeza Pública;2539;Execução dos Serviços de Limpeza Urbana;7;Execução de Serviços de Limpeza Urbana - Multitarefa;0.25;0;9935162;2175587.755;2094832.86;2301649.798;4261843.958;3697218.715;3656087.2
PVS;EIXO: PROMOVENDO VIDAS SAUDAVEIS;SAN;SUB-EIXO: SANEAMENTO;NEX;NEX;17;Saneamento;512;Saneamento Básico Urbano;46;Operacionalização e Modernização da Limpeza Pública;2900;Serviços Administrativos e Financeiros;1;Serviços Administrativos e Financeiros ;0.25;0;32703737;9564765.59;9054483.585;9078641.485;19381448.88;18134420.12;17473705.04
PVS;EIXO: PROMOVENDO VIDAS SAUDAVEIS;SAN;SUB-EIXO: SANEAMENTO;NEX;NEX;17;Saneamento;512;Saneamento Básico Urbano;46;Operacionalização e Modernização da Limpeza Pública;2900;Serviços Administrativos e Financeiros;2;Implantação do Sistema de Gerenciamento de Resíduos Sólidos - PMAT IV;0.25;0;125000;0;0;0;0;0;0
PVS;EIXO: PROMOVENDO VIDAS SAUDAVEIS;SAN;SUB-EIXO: SANEAMENTO;NEX;NEX;17;Saneamento;512;Saneamento Básico Urbano;46;Operacionalização e Modernização da Limpeza Pública;2900;Serviços Administrativos e Financeiros;5;Implantação do Centro de Documentação Informatizado;0.25;0;300000;0;0;0;0;0;0
PVS;EIXO: PROMOVENDO VIDAS SAUDAVEIS;SAN;SUB-EIXO: SANEAMENTO;NEX;NEX;17;Saneamento;512;Saneamento Básico Urbano;66;Saneamento e Tratamento de Fundos de Vale;1203;Drenagem e Tratamento de Fundos de Vale;1;Drenagem e Tratamento de Fundos de Vale;0.25;0;236043;0;0;0;6858.0775;6858.0775;6858.0775
PVS;EIXO: PROMOVENDO VIDAS SAUDAVEIS;SAN;SUB-EIXO: SANEAMENTO;NEX;NEX;17;Saneamento;512;Saneamento Básico Urbano;66;Saneamento e Tratamento de Fundos de Vale;1203;Drenagem e Tratamento de Fundos de Vale;9;Projetos, Consultoria e apoio a serviços especiais;0.25;0;194920;512198.805;464378.1125;448584.08;638707.6325;590886.94;575092.9075
PVS;EIXO: PROMOVENDO VIDAS SAUDAVEIS;SAN;SUB-EIXO: SANEAMENTO;NEX;NEX;17;Saneamento;512;Saneamento Básico Urbano;225;Vila Viva;1203;Drenagem e Tratamento de Fundos de Vale;2;Av. Santa Terezinha;0.25;0;2859774;223350.9075;192209.7575;161388.0325;229143.4875;198002.3375;161388.0325
PVS;EIXO: PROMOVENDO VIDAS SAUDAVEIS;SAN;SUB-EIXO: SANEAMENTO;NEX;NEX;17;Saneamento;512;Saneamento Básico Urbano;228;Coleta, Destinação e Tratamento de Resíduos Sólidos ;2538;Execução dos Serviços de Coleta de Resíduos;1;Coleta de Resíduos Sólidos;0.25;0;16472372;5827325.17;6588398.188;5787301.978;12290671.58;11239310.42;10438214.21
PVS;EIXO: PROMOVENDO VIDAS SAUDAVEIS;SAN;SUB-EIXO: SANEAMENTO;NEX;NEX;17;Saneamento;512;Saneamento Básico Urbano;228;Coleta, Destinação e Tratamento de Resíduos Sólidos ;2538;Execução dos Serviços de Coleta de Resíduos;2;Serviços de Coleta Seletiva na modalidade ponto a ponto;0.25;0;293083;0;0;0;0;0;0
PVS;EIXO: PROMOVENDO VIDAS SAUDAVEIS;SAN;SUB-EIXO: SANEAMENTO;NEX;NEX;17;Saneamento;512;Saneamento Básico Urbano;228;Coleta, Destinação e Tratamento de Resíduos Sólidos ;2539;Execução dos Serviços de Limpeza Urbana;2;Instalação e Manutenção de Cestos Coletores;0.25;0;392500;150630.5;151298.705;193560.8;353463.2525;299411.4575;299411.4575
PVS;EIXO: PROMOVENDO VIDAS SAUDAVEIS;SAN;SUB-EIXO: SANEAMENTO;NEX;NEX;17;Saneamento;512;Saneamento Básico Urbano;228;Coleta, Destinação e Tratamento de Resíduos Sólidos ;2539;Execução dos Serviços de Limpeza Urbana;3;Limpeza de Áreas Públicas Decorrentes de Grandes Eventos;0.25;0;353200;162019.2275;186244.2275;186244.2275;311786.18;311786.18;311786.18
PVS;EIXO: PROMOVENDO VIDAS SAUDAVEIS;SAN;SUB-EIXO: SANEAMENTO;NEX;NEX;17;Saneamento;512;Saneamento Básico Urbano;228;Coleta, Destinação e Tratamento de Resíduos Sólidos ;2539;Execução dos Serviços de Limpeza Urbana;9;Serviço de limpeza urbana em Vilas e Favelas;0.25;0;1977039;498285.7025;403041.1425;403041.1425;679070.0925;583825.5325;583825.5325
PVS;EIXO: PROMOVENDO VIDAS SAUDAVEIS;SAN;SUB-EIXO: SANEAMENTO;NEX;NEX;17;Saneamento;512;Saneamento Básico Urbano;228;Coleta, Destinação e Tratamento de Resíduos Sólidos ;2539;Execução dos Serviços de Limpeza Urbana;10;Serviços de Limpeza de Córregos em Vilas e Favelas;0.25;0;88630;0;0;0;0;0;0
PVS;EIXO: PROMOVENDO VIDAS SAUDAVEIS;SAN;SUB-EIXO: SANEAMENTO;NEX;NEX;17;Saneamento;512;Saneamento Básico Urbano;233;Manutenção da Cidade;1203;Drenagem e Tratamento de Fundos de Vale;3;Serviços e Obras de Conteção e Manutenção em Redes de Drenagem Pluvial;0.25;0;6218376;4264194.323;3673992.223;3387864.608;5720970.14;4417974.26;3963467.218
PVS;EIXO: PROMOVENDO VIDAS SAUDAVEIS;SAN;SUB-EIXO: SANEAMENTO;NEX;NEX;17;Saneamento;512;Saneamento Básico Urbano;243;Gestão Ambiental;1203;Drenagem e Tratamento de Fundos de Vale;1;Drenagem e Tratamento de Fundos de Vale;0.25;0;66038063;837239.1525;837239.1525;528901.3925;837782.725;837782.725;529444.965
PVS;EIXO: PROMOVENDO VIDAS SAUDAVEIS;SAN;SUB-EIXO: SANEAMENTO;NEX;NEX;17;Saneamento;512;Saneamento Básico Urbano;243;Gestão Ambiental;1203;Drenagem e Tratamento de Fundos de Vale;6;Redução do Risco das Inundações na Bacia do Córrego Jatobá - PAC;0.25;0;5304198;142647.92;142647.92;142647.92;142647.92;142647.92;142647.92
PVS;EIXO: PROMOVENDO VIDAS SAUDAVEIS;SAN;SUB-EIXO: SANEAMENTO;NEX;NEX;17;Saneamento;512;Saneamento Básico Urbano;243;Gestão Ambiental;1203;Drenagem e Tratamento de Fundos de Vale;7;Projetos do PAC II;0.25;0;4691863;328731.2175;326317.2125;258706.625;384428.625;382014.62;269986.165
PVS;EIXO: PROMOVENDO VIDAS SAUDAVEIS;SAN;SUB-EIXO: SANEAMENTO;NEX;NEX;17;Saneamento;512;Saneamento Básico Urbano;243;Gestão Ambiental;1203;Drenagem e Tratamento de Fundos de Vale;8;Obras do PAC II;0.25;0;32575828;0;0;0;0;0;0
PVS;EIXO: PROMOVENDO VIDAS SAUDAVEIS;SAN;SUB-EIXO: SANEAMENTO;NEX;NEX;17;Saneamento;512;Saneamento Básico Urbano;243;Gestão Ambiental;1307;Implantação do Programa DRENURBS;1;Implantação do Programa DRENURBS;0.25;0;8120804;756449.97;756449.575;697242.5475;991975.495;991975.1;903299.7875
PVS;EIXO: PROMOVENDO VIDAS SAUDAVEIS;SAN;SUB-EIXO: SANEAMENTO;NEX;NEX;17;Saneamento;512;Saneamento Básico Urbano;243;Gestão Ambiental;1307;Implantação do Programa DRENURBS;2;Recuperação Ambiental do Córrego Bonsucesso;0.25;0;19608507;2303264.388;2302663.55;1117533.93;2303264.388;2302663.55;1117533.93
PVS;EIXO: PROMOVENDO VIDAS SAUDAVEIS;SAN;SUB-EIXO: SANEAMENTO;NEX;NEX;17;Saneamento;512;Saneamento Básico Urbano;243;Gestão Ambiental;1307;Implantação do Programa DRENURBS;3;Implantação do Drenurbs - custeios gerais;0.25;0;340400;27000;27000;21870.7325;31500;31500;26370.7325
PVS;EIXO: PROMOVENDO VIDAS SAUDAVEIS;SAU;SUB-EIXO: SAÚDE;NEX;NEX;10;Saúde;122;Administração Geral;30;Atendimento Ambulatorial, Emergencial e Hospitalar;2900;Serviços Administrativos e Financeiros;1;Serviços Administrativos e Financeiros ;0.25;0;8541033;1773395.508;2289835.673;2217304.923;4470812.278;3668041.63;3570168.323
PVS;EIXO: PROMOVENDO VIDAS SAUDAVEIS;SAU;SUB-EIXO: SAÚDE;NEX;NEX;10;Saúde;122;Administração Geral;114;Rede de Cuidados Especializados Complementares à Saúde;2891;Rede Própria de Cuidados Especializados Complementares à Saúde;6;Gestão de Recursos Humanos;0.25;0;16247990;8724907.548;8724946.555;8665271.948;15255255.12;15255229.85;13846519.36
PVS;EIXO: PROMOVENDO VIDAS SAUDAVEIS;SAU;SUB-EIXO: SAÚDE;NEX;NEX;10;Saúde;122;Administração Geral;117;Gestão do SUS-BH;2662;Gestão do SUS-BH;1;Modernização do Sistema de Informação em Saúde na PBH;0.25;0;1185699;140723.85;178561.35;52137.5;205236.35;205236.35;78812.5
PVS;EIXO: PROMOVENDO VIDAS SAUDAVEIS;SAU;SUB-EIXO: SAÚDE;NEX;NEX;10;Saúde;122;Administração Geral;117;Gestão do SUS-BH;2895;Suporte Logístico;3;Serviços de Apoio à Rede Própria do SUS-BH;0.25;0;73859546;11081626.2;12184645.75;12729912.66;28764690.1;23788453.58;20893318.9
PVS;EIXO: PROMOVENDO VIDAS SAUDAVEIS;SAU;SUB-EIXO: SAÚDE;NEX;NEX;10;Saúde;122;Administração Geral;117;Gestão do SUS-BH;2895;Suporte Logístico;4;Manutenção dos Equipamentos, Mobiliários e Prediais;0.25;0;2033741;964018.93;568499.875;119127.575;984351.235;588832.18;139459.88
PVS;EIXO: PROMOVENDO VIDAS SAUDAVEIS;SAU;SUB-EIXO: SAÚDE;NEX;NEX;10;Saúde;122;Administração Geral;117;Gestão do SUS-BH;2895;Suporte Logístico;5;Gestão dos Recursos Humanos;0.25;0;35540467;17309935.62;21402920.41;20618120.24;43632556.77;39672825.96;35374573.28
PVS;EIXO: PROMOVENDO VIDAS SAUDAVEIS;SAU;SUB-EIXO: SAÚDE;NEX;NEX;10;Saúde;122;Administração Geral;157;Atenção Primária à Saúde (APS);2690;Saúde da Família;10;Gestão de Recursos Humanos;0.25;0;132460935;39513256.87;39256629.1;39206693.58;74656032.41;74323675.06;65686102.99
PVS;EIXO: PROMOVENDO VIDAS SAUDAVEIS;SAU;SUB-EIXO: SAÚDE;NEX;NEX;10;Saúde;122;Administração Geral;203;Melhoria do Atendimento Hospitalar e Especializado;2893;Rede de Urgência;4;Consórcio itermunicipal Aliança para a Saúde;0.25;0;17500;15000;8750;8750;15000;8750;8750
PVS;EIXO: PROMOVENDO VIDAS SAUDAVEIS;SAU;SUB-EIXO: SAÚDE;NEX;NEX;10;Saúde;122;Administração Geral;203;Melhoria do Atendimento Hospitalar e Especializado;2893;Rede de Urgência;5;Gestão de Recursos Humanos;0.25;0;30670973;7052133.653;7052256.62;7022464.41;12606328.93;12606169.04;11114129.1
PVS;EIXO: PROMOVENDO VIDAS SAUDAVEIS;SAU;SUB-EIXO: SAÚDE;NEX;NEX;10;Saúde;122;Administração Geral;204;Gestão e Regionalização da Saúde ;1216;Construção, Ampliação e Reforma de Unidades de Saúde;1;Construção, Ampliação e Reforma de Unidades de Saúde;0.25;0;30383310;2441134.483;4484909.373;3603123.923;5725628.433;5461796.33;4202414.425
PVS;EIXO: PROMOVENDO VIDAS SAUDAVEIS;SAU;SUB-EIXO: SAÚDE;NEX;NEX;10;Saúde;122;Administração Geral;204;Gestão e Regionalização da Saúde ;2334;Gestão Compartilhada e Participação Social;2;Apoio aos Conselhos Municipais;0.25;0;696540;26025.6;11946.5975;12798.3325;45275.6;22243.2925;20586.3375
PVS;EIXO: PROMOVENDO VIDAS SAUDAVEIS;SAU;SUB-EIXO: SAÚDE;NEX;NEX;10;Saúde;128;Formação de Recursos Humanos;30;Atendimento Ambulatorial, Emergencial e Hospitalar;2176;Gestão do Trabalho, Ensino e Pesquisa;1;Gerenciamento do Sistema de Recursos Humanos;0.25;0;2104755;870131.085;850053.9325;849610.4325;2281894.52;1792885.615;1792442.115
PVS;EIXO: PROMOVENDO VIDAS SAUDAVEIS;SAU;SUB-EIXO: SAÚDE;NEX;NEX;10;Saúde;301;Atenção Básica;117;Gestão do SUS-BH;2895;Suporte Logístico;3;Serviços de Apoio à Rede Própria do SUS-BH;0.25;0;11000;47570.315;35770.52;35770.52;47570.315;35770.52;35770.52
PVS;EIXO: PROMOVENDO VIDAS SAUDAVEIS;SAU;SUB-EIXO: SAÚDE;NEX;NEX;10;Saúde;301;Atenção Básica;157;Atenção Primária à Saúde (APS);1371;Parcerias Público Privadas, Concessões e Operações Urbanas;5;Parceria Público-Privada dos Centros de Saúde / Unidades Básicas de Saúde ;0.25;0;10269862;0;0;0;0;0;0
PVS;EIXO: PROMOVENDO VIDAS SAUDAVEIS;SAU;SUB-EIXO: SAÚDE;NEX;NEX;10;Saúde;301;Atenção Básica;157;Atenção Primária à Saúde (APS);2690;Saúde da Família;1;Atendimento da População na Atenção Primária à Saúde do SUS-BH;0.25;0;16074776;3641037.25;3884563.985;2686370.97;6868437.368;5440757.465;3078716.865
PVS;EIXO: PROMOVENDO VIDAS SAUDAVEIS;SAU;SUB-EIXO: SAÚDE;NEX;NEX;10;Saúde;301;Atenção Básica;157;Atenção Primária à Saúde (APS);2690;Saúde da Família;10;Gestão de Recursos Humanos;0.25;0;626735;4708994.58;4619121.403;4615385.385;4905475.575;4815602.398;4712885.385
PVS;EIXO: PROMOVENDO VIDAS SAUDAVEIS;SAU;SUB-EIXO: SAÚDE;NEX;NEX;10;Saúde;301;Atenção Básica;202;Saúde da Família ;2690;Saúde da Família;2;Equipes de Saúde Bucal;0.25;0;83005;0;0;0;0;0;0
PVS;EIXO: PROMOVENDO VIDAS SAUDAVEIS;SAU;SUB-EIXO: SAÚDE;NEX;NEX;10;Saúde;302;Assistência Hospitalar e Ambulatorial;30;Atendimento Ambulatorial, Emergencial e Hospitalar;1216;Construção, Ampliação e Reforma de Unidades de Saúde;2;Construção, Ampliação e Reforma de Unidades de Saúde - Custeios Gerais;0.25;0;50000;0;0;0;0;0;0
PVS;EIXO: PROMOVENDO VIDAS SAUDAVEIS;SAU;SUB-EIXO: SAÚDE;NEX;NEX;10;Saúde;302;Assistência Hospitalar e Ambulatorial;30;Atendimento Ambulatorial, Emergencial e Hospitalar;2616;Gestão da Assistência Hospitalar e Ambulatorial;1;Assistência Hospitalar e Ambulatorial;0.25;0;27652603;3844807.335;4480687.37;4252829.47;11026710.81;7945276.228;7666601.708
PVS;EIXO: PROMOVENDO VIDAS SAUDAVEIS;SAU;SUB-EIXO: SAÚDE;EX;EX;10;Saúde;302;Assistência Hospitalar e Ambulatorial;30;Atendimento Ambulatorial, Emergencial e Hospitalar;2616;Gestão da Assistência Hospitalar e Ambulatorial;2;Unidade Materno Infantil;1;0;726000;16598.04;14079.72;14079.72;27408.04;20567.9;20567.9
PVS;EIXO: PROMOVENDO VIDAS SAUDAVEIS;SAU;SUB-EIXO: SAÚDE;NEX;NEX;10;Saúde;302;Assistência Hospitalar e Ambulatorial;30;Atendimento Ambulatorial, Emergencial e Hospitalar;2620;Gestão Técnico-Hospitalar;1;Gestão Técnico-Hospitalar;0.25;0;8587728;1650954.583;1854496.513;1804468.57;4782075.62;3603887.228;3480904.605
PVS;EIXO: PROMOVENDO VIDAS SAUDAVEIS;SAU;SUB-EIXO: SAÚDE;NEX;NEX;10;Saúde;302;Assistência Hospitalar e Ambulatorial;30;Atendimento Ambulatorial, Emergencial e Hospitalar;2620;Gestão Técnico-Hospitalar;2;Gerenciamento da Assistência Alimentar e Nutricional;0.25;0;906410;185193.64;264452.535;249105.3075;535319.04;324390.1325;308290.6
PVS;EIXO: PROMOVENDO VIDAS SAUDAVEIS;SAU;SUB-EIXO: SAÚDE;NEX;NEX;10;Saúde;302;Assistência Hospitalar e Ambulatorial;30;Atendimento Ambulatorial, Emergencial e Hospitalar;2620;Gestão Técnico-Hospitalar;3;Diagnóstico por Imagem do HOB;0.25;0;161203;197917.4225;86253.095;84754.78;294614.9175;107289.26;105790.945
PVS;EIXO: PROMOVENDO VIDAS SAUDAVEIS;SAU;SUB-EIXO: SAÚDE;NEX;NEX;10;Saúde;302;Assistência Hospitalar e Ambulatorial;30;Atendimento Ambulatorial, Emergencial e Hospitalar;2620;Gestão Técnico-Hospitalar;4;Laboratório e Hemoterapia do HOB;0.25;0;106477;216993.925;229991.6225;238411.9725;553036.645;336181.8025;304295.975
PVS;EIXO: PROMOVENDO VIDAS SAUDAVEIS;SAU;SUB-EIXO: SAÚDE;NEX;NEX;10;Saúde;302;Assistência Hospitalar e Ambulatorial;30;Atendimento Ambulatorial, Emergencial e Hospitalar;2620;Gestão Técnico-Hospitalar;5;Assistência Farmacêutica e Materiais Especiais;0.25;0;2470572;544987.7725;793629.335;738645.17;1864557.65;1159465.023;1056306.043
PVS;EIXO: PROMOVENDO VIDAS SAUDAVEIS;SAU;SUB-EIXO: SAÚDE;NEX;NEX;10;Saúde;302;Assistência Hospitalar e Ambulatorial;30;Atendimento Ambulatorial, Emergencial e Hospitalar;2875;Gestão da Atenção à Urgência;1;Pronto Socorro do HOB;0.25;0;17427250;5684330.005;6447535.62;6399181.118;17155156.61;13420802.84;13372448.34
PVS;EIXO: PROMOVENDO VIDAS SAUDAVEIS;SAU;SUB-EIXO: SAÚDE;NEX;NEX;10;Saúde;302;Assistência Hospitalar e Ambulatorial;30;Atendimento Ambulatorial, Emergencial e Hospitalar;2875;Gestão da Atenção à Urgência;2;Unidade Nossa Senhora Aparecida;0.25;0;1019250;201687.4625;101007.0375;92306.33;267515.7375;122878.225;106392
PVS;EIXO: PROMOVENDO VIDAS SAUDAVEIS;SAU;SUB-EIXO: SAÚDE;NEX;NEX;10;Saúde;302;Assistência Hospitalar e Ambulatorial;30;Atendimento Ambulatorial, Emergencial e Hospitalar;2875;Gestão da Atenção à Urgência;3;Hospital Dia;0.25;0;122375;115161.9275;23409.505;28098.3475;141391.095;36922.55;32475.3625
PVS;EIXO: PROMOVENDO VIDAS SAUDAVEIS;SAU;SUB-EIXO: SAÚDE;NEX;NEX;10;Saúde;302;Assistência Hospitalar e Ambulatorial;114;Rede de Cuidados Especializados Complementares à Saúde;2891;Rede Própria de Cuidados Especializados Complementares à Saúde;1;Atendimento da População na Rede Complementar Própria do SUS-BH;0.25;0;2090084;255240.6775;246223.14;136800.7875;637263.3175;567330.625;179582.37
PVS;EIXO: PROMOVENDO VIDAS SAUDAVEIS;SAU;SUB-EIXO: SAÚDE;NEX;NEX;10;Saúde;302;Assistência Hospitalar e Ambulatorial;114;Rede de Cuidados Especializados Complementares à Saúde;2891;Rede Própria de Cuidados Especializados Complementares à Saúde;2;Procedimentos Ambulatoriais Processados na Rede Complementar Própria do SUS-BH;0.25;0;24910000;881.25;881.25;0;1468.75;1468.75;587.5
PVS;EIXO: PROMOVENDO VIDAS SAUDAVEIS;SAU;SUB-EIXO: SAÚDE;NEX;NEX;10;Saúde;302;Assistência Hospitalar e Ambulatorial;114;Rede de Cuidados Especializados Complementares à Saúde;2892;Rede Contratada de Cuidados Especializados Complementares à Saúde;1;Atendimento da População na Rede Complementar Contratada do SUS-BH;0.25;0;4193298;1365509.965;1420473.518;993861.025;2136925.568;2075631.965;1194453.635
PVS;EIXO: PROMOVENDO VIDAS SAUDAVEIS;SAU;SUB-EIXO: SAÚDE;NEX;NEX;10;Saúde;302;Assistência Hospitalar e Ambulatorial;114;Rede de Cuidados Especializados Complementares à Saúde;2892;Rede Contratada de Cuidados Especializados Complementares à Saúde;2;Procedimentos Ambulatoriais Processados na Rede Complementar Contratada do SUS-BH;0.25;0;59145000;31809685.76;29232849.37;28742406.24;59026951;52260703.98;51692595.03
PVS;EIXO: PROMOVENDO VIDAS SAUDAVEIS;SAU;SUB-EIXO: SAÚDE;NEX;NEX;10;Saúde;302;Assistência Hospitalar e Ambulatorial;114;Rede de Cuidados Especializados Complementares à Saúde;2893;Rede de Urgência;1;Atendimento da População na Rede de Urgência do SUS-BH;0.25;0;11848117;3359859.643;3158731.23;2571146.675;4778301.23;4349562.778;2961493.043
PVS;EIXO: PROMOVENDO VIDAS SAUDAVEIS;SAU;SUB-EIXO: SAÚDE;NEX;NEX;10;Saúde;302;Assistência Hospitalar e Ambulatorial;201;Hospital Metropolitano;1336;Construção e Operacionalização do Hospital Metropolitano;1;Hospital Metropolitano;0.25;0;1590213;0;0;0;0;0;0
PVS;EIXO: PROMOVENDO VIDAS SAUDAVEIS;SAU;SUB-EIXO: SAÚDE;NEX;NEX;10;Saúde;302;Assistência Hospitalar e Ambulatorial;203;Melhoria do Atendimento Hospitalar e Especializado;2894;Rede Hospitalar;1;Atendimento da População na Rede Hospitalar do SUS-BH;0.25;0;252174318;78807142.57;78909157.67;75022275.58;152841589.1;145677674.8;138833899.1
PVS;EIXO: PROMOVENDO VIDAS SAUDAVEIS;SAU;SUB-EIXO: SAÚDE;NEX;NEX;10;Saúde;302;Assistência Hospitalar e Ambulatorial;203;Melhoria do Atendimento Hospitalar e Especializado;2894;Rede Hospitalar;2;Cirurgias Eletivas no SUS-BH;0.25;0;11250000;3981757.968;3548482.973;3775624.53;8409909.858;7272891.93;7079596.355
PVS;EIXO: PROMOVENDO VIDAS SAUDAVEIS;SAU;SUB-EIXO: SAÚDE;NEX;NEX;10;Saúde;302;Assistência Hospitalar e Ambulatorial;203;Melhoria do Atendimento Hospitalar e Especializado;2894;Rede Hospitalar;3;Hospital Odilon Behrens;0.25;0;2500;12752140.66;17803682.93;17043682.72;34792387;31887992.32;31098941.98
PVS;EIXO: PROMOVENDO VIDAS SAUDAVEIS;SAU;SUB-EIXO: SAÚDE;NEX;NEX;10;Saúde;303;Suporte Profilático e Terapêutico;204;Gestão e Regionalização da Saúde ;2895;Suporte Logístico;1;Assistência Farmacêutica;0.25;0;11117562;3208966.813;3115382.738;2991674.975;6390292.078;3965776.058;3364294.825
PVS;EIXO: PROMOVENDO VIDAS SAUDAVEIS;SAU;SUB-EIXO: SAÚDE;NEX;NEX;10;Saúde;304;Vigilância Sanitária;28;Vigilância em Saúde;2829;Vigilância em Saúde;2;Ações de Vigilância Sanitária e Saúde do Trabalhador;0.25;0;283518;64205.0625;102058.635;93189.405;170481.8525;113704.9875;102015.2575
PVS;EIXO: PROMOVENDO VIDAS SAUDAVEIS;SAU;SUB-EIXO: SAÚDE;NEX;NEX;10;Saúde;305;Vigilância Epidemiológica;28;Vigilância em Saúde;2829;Vigilância em Saúde;1;Ações de Vigilância, Prevenção e Controle de Doenças e Agravos;0.25;0;6972103;807209.5775;1003283.693;961829.25;1987422.563;1400475.718;1334667.975
PVS;EIXO: PROMOVENDO VIDAS SAUDAVEIS;SAU;SUB-EIXO: SAÚDE;NEX;NEX;10;Saúde;305;Vigilância Epidemiológica;28;Vigilância em Saúde;2829;Vigilância em Saúde;3;Ações de Vigilância Epidemiológica;0.25;0;3509108;920731.44;891895.1325;658631.015;2102052.798;1613468.71;1352079.563
PVS;EIXO: PROMOVENDO VIDAS SAUDAVEIS;SAU;SUB-EIXO: SAÚDE;NEX;NEX;10;Saúde;305;Vigilância Epidemiológica;203;Melhoria do Atendimento Hospitalar e Especializado;2893;Rede de Urgência;3;Ações de Apoio à Copa 2014 e Olimpíada 2016;0.25;0;169192;0;0;0;0;0;0
PVS;EIXO: PROMOVENDO VIDAS SAUDAVEIS;SAU;SUB-EIXO: SAÚDE;NEX;NEX;10;Saúde;305;Vigilância Epidemiológica;204;Gestão e Regionalização da Saúde ;2829;Vigilância em Saúde;7;Campanha de Prevenção de Leishmaniose em Centros de Saúde;0.25;0;5000;0;0;0;0;0;0
