Relatório de monitoramento do OCA 1 º quadrimestre 2014;;;;;;;;;;;;;;;;;;;;;;;;
classif01;desc_classif01;classif02;desc_classif02;classif03;desc_classif03;funcao;nome_funcao;subfuncao;nome_subfuncao;programa;nome_programa;projativ;nome_projativ;subitem_projativ;nome_subitem_projativ;indice_proporcionalidade;valor_credito_inicial;valor_orcado;valor_empenhado;valor_liquidado;valor_pago;valor_empenhado_acumulado;valor_liquidado_acumulado;valor_pago_acumulado
AEQ;EIXO: ACESSO À EDUCAÇÃO DE QUALIDADE;CUL;SUB-EIXO: CULTURA;NEX;NEX;13;Cultura;122;Administração Geral;146;Gestão da Política Cultural;2334;Gestão Compartilhada e Participação Social;2;Apoio aos Conselhos Municipais;0.25;0;30062;0;0;0;0;0;0
AEQ;EIXO: ACESSO À EDUCAÇÃO DE QUALIDADE;CUL;SUB-EIXO: CULTURA;NEX;NEX;13;Cultura;122;Administração Geral;146;Gestão da Política Cultural;2338;Gestão, Planejamento e Administração Cultural;1;Gerenciamento da Infraestrutura;0.25;0;3805811;1060277.995;850291.145;722827;1060277.995;850291.145;722827
AEQ;EIXO: ACESSO À EDUCAÇÃO DE QUALIDADE;CUL;SUB-EIXO: CULTURA;NEX;NEX;13;Cultura;122;Administração Geral;146;Gestão da Política Cultural;2338;Gestão, Planejamento e Administração Cultural;2;Participação da Fundação em Eventos Locais, Nacionais e Internacionais;0.25;0;52500;13498.75;2501.5725;1888.0225;13498.75;2501.5725;1888.0225
AEQ;EIXO: ACESSO À EDUCAÇÃO DE QUALIDADE;CUL;SUB-EIXO: CULTURA;NEX;NEX;13;Cultura;122;Administração Geral;146;Gestão da Política Cultural;2338;Gestão, Planejamento e Administração Cultural;3;Ações de Divulgação e Comunicação Institucional;0.25;0;569650;53250;49913.12;3332.75;53250;49913.12;3332.75
AEQ;EIXO: ACESSO À EDUCAÇÃO DE QUALIDADE;CUL;SUB-EIXO: CULTURA;NEX;NEX;13;Cultura;122;Administração Geral;146;Gestão da Política Cultural;2338;Gestão, Planejamento e Administração Cultural;4;Gerenciamento de Programas e Informações Culturais;0.25;0;250321;0;0;0;0;0;0
AEQ;EIXO: ACESSO À EDUCAÇÃO DE QUALIDADE;CUL;SUB-EIXO: CULTURA;NEX;NEX;13;Cultura;122;Administração Geral;146;Gestão da Política Cultural;2900;Serviços Administrativos e Financeiros;1;Serviços Administrativos e Financeiros ;0.25;0;2228966;960752.06;575293.235;556724.475;960752.06;575293.235;556724.475
AEQ;EIXO: ACESSO À EDUCAÇÃO DE QUALIDADE;CUL;SUB-EIXO: CULTURA;NEX;NEX;13;Cultura;122;Administração Geral;239;Rede BH Cultural ;2338;Gestão, Planejamento e Administração Cultural;4;Gerenciamento de Programas e Informações Culturais;0.25;0;40792;0;0;0;0;0;0
AEQ;EIXO: ACESSO À EDUCAÇÃO DE QUALIDADE;CUL;SUB-EIXO: CULTURA;NEX;NEX;13;Cultura;391;Patrimônio Histórico, Artístico e Arqueológico;155;História, Memória e Patrimônio Cultural de Belo Horizonte;2375;Identificação e Valorização do Patrimônio e das Identidades Culturais;1;Preservação do Patrimônio Cultural;0.25;0;2036306;386763.7325;386687.02;386687.02;386763.7325;386687.02;386687.02
AEQ;EIXO: ACESSO À EDUCAÇÃO DE QUALIDADE;CUL;SUB-EIXO: CULTURA;NEX;NEX;13;Cultura;391;Patrimônio Histórico, Artístico e Arqueológico;155;História, Memória e Patrimônio Cultural de Belo Horizonte;2375;Identificação e Valorização do Patrimônio e das Identidades Culturais;2;Educação Patrimonial e Preservação da Memória Coletiva;0.25;0;424902;81969;44469;28007.5;81969;44469;28007.5
AEQ;EIXO: ACESSO À EDUCAÇÃO DE QUALIDADE;CUL;SUB-EIXO: CULTURA;NEX;NEX;13;Cultura;391;Patrimônio Histórico, Artístico e Arqueológico;155;História, Memória e Patrimônio Cultural de Belo Horizonte;2375;Identificação e Valorização do Patrimônio e das Identidades Culturais;5;Tratamento e Preservação de Acervos;0.25;0;109875;375;375;375;375;375;375
AEQ;EIXO: ACESSO À EDUCAÇÃO DE QUALIDADE;CUL;SUB-EIXO: CULTURA;NEX;NEX;13;Cultura;391;Patrimônio Histórico, Artístico e Arqueológico;155;História, Memória e Patrimônio Cultural de Belo Horizonte;2872;Gestão do Fundo de Proteção do Patrimônio Cultural de BH;1;Preservação do Patrimônio Cultural;0.25;0;820500;0;0;0;0;0;0
AEQ;EIXO: ACESSO À EDUCAÇÃO DE QUALIDADE;CUL;SUB-EIXO: CULTURA;NEX;NEX;13;Cultura;391;Patrimônio Histórico, Artístico e Arqueológico;239;Rede BH Cultural ;2375;Identificação e Valorização do Patrimônio e das Identidades Culturais;2;Educação Patrimonial e Preservação da Memória Coletiva;0.25;0;82500;0;0;0;0;0;0
AEQ;EIXO: ACESSO À EDUCAÇÃO DE QUALIDADE;CUL;SUB-EIXO: CULTURA;NEX;NEX;13;Cultura;391;Patrimônio Histórico, Artístico e Arqueológico;239;Rede BH Cultural ;2375;Identificação e Valorização do Patrimônio e das Identidades Culturais;10;Presépios e Folias;0.25;0;40000;0;0;0;0;0;0
AEQ;EIXO: ACESSO À EDUCAÇÃO DE QUALIDADE;CUL;SUB-EIXO: CULTURA;NEX;NEX;13;Cultura;392;Difusão Cultural;154;Fomento, Incentivo e Desenvolvimento Cultural;2369;Gestão da Lei Municipal de Incentivo à Cultura;1;Incentivos a Projetos Culturais;0.25;0;2500000;64700;42675;42675;64700;42675;42675
AEQ;EIXO: ACESSO À EDUCAÇÃO DE QUALIDADE;CUL;SUB-EIXO: CULTURA;NEX;NEX;13;Cultura;392;Difusão Cultural;154;Fomento, Incentivo e Desenvolvimento Cultural;2371;Fomento e Estímulo à Cultura;1;Fomento à Produção e Difusão Cultural;0.25;0;2662062;472633.745;472056.7625;472056.7625;472633.745;472056.7625;472056.7625
AEQ;EIXO: ACESSO À EDUCAÇÃO DE QUALIDADE;CUL;SUB-EIXO: CULTURA;NEX;NEX;13;Cultura;392;Difusão Cultural;154;Fomento, Incentivo e Desenvolvimento Cultural;2371;Fomento e Estímulo à Cultura;2;Formação e Qualificação Técnica na Área Cultural;0.25;0;399404;73150;73150;73150;73150;73150;73150
AEQ;EIXO: ACESSO À EDUCAÇÃO DE QUALIDADE;CUL;SUB-EIXO: CULTURA;EX;EX;13;Cultura;392;Difusão Cultural;154;Fomento, Incentivo e Desenvolvimento Cultural;2371;Fomento e Estímulo à Cultura;3;Projeto Arena da Cultura / Escola Livre de Artes;1;0;5481544;0;0;0;0;0;0
AEQ;EIXO: ACESSO À EDUCAÇÃO DE QUALIDADE;CUL;SUB-EIXO: CULTURA;NEX;NEX;13;Cultura;392;Difusão Cultural;154;Fomento, Incentivo e Desenvolvimento Cultural;2371;Fomento e Estímulo à Cultura;5;Promoção de Festival, Encontro e Mostra de Arte e Cultura;0.25;0;233777;54483.75;54483.75;0;54483.75;54483.75;0
AEQ;EIXO: ACESSO À EDUCAÇÃO DE QUALIDADE;CUL;SUB-EIXO: CULTURA;NEX;NEX;13;Cultura;392;Difusão Cultural;239;Rede BH Cultural ;1215;Construção, Ampliação e Reforma de Unidades de Cultura;1;Construção, Ampliação e Reforma de Unidades de Cultura;0.25;0;2170579;15132.315;15132.315;15132.315;15132.315;15132.315;15132.315
AEQ;EIXO: ACESSO À EDUCAÇÃO DE QUALIDADE;CUL;SUB-EIXO: CULTURA;NEX;NEX;13;Cultura;392;Difusão Cultural;239;Rede BH Cultural ;1339;Requalificação dos Espaços e Serviços da Cultura;1;Implantação da Casa da Música;0.25;0;49900;0;0;0;0;0;0
AEQ;EIXO: ACESSO À EDUCAÇÃO DE QUALIDADE;CUL;SUB-EIXO: CULTURA;NEX;NEX;13;Cultura;392;Difusão Cultural;239;Rede BH Cultural ;1339;Requalificação dos Espaços e Serviços da Cultura;2;Implantação do Espaço Cênico Alípio de Melo;0.25;0;211350;0;0;0;0;0;0
AEQ;EIXO: ACESSO À EDUCAÇÃO DE QUALIDADE;CUL;SUB-EIXO: CULTURA;NEX;NEX;13;Cultura;392;Difusão Cultural;239;Rede BH Cultural ;1339;Requalificação dos Espaços e Serviços da Cultura;3;Implantação do Museu da Imagem e do Som;0.25;0;303175;0;0;0;0;0;0
AEQ;EIXO: ACESSO À EDUCAÇÃO DE QUALIDADE;CUL;SUB-EIXO: CULTURA;NEX;NEX;13;Cultura;392;Difusão Cultural;239;Rede BH Cultural ;1339;Requalificação dos Espaços e Serviços da Cultura;4;Implantação do Centro Cultural Bairro das Indústrias;0.25;0;154920;0;0;0;0;0;0
AEQ;EIXO: ACESSO À EDUCAÇÃO DE QUALIDADE;CUL;SUB-EIXO: CULTURA;NEX;NEX;13;Cultura;392;Difusão Cultural;239;Rede BH Cultural ;1339;Requalificação dos Espaços e Serviços da Cultura;8;Implantação do Centro Cultural Santa Tereza;0.25;0;97351;0;0;0;0;0;0
AEQ;EIXO: ACESSO À EDUCAÇÃO DE QUALIDADE;CUL;SUB-EIXO: CULTURA;NEX;NEX;13;Cultura;392;Difusão Cultural;239;Rede BH Cultural ;1339;Requalificação dos Espaços e Serviços da Cultura;9;Reimplantação do Centro Cultural Liberalino Alves de Oliveira  em conjunto com a Bilbioteca São Cristóvão;0.25;0;55377;0;0;0;0;0;0
AEQ;EIXO: ACESSO À EDUCAÇÃO DE QUALIDADE;CUL;SUB-EIXO: CULTURA;NEX;NEX;13;Cultura;392;Difusão Cultural;239;Rede BH Cultural ;2371;Fomento e Estímulo à Cultura;1;Fomento à Produção e Difusão Cultural;0.25;0;19750;0;0;0;0;0;0
AEQ;EIXO: ACESSO À EDUCAÇÃO DE QUALIDADE;CUL;SUB-EIXO: CULTURA;NEX;NEX;13;Cultura;392;Difusão Cultural;239;Rede BH Cultural ;2371;Fomento e Estímulo à Cultura;5;Promoção de Festival, Encontro e Mostra de Arte e Cultura;0.25;0;50000;0;0;0;0;0;0
AEQ;EIXO: ACESSO À EDUCAÇÃO DE QUALIDADE;CUL;SUB-EIXO: CULTURA;NEX;NEX;13;Cultura;392;Difusão Cultural;239;Rede BH Cultural ;2371;Fomento e Estímulo à Cultura;7;"Realização do Concurso  de Literatura  ""Cidade de Belo Horizonte """;0.25;0;74100;0;0;0;0;0;0
AEQ;EIXO: ACESSO À EDUCAÇÃO DE QUALIDADE;CUL;SUB-EIXO: CULTURA;NEX;NEX;13;Cultura;392;Difusão Cultural;239;Rede BH Cultural ;2371;Fomento e Estímulo à Cultura;8;"Realização do Concurso de Literatura ""João de Barro""";0.25;0;37050;0;0;0;0;0;0
AEQ;EIXO: ACESSO À EDUCAÇÃO DE QUALIDADE;CUL;SUB-EIXO: CULTURA;NEX;NEX;13;Cultura;392;Difusão Cultural;239;Rede BH Cultural ;2371;Fomento e Estímulo à Cultura;12;Criação do Prêmio Escultura na Praça;0.25;0;40550;0;0;0;0;0;0
AEQ;EIXO: ACESSO À EDUCAÇÃO DE QUALIDADE;CUL;SUB-EIXO: CULTURA;NEX;NEX;13;Cultura;392;Difusão Cultural;239;Rede BH Cultural ;2371;Fomento e Estímulo à Cultura;16;Realização do Festival Internacional de Quadrinhos de BH - FIQ;0.25;0;5062;0;0;0;0;0;0
AEQ;EIXO: ACESSO À EDUCAÇÃO DE QUALIDADE;CUL;SUB-EIXO: CULTURA;NEX;NEX;13;Cultura;392;Difusão Cultural;239;Rede BH Cultural ;2371;Fomento e Estímulo à Cultura;17;Realização do Festival Internacional de Teatro Palco e Rua de BH - FIT;0.25;0;1000000;1250000;1250000;625000;1250000;1250000;625000
AEQ;EIXO: ACESSO À EDUCAÇÃO DE QUALIDADE;CUL;SUB-EIXO: CULTURA;NEX;NEX;13;Cultura;392;Difusão Cultural;239;Rede BH Cultural ;2371;Fomento e Estímulo à Cultura;18;Realização da Virada Cultural;0.25;0;250000;170000;170000;0;170000;170000;0
AEQ;EIXO: ACESSO À EDUCAÇÃO DE QUALIDADE;CUL;SUB-EIXO: CULTURA;NEX;NEX;13;Cultura;392;Difusão Cultural;239;Rede BH Cultural ;2371;Fomento e Estímulo à Cultura;22;Realização de Exposições de Grafite;0.25;0;12500;0;0;0;0;0;0
AEQ;EIXO: ACESSO À EDUCAÇÃO DE QUALIDADE;DLA;SUB-EIXO: DESPORTO E LAZER;NEX;"NEX";27;Desporto e Lazer;811;Desporto de Rendimento;101;Promoção e Democratização das Práticas de Esportes e Lazer;2866;Esporte de Rendimento;1;Gestão do Esporte de Rendimento;0.25;0;15525;0;0;0;0;0;0
AEQ;EIXO: ACESSO À EDUCAÇÃO DE QUALIDADE;DLA;SUB-EIXO: DESPORTO E LAZER;EX;EX;27;Desporto e Lazer;811;Desporto de Rendimento;101;Promoção e Democratização das Práticas de Esportes e Lazer;2866;Esporte de Rendimento;4;BH Descobrindo Talentos no Futebol;1;0;1093994;235682.22;235682.22;157121.48;235682.22;235682.22;157121.48
AEQ;EIXO: ACESSO À EDUCAÇÃO DE QUALIDADE;DLA;SUB-EIXO: DESPORTO E LAZER;NEX;"NEX";27;Desporto e Lazer;811;Desporto de Rendimento;101;Promoção e Democratização das Práticas de Esportes e Lazer;2866;Esporte de Rendimento;16;Volta da Pampulha;0.25;0;2500;0;0;0;0;0;0
AEQ;EIXO: ACESSO À EDUCAÇÃO DE QUALIDADE;DLA;SUB-EIXO: DESPORTO E LAZER;NEX;"NEX";27;Desporto e Lazer;811;Desporto de Rendimento;238;Promoção do Esporte e do Lazer;2536;Programa Superar;3;Superar Rendimento;0.25;0;62150;0;0;0;0;0;0
AEQ;EIXO: ACESSO À EDUCAÇÃO DE QUALIDADE;DLA;SUB-EIXO: DESPORTO E LAZER;NEX;"NEX";27;Desporto e Lazer;811;Desporto de Rendimento;238;Promoção do Esporte e do Lazer;2866;Esporte de Rendimento;2;Manutenção das Atividades do Bolsa Atleta;0.25;0;30000;0;0;0;0;0;0
AEQ;EIXO: ACESSO À EDUCAÇÃO DE QUALIDADE;DLA;SUB-EIXO: DESPORTO E LAZER;NEX;"NEX";27;Desporto e Lazer;811;Desporto de Rendimento;238;Promoção do Esporte e do Lazer;2866;Esporte de Rendimento;3;Copa Centenário de Futebol Amador Wadson Lima;0.25;0;110500;9102.825;0;0;9102.825;0;0
AEQ;EIXO: ACESSO À EDUCAÇÃO DE QUALIDADE;DLA;SUB-EIXO: DESPORTO E LAZER;NEX;"NEX";27;Desporto e Lazer;811;Desporto de Rendimento;238;Promoção do Esporte e do Lazer;2866;Esporte de Rendimento;5;BH Descobrindo Talentos no Esporte;0.25;0;37500;0;0;0;0;0;0
AEQ;EIXO: ACESSO À EDUCAÇÃO DE QUALIDADE;DLA;SUB-EIXO: DESPORTO E LAZER;NEX;"NEX";27;Desporto e Lazer;812;Desporto Comunitário;101;Promoção e Democratização das Práticas de Esportes e Lazer;2106;Gestão da Política de Esporte e Lazer;1;Apoio a Entidades nas Ações Esportivas e de Lazer;0.25;0;321610;212151.545;212151.545;212151.545;212151.545;212151.545;212151.545
AEQ;EIXO: ACESSO À EDUCAÇÃO DE QUALIDADE;DLA;SUB-EIXO: DESPORTO E LAZER;NEX;"NEX";27;Desporto e Lazer;812;Desporto Comunitário;101;Promoção e Democratização das Práticas de Esportes e Lazer;2106;Gestão da Política de Esporte e Lazer;2;Patrocínio;0.25;0;50000;0;0;0;0;0;0
AEQ;EIXO: ACESSO À EDUCAÇÃO DE QUALIDADE;DLA;SUB-EIXO: DESPORTO E LAZER;NEX;"NEX";27;Desporto e Lazer;812;Desporto Comunitário;101;Promoção e Democratização das Práticas de Esportes e Lazer;2106;Gestão da Política de Esporte e Lazer;3;Serviços Administrativos e Financeiros;0.25;0;1071146;451794.39;248322.14;209901.94;451794.39;248322.14;209901.94
AEQ;EIXO: ACESSO À EDUCAÇÃO DE QUALIDADE;DLA;SUB-EIXO: DESPORTO E LAZER;NEX;"NEX";27;Desporto e Lazer;812;Desporto Comunitário;101;Promoção e Democratização das Práticas de Esportes e Lazer;2106;Gestão da Política de Esporte e Lazer;4;Centro de Memória do Esporte e do Lazer da Cidade;0.25;0;10800;0;0;0;0;0;0
AEQ;EIXO: ACESSO À EDUCAÇÃO DE QUALIDADE;DLA;SUB-EIXO: DESPORTO E LAZER;NEX;"NEX";27;Desporto e Lazer;812;Desporto Comunitário;101;Promoção e Democratização das Práticas de Esportes e Lazer;2106;Gestão da Política de Esporte e Lazer;5;Assessoria de Comunicação;0.25;0;4500;0;0;0;0;0;0
AEQ;EIXO: ACESSO À EDUCAÇÃO DE QUALIDADE;DLA;SUB-EIXO: DESPORTO E LAZER;NEX;"NEX";27;Desporto e Lazer;812;Desporto Comunitário;101;Promoção e Democratização das Práticas de Esportes e Lazer;2106;Gestão da Política de Esporte e Lazer;7;Manutenção do Conselho Municipal do Esporte e Lazer;0.25;0;2475;0;0;0;0;0;0
AEQ;EIXO: ACESSO À EDUCAÇÃO DE QUALIDADE;DLA;SUB-EIXO: DESPORTO E LAZER;NEX;"NEX";27;Desporto e Lazer;812;Desporto Comunitário;101;Promoção e Democratização das Práticas de Esportes e Lazer;2106;Gestão da Política de Esporte e Lazer;9;Implantação  do Polo dos Esportes Radicais e de Aventura;0.25;0;375000;0;0;0;0;0;0
AEQ;EIXO: ACESSO À EDUCAÇÃO DE QUALIDADE;DLA;SUB-EIXO: DESPORTO E LAZER;EX;EX;27;Desporto e Lazer;812;Desporto Comunitário;101;Promoção e Democratização das Práticas de Esportes e Lazer;2531;Programas de Esporte Educacional;1;Programa Segundo Tempo;1;0;9018456;0;0;0;0;0;0
AEQ;EIXO: ACESSO À EDUCAÇÃO DE QUALIDADE;DLA;SUB-EIXO: DESPORTO E LAZER;EX;EX;27;Desporto e Lazer;812;Desporto Comunitário;101;Promoção e Democratização das Práticas de Esportes e Lazer;2531;Programas de Esporte Educacional;2;Recreio nas Férias;1;0;68000;0;0;0;0;0;0
AEQ;EIXO: ACESSO À EDUCAÇÃO DE QUALIDADE;DLA;SUB-EIXO: DESPORTO E LAZER;EX;EX;27;Desporto e Lazer;812;Desporto Comunitário;101;Promoção e Democratização das Práticas de Esportes e Lazer;2531;Programas de Esporte Educacional;3;Festival Esportivo Segundo Tempo;1;0;49000;0;0;0;0;0;0
AEQ;EIXO: ACESSO À EDUCAÇÃO DE QUALIDADE;DLA;SUB-EIXO: DESPORTO E LAZER;EX;EX;27;Desporto e Lazer;812;Desporto Comunitário;101;Promoção e Democratização das Práticas de Esportes e Lazer;2531;Programas de Esporte Educacional;4;Programa Esporte Esperança / BH Cidadania;1;0;2370000;0;0;0;0;0;0
AEQ;EIXO: ACESSO À EDUCAÇÃO DE QUALIDADE;DLA;SUB-EIXO: DESPORTO E LAZER;EX;EX;27;Desporto e Lazer;812;Desporto Comunitário;101;Promoção e Democratização das Práticas de Esportes e Lazer;2531;Programas de Esporte Educacional;5;Xadrez na Escola;1;0;70000;0;0;0;0;0;0
AEQ;EIXO: ACESSO À EDUCAÇÃO DE QUALIDADE;DLA;SUB-EIXO: DESPORTO E LAZER;EX;EX;27;Desporto e Lazer;812;Desporto Comunitário;101;Promoção e Democratização das Práticas de Esportes e Lazer;2531;Programas de Esporte Educacional;9;Promoção de Eventos Esportivos;1;0;46900;0;0;0;0;0;0
AEQ;EIXO: ACESSO À EDUCAÇÃO DE QUALIDADE;DLA;SUB-EIXO: DESPORTO E LAZER;EX;EX;27;Desporto e Lazer;812;Desporto Comunitário;101;Promoção e Democratização das Práticas de Esportes e Lazer;2531;Programas de Esporte Educacional;12;Festival de Atletismo;1;0;150000;0;0;0;0;0;0
AEQ;EIXO: ACESSO À EDUCAÇÃO DE QUALIDADE;DLA;SUB-EIXO: DESPORTO E LAZER;EX;EX;27;Desporto e Lazer;812;Desporto Comunitário;101;Promoção e Democratização das Práticas de Esportes e Lazer;2531;Programas de Esporte Educacional;14;Caravana do Esporte;1;0;10000;0;0;0;0;0;0
AEQ;EIXO: ACESSO À EDUCAÇÃO DE QUALIDADE;DLA;SUB-EIXO: DESPORTO E LAZER;EX;EX;27;Desporto e Lazer;812;Desporto Comunitário;101;Promoção e Democratização das Práticas de Esportes e Lazer;2531;Programas de Esporte Educacional;15;Festival de Ginástica Ritmica;1;0;49400;0;0;0;0;0;0
AEQ;EIXO: ACESSO À EDUCAÇÃO DE QUALIDADE;DLA;SUB-EIXO: DESPORTO E LAZER;NEX;"NEX";27;Desporto e Lazer;812;Desporto Comunitário;101;Promoção e Democratização das Práticas de Esportes e Lazer;2534;Implantação, Manutenção e Recuperação de Equipamentos Esportivos e Áreas de Lazer;9;Manutenção e Conservação de Equipamentos de Lazer;0.25;0;7482;0;0;0;0;0;0
AEQ;EIXO: ACESSO À EDUCAÇÃO DE QUALIDADE;DLA;SUB-EIXO: DESPORTO E LAZER;NEX;"NEX";27;Desporto e Lazer;812;Desporto Comunitário;101;Promoção e Democratização das Práticas de Esportes e Lazer;2545;Promoções e Eventos Esportivos e Gestão de Áreas de Lazer;1;Promoções e Eventos Esportivos e Gestão de Áreas de Lazer;0.25;0;1064431;355601.225;293599.6675;223616.2575;355601.225;293599.6675;223616.2575
AEQ;EIXO: ACESSO À EDUCAÇÃO DE QUALIDADE;DLA;SUB-EIXO: DESPORTO E LAZER;NEX;"NEX";27;Desporto e Lazer;812;Desporto Comunitário;101;Promoção e Democratização das Práticas de Esportes e Lazer;2757;Programas e Atividades  Esportivas;1;Programas Esportivos Sociais e Atividades de Lazer Comunitárias;0.25;0;1125079;242055.6475;242055.6475;163660.665;242055.6475;242055.6475;163660.665
AEQ;EIXO: ACESSO À EDUCAÇÃO DE QUALIDADE;DLA;SUB-EIXO: DESPORTO E LAZER;NEX;"NEX";27;Desporto e Lazer;812;Desporto Comunitário;238;Promoção do Esporte e do Lazer;1213;Construção, Ampliação e Reforma de Equipamentos Esportivos e Áreas de Lazer;1;Construção, Ampliação e Reforma de Equipamentos Esportivos e Áreas de Lazer;0.25;0;5645567;138532.86;69641.8875;69641.8875;138532.86;69641.8875;69641.8875
AEQ;EIXO: ACESSO À EDUCAÇÃO DE QUALIDADE;DLA;SUB-EIXO: DESPORTO E LAZER;EX;EX;27;Desporto e Lazer;812;Desporto Comunitário;238;Promoção do Esporte e do Lazer;2531;Programas de Esporte Educacional;6;Programa de Atletismo;1;0;1100000;0;0;0;0;0;0
AEQ;EIXO: ACESSO À EDUCAÇÃO DE QUALIDADE;DLA;SUB-EIXO: DESPORTO E LAZER;EX;EX;27;Desporto e Lazer;812;Desporto Comunitário;238;Promoção do Esporte e do Lazer;2531;Programas de Esporte Educacional;7;Programa de Esporte e Lazer na Cidade;1;0;1388000;0;0;0;0;0;0
AEQ;EIXO: ACESSO À EDUCAÇÃO DE QUALIDADE;DLA;SUB-EIXO: DESPORTO E LAZER;EX;EX;27;Desporto e Lazer;812;Desporto Comunitário;238;Promoção do Esporte e do Lazer;2531;Programas de Esporte Educacional;8;Programa Ginástica Ritmica;1;0;150000;0;0;0;0;0;0
AEQ;EIXO: ACESSO À EDUCAÇÃO DE QUALIDADE;DLA;SUB-EIXO: DESPORTO E LAZER;EX;EX;27;Desporto e Lazer;812;Desporto Comunitário;238;Promoção do Esporte e do Lazer;2531;Programas de Esporte Educacional;10;Jogos Escolares de Belo Horizonte - JEBH;1;0;550000;0;0;0;0;0;0
AEQ;EIXO: ACESSO À EDUCAÇÃO DE QUALIDADE;DLA;SUB-EIXO: DESPORTO E LAZER;NEX;"NEX";27;Desporto e Lazer;812;Desporto Comunitário;238;Promoção do Esporte e do Lazer;2531;Programas de Esporte Educacional;11;Corrida Pessoa com Deficiência;1;0;40000;0;0;0;0;0;0
AEQ;EIXO: ACESSO À EDUCAÇÃO DE QUALIDADE;DLA;SUB-EIXO: DESPORTO E LAZER;EX;EX;27;Desporto e Lazer;812;Desporto Comunitário;238;Promoção do Esporte e do Lazer;2531;Programas de Esporte Educacional;13;Movimenta BH;1;0;20000;0;0;0;0;0;0
AEQ;EIXO: ACESSO À EDUCAÇÃO DE QUALIDADE;DLA;SUB-EIXO: DESPORTO E LAZER;NEX;"NEX";27;Desporto e Lazer;812;Desporto Comunitário;238;Promoção do Esporte e do Lazer;2534;Implantação, Manutenção e Recuperação de Equipamentos Esportivos e Áreas de Lazer;1;Manutenção, Conservação, Pequenas Reformas e Custeio de Equipamentos Esportivos;0.25;0;1289999;403136.365;249056.7075;174635.0825;403136.365;249056.7075;174635.0825
AEQ;EIXO: ACESSO À EDUCAÇÃO DE QUALIDADE;DLA;SUB-EIXO: DESPORTO E LAZER;NEX;"NEX";27;Desporto e Lazer;812;Desporto Comunitário;238;Promoção do Esporte e do Lazer;2536;Programa Superar;1;Superar Educacional / BH Cidadania;1;0;1364100;0;0;0;0;0;0
AEQ;EIXO: ACESSO À EDUCAÇÃO DE QUALIDADE;DLA;SUB-EIXO: DESPORTO E LAZER;NEX;"NEX";27;Desporto e Lazer;812;Desporto Comunitário;238;Promoção do Esporte e do Lazer;2536;Programa Superar;2;Fomação e Capacitação/Jornada Paralímpica;0.25;0;34674;0;0;0;0;0;0
AEQ;EIXO: ACESSO À EDUCAÇÃO DE QUALIDADE;DLA;SUB-EIXO: DESPORTO E LAZER;NEX;"NEX";27;Desporto e Lazer;813;Lazer;101;Promoção e Democratização das Práticas de Esportes e Lazer;2869;Programas e Atividades de Lazer;1;Programas e Atividades de Lazer;0.25;0;548842;103001.35;101861.985;69120.275;103001.35;101861.985;69120.275
AEQ;EIXO: ACESSO À EDUCAÇÃO DE QUALIDADE;DLA;SUB-EIXO: DESPORTO E LAZER;NEX;"NEX";27;Desporto e Lazer;813;Lazer;101;Promoção e Democratização das Práticas de Esportes e Lazer;2869;Programas e Atividades de Lazer;3;Recrear;1;0;236878;0;0;0;0;0;0
AEQ;EIXO: ACESSO À EDUCAÇÃO DE QUALIDADE;DLA;SUB-EIXO: DESPORTO E LAZER;NEX;"NEX";27;Desporto e Lazer;813;Lazer;101;Promoção e Democratização das Práticas de Esportes e Lazer;2869;Programas e Atividades de Lazer;6;Lazer Mais Saúde;0.25;0;25162;0;0;0;0;0;0
AEQ;EIXO: ACESSO À EDUCAÇÃO DE QUALIDADE;DLA;SUB-EIXO: DESPORTO E LAZER;NEX;"NEX";27;Desporto e Lazer;813;Lazer;101;Promoção e Democratização das Práticas de Esportes e Lazer;2869;Programas e Atividades de Lazer;9;Caminhar Pistas;0.25;0;47507;0;0;0;0;0;0
AEQ;EIXO: ACESSO À EDUCAÇÃO DE QUALIDADE;DLA;SUB-EIXO: DESPORTO E LAZER;NEX;"NEX";27;Desporto e Lazer;813;Lazer;101;Promoção e Democratização das Práticas de Esportes e Lazer;2869;Programas e Atividades de Lazer;10;Promoção de Eventos de Lazer;0.25;0;42000;0;0;0;0;0;0
AEQ;EIXO: ACESSO À EDUCAÇÃO DE QUALIDADE;DLA;SUB-EIXO: DESPORTO E LAZER;EX;EX;27;Desporto e Lazer;813;Lazer;101;Promoção e Democratização das Práticas de Esportes e Lazer;2869;Programas e Atividades de Lazer;11;BH em Férias;1;0;85935;0;0;0;0;0;0
AEQ;EIXO: ACESSO À EDUCAÇÃO DE QUALIDADE;DLA;SUB-EIXO: DESPORTO E LAZER;NEX;"NEX";27;Desporto e Lazer;813;Lazer;238;Promoção do Esporte e do Lazer;2869;Programas e Atividades de Lazer;2;Caminhar / BH Cidadania;0.25;0;350745;0;0;0;0;0;0
AEQ;EIXO: ACESSO À EDUCAÇÃO DE QUALIDADE;DLA;SUB-EIXO: DESPORTO E LAZER;EX;EX;27;Desporto e Lazer;813;Lazer;238;Promoção do Esporte e do Lazer;2869;Programas e Atividades de Lazer;4;Caminhar na Escola;1;0;98952;0;0;0;0;0;0
AEQ;EIXO: ACESSO À EDUCAÇÃO DE QUALIDADE;DLA;SUB-EIXO: DESPORTO E LAZER;NEX;"NEX";27;Desporto e Lazer;813;Lazer;238;Promoção do Esporte e do Lazer;2869;Programas e Atividades de Lazer;5;Domingo a Rua é Nossa;0.25;0;25000;0;0;0;0;0;0
AEQ;EIXO: ACESSO À EDUCAÇÃO DE QUALIDADE;DLA;SUB-EIXO: DESPORTO E LAZER;NEX;"NEX";27;Desporto e Lazer;813;Lazer;238;Promoção do Esporte e do Lazer;2869;Programas e Atividades de Lazer;8;Brincando na Vila;1;0;80000;0;0;0;0;0;0
AEQ;EIXO: ACESSO À EDUCAÇÃO DE QUALIDADE;EDU;SUB-EIXO: EDUCAÇÃO;NEX;NEX;4;Administração;122;Administração Geral;237;Qualificação, Profissionalização e Emprego;1219;Aquisição, Construção e Readaptação de Imóveis;3;Implantação da Escola Polo Profissionalizante na Área Central;0.85;0;2282250;0;0;0;0;0;0
AEQ;EIXO: ACESSO À EDUCAÇÃO DE QUALIDADE;EDU;SUB-EIXO: EDUCAÇÃO;EX;EX;8;Assistência Social;306;Alimentação e Nutrição;132;Gestão da Política Municipal de Segurança Alimentar e Nutricional;2761;Gestão da Assistência Alimentar e Nutricional à Rede Municipal de Ensino;1;Gerenciamento da Assistência Alimentar e Nutricional às Escolas de Ensino Fundamental ;1;0;7178000;2614705.33;1244211.07;629439.2;2614705.33;1244211.07;629439.2
AEQ;EIXO: ACESSO À EDUCAÇÃO DE QUALIDADE;EDU;SUB-EIXO: EDUCAÇÃO;EX;EX;8;Assistência Social;306;Alimentação e Nutrição;132;Gestão da Política Municipal de Segurança Alimentar e Nutricional;2761;Gestão da Assistência Alimentar e Nutricional à Rede Municipal de Ensino;2;Gerenciamento da Assistência Alimentar e Nutricional às UMEIS;1;0;6908286;1887188.69;969224.13;518872.22;1887188.69;969224.13;518872.22
AEQ;EIXO: ACESSO À EDUCAÇÃO DE QUALIDADE;EDU;SUB-EIXO: EDUCAÇÃO;EX;EX;8;Assistência Social;306;Alimentação e Nutrição;132;Gestão da Política Municipal de Segurança Alimentar e Nutricional;2761;Gestão da Assistência Alimentar e Nutricional à Rede Municipal de Ensino;3;Gerenciamento da Assistência Alimentar e Nutricional às Escolas Integradas;1;0;10504761;3641249.77;1920747.31;976647.72;3641249.77;1920747.31;976647.72
AEQ;EIXO: ACESSO À EDUCAÇÃO DE QUALIDADE;EDU;SUB-EIXO: EDUCAÇÃO;EX;EX;8;Assistência Social;306;Alimentação e Nutrição;132;Gestão da Política Municipal de Segurança Alimentar e Nutricional;2761;Gestão da Assistência Alimentar e Nutricional à Rede Municipal de Ensino;4;Gerenciamento da Assistência Alimentar e Nutricional aos alunos do Ensino de Jovens e Adultos - EJA;1;0;879526;4716;0;0;4716;0;0
AEQ;EIXO: ACESSO À EDUCAÇÃO DE QUALIDADE;EDU;SUB-EIXO: EDUCAÇÃO;EX;EX;8;Assistência Social;306;Alimentação e Nutrição;132;Gestão da Política Municipal de Segurança Alimentar e Nutricional;2761;Gestão da Assistência Alimentar e Nutricional à Rede Municipal de Ensino;5;Gerenciamento da Assistência Alimentar e Nutricional às Escolas de Ensino Médio;1;0;24925;2534.6;0;0;2534.6;0;0
AEQ;EIXO: ACESSO À EDUCAÇÃO DE QUALIDADE;EDU;SUB-EIXO: EDUCAÇÃO;EX;EX;8;Assistência Social;306;Alimentação e Nutrição;132;Gestão da Política Municipal de Segurança Alimentar e Nutricional;2761;Gestão da Assistência Alimentar e Nutricional à Rede Municipal de Ensino;8;Gerenciamento da Assistência Alimentar e Nutricional às Creches Conveniadas;1;0;2461000;901178.65;585285.56;585285.56;901178.65;585285.56;585285.56
AEQ;EIXO: ACESSO À EDUCAÇÃO DE QUALIDADE;EDU;SUB-EIXO: EDUCAÇÃO;EX;EX;8;Assistência Social;306;Alimentação e Nutrição;132;Gestão da Política Municipal de Segurança Alimentar e Nutricional;2761;Gestão da Assistência Alimentar e Nutricional à Rede Municipal de Ensino;10;Gerenciamento da Assistência Alimentar e Nutricional à Rede Municipal;1;0;3689036;1861680.3;798878.07;576805.16;1861680.3;798878.07;576805.16
AEQ;EIXO: ACESSO À EDUCAÇÃO DE QUALIDADE;EDU;SUB-EIXO: EDUCAÇÃO;NEX;NEX;8;Assistência Social;306;Alimentação e Nutrição;236;Direito de Todos ;2331;Centro de Referência em Segurança Alimentar e Nutricional Sustentável;3;Educação Alimentar e Nutricional com Atividades Lúdicas Educativas;0.85;0;79900;5312.5;5206.25;5206.25;5312.5;5206.25;5206.25
AEQ;EIXO: ACESSO À EDUCAÇÃO DE QUALIDADE;EDU;SUB-EIXO: EDUCAÇÃO;NEX;NEX;8;Assistência Social;306;Alimentação e Nutrição;236;Direito de Todos ;2331;Centro de Referência em Segurança Alimentar e Nutricional Sustentável;4;Campanhas Educativas de Mobilização Social;0.85;0;31450;0;0;0;0;0;0
AEQ;EIXO: ACESSO À EDUCAÇÃO DE QUALIDADE;EDU;SUB-EIXO: EDUCAÇÃO;EX;EX;8;Assistência Social;306;Alimentação e Nutrição;236;Direito de Todos ;2331;Centro de Referência em Segurança Alimentar e Nutricional Sustentável;5;Formação de Profissionais de Manipulação de Alimentos para a Rede Pública Conveniada e Não Conveniada;1;0;2000;0;0;0;0;0;0
AEQ;EIXO: ACESSO À EDUCAÇÃO DE QUALIDADE;EDU;SUB-EIXO: EDUCAÇÃO;EX;EX;12;Educação;122;Administração Geral;140;Gestão e Operacionalização da Política Educacional;2317;Gestão Administrativa e Pedagógica;1;Gestão Administrativa;1;0;74197974;23669147.73;19408587.16;15243769.34;23669147.73;19408587.16;15243769.34
AEQ;EIXO: ACESSO À EDUCAÇÃO DE QUALIDADE;EDU;SUB-EIXO: EDUCAÇÃO;EX;EX;12;Educação;122;Administração Geral;140;Gestão e Operacionalização da Política Educacional;2317;Gestão Administrativa e Pedagógica;2;Gestão Pedagógica;1;0;1169000;7000;0;0;7000;0;0
AEQ;EIXO: ACESSO À EDUCAÇÃO DE QUALIDADE;EDU;SUB-EIXO: EDUCAÇÃO;EX;EX;12;Educação;122;Administração Geral;140;Gestão e Operacionalização da Política Educacional;2334;Gestão Compartilhada e Participação Social;2;Apoio aos Conselhos Municipais;1;0;121000;0;0;0;0;0;0
AEQ;EIXO: ACESSO À EDUCAÇÃO DE QUALIDADE;EDU;SUB-EIXO: EDUCAÇÃO;EX;EX;12;Educação;122;Administração Geral;140;Gestão e Operacionalização da Política Educacional;2334;Gestão Compartilhada e Participação Social;3;Realização de Conferências;1;0;31000;0;0;0;0;0;0
AEQ;EIXO: ACESSO À EDUCAÇÃO DE QUALIDADE;EDU;SUB-EIXO: EDUCAÇÃO;EX;EX;12;Educação;361;Ensino Fundamental;85;Gestão da Política de Tecnologia da Informação e Comunicação;2605;Evolução da Rede de Telecomunicações da PBH ;1;Serviços de Informática - Educação ;1;0;956897;346918.72;205689.91;182542.81;346918.72;205689.91;182542.81
AEQ;EIXO: ACESSO À EDUCAÇÃO DE QUALIDADE;EDU;SUB-EIXO: EDUCAÇÃO;EX;EX;12;Educação;361;Ensino Fundamental;140;Gestão e Operacionalização da Política Educacional;2046;Gestão Descentralizada da Educação;2;Assistência ao Educando, Conservação de Unidades Escolares do Ensino Fundamental;1;0;33787204;0;0;0;0;0;0
AEQ;EIXO: ACESSO À EDUCAÇÃO DE QUALIDADE;EDU;SUB-EIXO: EDUCAÇÃO;EX;EX;12;Educação;361;Ensino Fundamental;140;Gestão e Operacionalização da Política Educacional;2046;Gestão Descentralizada da Educação;13;Contratação de Apoio Administrativo - Ensino Fundamental;1;0;103125127;60137553;25396075;0;60137553;25396075;0
AEQ;EIXO: ACESSO À EDUCAÇÃO DE QUALIDADE;EDU;SUB-EIXO: EDUCAÇÃO;EX;EX;12;Educação;361;Ensino Fundamental;140;Gestão e Operacionalização da Política Educacional;2080;Administração do Ensino Fundamental;1;Administração do Ensino Fundamental;1;0;785003105;191911392.4;187599008.6;139753489.9;191911392.4;187599008.6;139753489.9
AEQ;EIXO: ACESSO À EDUCAÇÃO DE QUALIDADE;EDU;SUB-EIXO: EDUCAÇÃO;EX;EX;12;Educação;361;Ensino Fundamental;140;Gestão e Operacionalização da Política Educacional;2080;Administração do Ensino Fundamental;2;Pré-Conferência Municipal de Educação;1;0;73000;0;0;0;0;0;0
AEQ;EIXO: ACESSO À EDUCAÇÃO DE QUALIDADE;EDU;SUB-EIXO: EDUCAÇÃO;EX;EX;12;Educação;361;Ensino Fundamental;140;Gestão e Operacionalização da Política Educacional;2080;Administração do Ensino Fundamental;3;Cadastro Escolar;1;0;74000;0;0;0;0;0;0
AEQ;EIXO: ACESSO À EDUCAÇÃO DE QUALIDADE;EDU;SUB-EIXO: EDUCAÇÃO;EX;EX;12;Educação;361;Ensino Fundamental;140;Gestão e Operacionalização da Política Educacional;2317;Gestão Administrativa e Pedagógica;1;Gestão Administrativa;1;0;4221933;1224646.14;1224646.14;960137.61;1224646.14;1224646.14;960137.61
AEQ;EIXO: ACESSO À EDUCAÇÃO DE QUALIDADE;EDU;SUB-EIXO: EDUCAÇÃO;EX;EX;12;Educação;361;Ensino Fundamental;140;Gestão e Operacionalização da Política Educacional;2503;Gestão do Programa Bolsa Escola;1;Gestão do Programa Bolsa Escola;1;0;1855178;590352.28;578446.68;410151.67;590352.28;578446.68;410151.67
AEQ;EIXO: ACESSO À EDUCAÇÃO DE QUALIDADE;EDU;SUB-EIXO: EDUCAÇÃO;EX;EX;12;Educação;361;Ensino Fundamental;140;Gestão e Operacionalização da Política Educacional;2503;Gestão do Programa Bolsa Escola;2;Manutenção das Atividades do Bolsa Escola Municipal;1;0;1092000;420292;177462;177462;420292;177462;177462
AEQ;EIXO: ACESSO À EDUCAÇÃO DE QUALIDADE;EDU;SUB-EIXO: EDUCAÇÃO;EX;EX;12;Educação;361;Ensino Fundamental;140;Gestão e Operacionalização da Política Educacional;2700;Operação e Manutenção da Educação;2;Fornecimento de Kits Escolares - Ensino Fundamental;1;0;27066182;3762859;157080;7200;3762859;157080;7200
AEQ;EIXO: ACESSO À EDUCAÇÃO DE QUALIDADE;EDU;SUB-EIXO: EDUCAÇÃO;EX;EX;12;Educação;361;Ensino Fundamental;140;Gestão e Operacionalização da Política Educacional;2700;Operação e Manutenção da Educação;10;Operação e Manutenção da Educação -  Ensino Fundamental;1;0;15768542;1064251.56;507237.46;271925.44;1064251.56;507237.46;271925.44
AEQ;EIXO: ACESSO À EDUCAÇÃO DE QUALIDADE;EDU;SUB-EIXO: EDUCAÇÃO;EX;EX;12;Educação;361;Ensino Fundamental;140;Gestão e Operacionalização da Política Educacional;2700;Operação e Manutenção da Educação;16;Fórum Mineiro de Educação Integrada;1;0;350000;0;0;0;0;0;0
AEQ;EIXO: ACESSO À EDUCAÇÃO DE QUALIDADE;EDU;SUB-EIXO: EDUCAÇÃO;EX;EX;12;Educação;361;Ensino Fundamental;140;Gestão e Operacionalização da Política Educacional;2885;Transporte Escolar;1;Transporte Escolar;1;0;8570737;3675549.63;2176311.94;1444314.74;3675549.63;2176311.94;1444314.74
AEQ;EIXO: ACESSO À EDUCAÇÃO DE QUALIDADE;EDU;SUB-EIXO: EDUCAÇÃO;EX;EX;12;Educação;361;Ensino Fundamental;140;Gestão e Operacionalização da Política Educacional;2886;Gestão da Melhoria da Qualidade da Educação;11;Ações Intersetoriais da Educação;1;0;25000;0;0;0;0;0;0
AEQ;EIXO: ACESSO À EDUCAÇÃO DE QUALIDADE;EDU;SUB-EIXO: EDUCAÇÃO;EX;EX;12;Educação;361;Ensino Fundamental;140;Gestão e Operacionalização da Política Educacional;2886;Gestão da Melhoria da Qualidade da Educação;13;Eventos Curriculares;1;0;1006715;0;0;0;0;0;0
AEQ;EIXO: ACESSO À EDUCAÇÃO DE QUALIDADE;EDU;SUB-EIXO: EDUCAÇÃO;EX;EX;12;Educação;361;Ensino Fundamental;206;Expansão da Escola Integrada ;1211;Construção, Ampliação e Reforma de Unidades de Ensino;4;Construção, Ampliação e Reforma de Unidades de Ensino;1;0;99690502;1004374.46;977045.31;977045.31;1004374.46;977045.31;977045.31
AEQ;EIXO: ACESSO À EDUCAÇÃO DE QUALIDADE;EDU;SUB-EIXO: EDUCAÇÃO;EX;EX;12;Educação;361;Ensino Fundamental;206;Expansão da Escola Integrada ;2702;Gestão do Programa Escola Integrada;2;Atendimento do Programa Escola Integrada;1;0;124865348;8000;0;0;8000;0;0
AEQ;EIXO: ACESSO À EDUCAÇÃO DE QUALIDADE;EDU;SUB-EIXO: EDUCAÇÃO;EX;EX;12;Educação;361;Ensino Fundamental;206;Expansão da Escola Integrada ;2702;Gestão do Programa Escola Integrada;4;Manutenção de Convênios com Instituições - Ensino Fundamental;1;0;8987160;1810763.87;1652389.68;1175040;1810763.87;1652389.68;1175040
AEQ;EIXO: ACESSO À EDUCAÇÃO DE QUALIDADE;EDU;SUB-EIXO: EDUCAÇÃO;EX;EX;12;Educação;361;Ensino Fundamental;206;Expansão da Escola Integrada ;2702;Gestão do Programa Escola Integrada;5;Programa Escola Aberta - Ampliação do Atendimento ;1;0;7527798;0;0;0;0;0;0
AEQ;EIXO: ACESSO À EDUCAÇÃO DE QUALIDADE;EDU;SUB-EIXO: EDUCAÇÃO;EX;EX;12;Educação;361;Ensino Fundamental;206;Expansão da Escola Integrada ;2702;Gestão do Programa Escola Integrada;6;Programa Escola nas Férias;1;0;2610828;0;0;0;0;0;0
AEQ;EIXO: ACESSO À EDUCAÇÃO DE QUALIDADE;EDU;SUB-EIXO: EDUCAÇÃO;EX;EX;12;Educação;361;Ensino Fundamental;206;Expansão da Escola Integrada ;2702;Gestão do Programa Escola Integrada;7;Consolidação e Ampliação de Parcerias;1;0;4796495;0;0;0;0;0;0
AEQ;EIXO: ACESSO À EDUCAÇÃO DE QUALIDADE;EDU;SUB-EIXO: EDUCAÇÃO;EX;EX;12;Educação;361;Ensino Fundamental;206;Expansão da Escola Integrada ;2702;Gestão do Programa Escola Integrada;12;Projeto BH para Crianças;1;0;1877736;453962.28;453962.28;161307.94;453962.28;453962.28;161307.94
AEQ;EIXO: ACESSO À EDUCAÇÃO DE QUALIDADE;EDU;SUB-EIXO: EDUCAÇÃO;EX;EX;12;Educação;361;Ensino Fundamental;206;Expansão da Escola Integrada ;2702;Gestão do Programa Escola Integrada;14;Disponibilização de Vagas para o Ensino de Música em Escolas de Música;1;0;3100000;1005421;0;0;1005421;0;0
AEQ;EIXO: ACESSO À EDUCAÇÃO DE QUALIDADE;EDU;SUB-EIXO: EDUCAÇÃO;EX;EX;12;Educação;361;Ensino Fundamental;206;Expansão da Escola Integrada ;2702;Gestão do Programa Escola Integrada;16;Coordenação de rede Física de Ensino Fundamental;1;0;21000;0;0;0;0;0;0
AEQ;EIXO: ACESSO À EDUCAÇÃO DE QUALIDADE;EDU;SUB-EIXO: EDUCAÇÃO;EX;EX;12;Educação;361;Ensino Fundamental;206;Expansão da Escola Integrada ;2707;Aquisição e Instalação de Equipamentos;1;Aquisição e Instalação de Equipamentos;1;0;22417974;0;0;0;0;0;0
AEQ;EIXO: ACESSO À EDUCAÇÃO DE QUALIDADE;EDU;SUB-EIXO: EDUCAÇÃO;EX;EX;12;Educação;361;Ensino Fundamental;206;Expansão da Escola Integrada ;2858;Expansão de Unidades Municipais de Educação - Parceria Público-Privada;2;Expansão de Unidades Municipais de Ensino Fundamental - Parceria Público-Privada;1;0;33729792;15320000;0;0;15320000;0;0
AEQ;EIXO: ACESSO À EDUCAÇÃO DE QUALIDADE;EDU;SUB-EIXO: EDUCAÇÃO;EX;EX;12;Educação;361;Ensino Fundamental;207;Melhoria da Qualidade da Educação;2041;Formação para Profissionais da Educação;3;Formação dos Professores do Ensino Fundamental em Cursos/Oficinas Específicas para Alfabetização e Matemática;1;0;3650000;263750.92;233750.92;233750.92;263750.92;233750.92;233750.92
AEQ;EIXO: ACESSO À EDUCAÇÃO DE QUALIDADE;EDU;SUB-EIXO: EDUCAÇÃO;EX;EX;12;Educação;361;Ensino Fundamental;207;Melhoria da Qualidade da Educação;2705;Mobilização da Comunidade Escolar;1;Formação e Mobilização da Comunidade Escolar;1;0;316000;5000;0;0;5000;0;0
AEQ;EIXO: ACESSO À EDUCAÇÃO DE QUALIDADE;EDU;SUB-EIXO: EDUCAÇÃO;EX;EX;12;Educação;361;Ensino Fundamental;207;Melhoria da Qualidade da Educação;2705;Mobilização da Comunidade Escolar;2;Realização do Fórum Família Escola;1;0;100000;0;0;0;0;0;0
AEQ;EIXO: ACESSO À EDUCAÇÃO DE QUALIDADE;EDU;SUB-EIXO: EDUCAÇÃO;EX;EX;12;Educação;361;Ensino Fundamental;207;Melhoria da Qualidade da Educação;2705;Mobilização da Comunidade Escolar;4;Publicação de Jornal Família Escola do Ensino Fundamental;1;0;120000;0;0;0;0;0;0
AEQ;EIXO: ACESSO À EDUCAÇÃO DE QUALIDADE;EDU;SUB-EIXO: EDUCAÇÃO;EX;EX;12;Educação;361;Ensino Fundamental;207;Melhoria da Qualidade da Educação;2706;Melhoria da Aprendizagem e Avaliação de Desempenho Escolar;3;Avaliação de Aprendizagem dos Alunos - Avalia BH e Avalia EJA;1;0;5000000;0;0;0;0;0;0
AEQ;EIXO: ACESSO À EDUCAÇÃO DE QUALIDADE;EDU;SUB-EIXO: EDUCAÇÃO;EX;EX;12;Educação;361;Ensino Fundamental;207;Melhoria da Qualidade da Educação;2706;Melhoria da Aprendizagem e Avaliação de Desempenho Escolar;5;Realização de Concursos e Prêmios;1;0;50000;0;0;0;0;0;0
AEQ;EIXO: ACESSO À EDUCAÇÃO DE QUALIDADE;EDU;SUB-EIXO: EDUCAÇÃO;EX;EX;12;Educação;361;Ensino Fundamental;207;Melhoria da Qualidade da Educação;2886;Gestão da Melhoria da Qualidade da Educação;1;Projeto Trajetórias Adolescentes;1;0;200000;0;0;0;0;0;0
AEQ;EIXO: ACESSO À EDUCAÇÃO DE QUALIDADE;EDU;SUB-EIXO: EDUCAÇÃO;EX;EX;12;Educação;361;Ensino Fundamental;207;Melhoria da Qualidade da Educação;2886;Gestão da Melhoria da Qualidade da Educação;3;Elaboração do Plano Municipal de Educação;1;0;27700;0;0;0;0;0;0
AEQ;EIXO: ACESSO À EDUCAÇÃO DE QUALIDADE;EDU;SUB-EIXO: EDUCAÇÃO;EX;EX;12;Educação;361;Ensino Fundamental;207;Melhoria da Qualidade da Educação;2886;Gestão da Melhoria da Qualidade da Educação;4;Implantação do Observatório do Clima Escolar;1;0;190000;0;0;0;0;0;0
AEQ;EIXO: ACESSO À EDUCAÇÃO DE QUALIDADE;EDU;SUB-EIXO: EDUCAÇÃO;EX;EX;12;Educação;361;Ensino Fundamental;207;Melhoria da Qualidade da Educação;2886;Gestão da Melhoria da Qualidade da Educação;5;Implementação da Política de Alfabetização;1;0;285180;0;0;0;0;0;0
AEQ;EIXO: ACESSO À EDUCAÇÃO DE QUALIDADE;EDU;SUB-EIXO: EDUCAÇÃO;EX;EX;12;Educação;361;Ensino Fundamental;207;Melhoria da Qualidade da Educação;2886;Gestão da Melhoria da Qualidade da Educação;8;"Publicação da Revista ""Pensar Educação""";1;0;216000;0;0;0;0;0;0
AEQ;EIXO: ACESSO À EDUCAÇÃO DE QUALIDADE;EDU;SUB-EIXO: EDUCAÇÃO;EX;EX;12;Educação;361;Ensino Fundamental;207;Melhoria da Qualidade da Educação;2886;Gestão da Melhoria da Qualidade da Educação;10;Cidades Educadoras;1;0;32000;0;0;0;0;0;0
AEQ;EIXO: ACESSO À EDUCAÇÃO DE QUALIDADE;EDU;SUB-EIXO: EDUCAÇÃO;EX;EX;12;Educação;361;Ensino Fundamental;207;Melhoria da Qualidade da Educação;2886;Gestão da Melhoria da Qualidade da Educação;14;Realização da Mostra Literatura Afro-Brasileira;1;0;300000;0;0;0;0;0;0
AEQ;EIXO: ACESSO À EDUCAÇÃO DE QUALIDADE;EDU;SUB-EIXO: EDUCAÇÃO;EX;EX;12;Educação;361;Ensino Fundamental;233;Manutenção da Cidade;1211;Construção, Ampliação e Reforma de Unidades de Ensino;1;Construção, Ampliação e Reforma de Unidades de Ensino;1;0;0;36086.65;36086.65;36086.65;36086.65;36086.65;36086.65
AEQ;EIXO: ACESSO À EDUCAÇÃO DE QUALIDADE;EDU;SUB-EIXO: EDUCAÇÃO;EX;EX;12;Educação;361;Ensino Fundamental;233;Manutenção da Cidade;1211;Construção, Ampliação e Reforma de Unidades de Ensino;3;Construção, Ampliação e Reforma de Unidades de Ensino;1;0;10474000;1682963.7;1007062.42;1007062.42;1682963.7;1007062.42;1007062.42
AEQ;EIXO: ACESSO À EDUCAÇÃO DE QUALIDADE;EDU;SUB-EIXO: EDUCAÇÃO;EX;EX;12;Educação;361;Ensino Fundamental;236;Direito de Todos ;2041;Formação para Profissionais da Educação;6;Qualificar Professores em História Indígena e Afro-brasileira;1;0;40000;0;0;0;0;0;0
AEQ;EIXO: ACESSO À EDUCAÇÃO DE QUALIDADE;EDU;SUB-EIXO: EDUCAÇÃO;EX;EX;12;Educação;361;Ensino Fundamental;236;Direito de Todos ;2041;Formação para Profissionais da Educação;8;Formação de professores no projeto Educação para a Diversidade;1;0;12100;0;0;0;0;0;0
AEQ;EIXO: ACESSO À EDUCAÇÃO DE QUALIDADE;EDU;SUB-EIXO: EDUCAÇÃO;EX;EX;12;Educação;361;Ensino Fundamental;236;Direito de Todos ;2386;Programa Municipal de Igualdade Racial;1;Atividades do Grupo de Promoção de Igualdade Racial na SMED;1;0;36600;0;0;0;0;0;0
AEQ;EIXO: ACESSO À EDUCAÇÃO DE QUALIDADE;EDU;SUB-EIXO: EDUCAÇÃO;EX;EX;12;Educação;361;Ensino Fundamental;237;Qualificação, Profissionalização e Emprego;2404;Ações de Qualificação, Profissionalização e Emprego;13;Disponibilização de Vagas para o Programa Municipal de Qualificação - EDUCAÇÃO;1;0;4014557;0;0;0;0;0;0
AEQ;EIXO: ACESSO À EDUCAÇÃO DE QUALIDADE;EDU;SUB-EIXO: EDUCAÇÃO;EX;EX;12;Educação;361;Ensino Fundamental;237;Qualificação, Profissionalização e Emprego;2702;Gestão do Programa Escola Integrada;10;Formação de Educadores do Programa;1;0;50000;0;0;0;0;0;0
AEQ;EIXO: ACESSO À EDUCAÇÃO DE QUALIDADE;EDU;SUB-EIXO: EDUCAÇÃO;EX;EX;12;Educação;361;Ensino Fundamental;241;Recomeço;2886;Gestão da Melhoria da Qualidade da Educação;6;Publicação de Material de Prevenção ao Uso de Drogas;1;0;100000;0;0;0;0;0;0
AEQ;EIXO: ACESSO À EDUCAÇÃO DE QUALIDADE;EDU;SUB-EIXO: EDUCAÇÃO;EX;EX;12;Educação;361;Ensino Fundamental;242;Prevenção da Violência;2881;Ações de Prevenção à Violência;16;Plano Municipal de Segurança Escolar Implantado;1;0;20000;0;0;0;0;0;0
AEQ;EIXO: ACESSO À EDUCAÇÃO DE QUALIDADE;EDU;SUB-EIXO: EDUCAÇÃO;EX;EX;12;Educação;362;Ensino Médio;140;Gestão e Operacionalização da Política Educacional;2150;Administração do Ensino Médio;1;Administração do Ensino Médio;1;0;429000;162000;37245.14;37245.14;162000;37245.14;37245.14
AEQ;EIXO: ACESSO À EDUCAÇÃO DE QUALIDADE;EDU;SUB-EIXO: EDUCAÇÃO;EX;EX;12;Educação;365;Educação Infantil;140;Gestão e Operacionalização da Política Educacional;2041;Formação para Profissionais da Educação;2;Formação de Professores da Educação Infantil;1;0;215000;0;0;0;0;0;0
AEQ;EIXO: ACESSO À EDUCAÇÃO DE QUALIDADE;EDU;SUB-EIXO: EDUCAÇÃO;EX;EX;12;Educação;365;Educação Infantil;140;Gestão e Operacionalização da Política Educacional;2046;Gestão Descentralizada da Educação;1;Assistência ao Educando, Conservação de Unidades Escolares da Educação Infantil;1;0;10074841;0;0;0;0;0;0
AEQ;EIXO: ACESSO À EDUCAÇÃO DE QUALIDADE;EDU;SUB-EIXO: EDUCAÇÃO;EX;EX;12;Educação;365;Educação Infantil;140;Gestão e Operacionalização da Política Educacional;2046;Gestão Descentralizada da Educação;12;Contratação de Apoio Administrativo - Educação Infantil;1;0;28781281;3655793;502596;0;3655793;502596;0
AEQ;EIXO: ACESSO À EDUCAÇÃO DE QUALIDADE;EDU;SUB-EIXO: EDUCAÇÃO;EX;EX;12;Educação;365;Educação Infantil;140;Gestão e Operacionalização da Política Educacional;2542;Administração da Educação Infantil;1;Administração da Educação Infantil;1;0;112408040;30437089.41;29563591.81;24846977.87;30437089.41;29563591.81;24846977.87
AEQ;EIXO: ACESSO À EDUCAÇÃO DE QUALIDADE;EDU;SUB-EIXO: EDUCAÇÃO;EX;EX;12;Educação;365;Educação Infantil;140;Gestão e Operacionalização da Política Educacional;2542;Administração da Educação Infantil;2;Atendimento ampliado em horário integral para crianças de quatro a cinco anos na rede própria;1;0;4000000;0;0;0;0;0;0
AEQ;EIXO: ACESSO À EDUCAÇÃO DE QUALIDADE;EDU;SUB-EIXO: EDUCAÇÃO;EX;EX;12;Educação;365;Educação Infantil;140;Gestão e Operacionalização da Política Educacional;2700;Operação e Manutenção da Educação;1;Fornecimento de Kits Escolares - Educação Infantil;1;0;12159462;1517890;875280;2880;1517890;875280;2880
AEQ;EIXO: ACESSO À EDUCAÇÃO DE QUALIDADE;EDU;SUB-EIXO: EDUCAÇÃO;EX;EX;12;Educação;365;Educação Infantil;140;Gestão e Operacionalização da Política Educacional;2700;Operação e Manutenção da Educação;8;Operação e Manutenção da Educação - Educação Infantil;1;0;7368225;332466.93;69941.95;9656.53;332466.93;69941.95;9656.53
AEQ;EIXO: ACESSO À EDUCAÇÃO DE QUALIDADE;EDU;SUB-EIXO: EDUCAÇÃO;EX;EX;12;Educação;365;Educação Infantil;140;Gestão e Operacionalização da Política Educacional;2888;Conveniamento com Instituições de Educação Infantil;2;Gestão de Convênio com Instituições de Educação Infantil;1;0;70962630;34770896;21993111;17011352;34770896;21993111;17011352
AEQ;EIXO: ACESSO À EDUCAÇÃO DE QUALIDADE;EDU;SUB-EIXO: EDUCAÇÃO;EX;EX;12;Educação;365;Educação Infantil;205;Expansão da Educação Infantil ;1211;Construção, Ampliação e Reforma de Unidades de Ensino;1;Construção, Ampliação e Reforma de Unidades de Ensino;1;0;62097831;3205221.36;2818636.89;2740153.03;3205221.36;2818636.89;2740153.03
AEQ;EIXO: ACESSO À EDUCAÇÃO DE QUALIDADE;EDU;SUB-EIXO: EDUCAÇÃO;EX;EX;12;Educação;365;Educação Infantil;205;Expansão da Educação Infantil ;2707;Aquisição e Instalação de Equipamentos;1;Aquisição e Instalação de Equipamentos;1;0;12061294;0;0;0;0;0;0
AEQ;EIXO: ACESSO À EDUCAÇÃO DE QUALIDADE;EDU;SUB-EIXO: EDUCAÇÃO;EX;EX;12;Educação;365;Educação Infantil;205;Expansão da Educação Infantil ;2858;Expansão de Unidades Municipais de Educação - Parceria Público-Privada;1;Expansão de Unidades Municipais de Educação Infantil - Parceria Público-Privada;1;0;82472208;30992252.2;4297943.28;3569194.16;30992252.2;4297943.28;3569194.16
AEQ;EIXO: ACESSO À EDUCAÇÃO DE QUALIDADE;EDU;SUB-EIXO: EDUCAÇÃO;EX;EX;12;Educação;365;Educação Infantil;205;Expansão da Educação Infantil ;2888;Conveniamento com Instituições de Educação Infantil;1;Reforma/ Aquisição de Equipamentos de Creches da Rede Conveniada;1;0;2250000;0;0;0;0;0;0
AEQ;EIXO: ACESSO À EDUCAÇÃO DE QUALIDADE;EDU;SUB-EIXO: EDUCAÇÃO;EX;EX;12;Educação;365;Educação Infantil;207;Melhoria da Qualidade da Educação;2705;Mobilização da Comunidade Escolar;3;Publicação de Jornal Família Escola da Educação Infantil;1;0;33000;0;0;0;0;0;0
AEQ;EIXO: ACESSO À EDUCAÇÃO DE QUALIDADE;EDU;SUB-EIXO: EDUCAÇÃO;EX;EX;12;Educação;365;Educação Infantil;236;Direito de Todos ;2386;Programa Municipal de Igualdade Racial;2;Fornecimento de Kits de Literatura Afro-Brasileira - Educação Infantil;1;0;400000;0;0;0;0;0;0
AEQ;EIXO: ACESSO À EDUCAÇÃO DE QUALIDADE;EDU;SUB-EIXO: EDUCAÇÃO;EX;EX;12;Educação;366;Educação de Jovens e Adultos;140;Gestão e Operacionalização da Política Educacional;2041;Formação para Profissionais da Educação;4;Formação de Professores da Educação de Jovens e Adultos;1;0;85000;0;0;0;0;0;0
AEQ;EIXO: ACESSO À EDUCAÇÃO DE QUALIDADE;EDU;SUB-EIXO: EDUCAÇÃO;EX;EX;12;Educação;366;Educação de Jovens e Adultos;140;Gestão e Operacionalização da Política Educacional;2046;Gestão Descentralizada da Educação;3;Assistência ao Educando, Conservação de Unidades Escolares - Educação de Jovens e Adultos;1;0;1403823;0;0;0;0;0;0
AEQ;EIXO: ACESSO À EDUCAÇÃO DE QUALIDADE;EDU;SUB-EIXO: EDUCAÇÃO;EX;EX;12;Educação;366;Educação de Jovens e Adultos;140;Gestão e Operacionalização da Política Educacional;2080;Administração do Ensino Fundamental;1;Administração do Ensino Fundamental;1;0;57156519;9827004.47;9825773;8222282.39;9827004.47;9825773;8222282.39
AEQ;EIXO: ACESSO À EDUCAÇÃO DE QUALIDADE;EDU;SUB-EIXO: EDUCAÇÃO;EX;EX;12;Educação;366;Educação de Jovens e Adultos;140;Gestão e Operacionalização da Política Educacional;2700;Operação e Manutenção da Educação;3;Fornecimento de Kits Escolares - EJA;1;0;1015366;737101.91;33510;1080;737101.91;33510;1080
AEQ;EIXO: ACESSO À EDUCAÇÃO DE QUALIDADE;EDU;SUB-EIXO: EDUCAÇÃO;EX;EX;12;Educação;366;Educação de Jovens e Adultos;140;Gestão e Operacionalização da Política Educacional;2700;Operação e Manutenção da Educação;9;Operação e Manutenção da Educação - Educação de Jovens e Adultos;1;0;1649621;98518.63;13180.76;3801.6;98518.63;13180.76;3801.6
AEQ;EIXO: ACESSO À EDUCAÇÃO DE QUALIDADE;EDU;SUB-EIXO: EDUCAÇÃO;EX;EX;12;Educação;366;Educação de Jovens e Adultos;140;Gestão e Operacionalização da Política Educacional;2700;Operação e Manutenção da Educação;11;Manutenção do Programa Brasil Alfabetizado;1;0;39000;0;0;0;0;0;0
AEQ;EIXO: ACESSO À EDUCAÇÃO DE QUALIDADE;EDU;SUB-EIXO: EDUCAÇÃO;EX;EX;12;Educação;366;Educação de Jovens e Adultos;140;Gestão e Operacionalização da Política Educacional;2700;Operação e Manutenção da Educação;13;Manutenção do PROJOVEM;1;0;1285200;25000;5979.6;0;25000;5979.6;0
AEQ;EIXO: ACESSO À EDUCAÇÃO DE QUALIDADE;EDU;SUB-EIXO: EDUCAÇÃO;EX;EX;12;Educação;366;Educação de Jovens e Adultos;207;Melhoria da Qualidade da Educação;2706;Melhoria da Aprendizagem e Avaliação de Desempenho Escolar;3;Avaliação de Aprendizagem dos Alunos - Avalia BH e Avalia EJA;1;0;650000;127070.35;0;0;127070.35;0;0
AEQ;EIXO: ACESSO À EDUCAÇÃO DE QUALIDADE;EDU;SUB-EIXO: EDUCAÇÃO;EX;EX;12;Educação;367;Educação Especial;140;Gestão e Operacionalização da Política Educacional;2700;Operação e Manutenção da Educação;10;Operação e Manutenção da Educação -  Ensino Fundamental;1;0;720000;0;0;0;0;0;0
AEQ;EIXO: ACESSO À EDUCAÇÃO DE QUALIDADE;EDU;SUB-EIXO: EDUCAÇÃO;EX;EX;12;Educação;367;Educação Especial;140;Gestão e Operacionalização da Política Educacional;2701;Apoio a inclusão de alunos com deficiência no cotidiano escolar;1;Atendimento Educacional Especializado na Rede Privada;1;0;650000;167689.35;60566.28;0;167689.35;60566.28;0
AEQ;EIXO: ACESSO À EDUCAÇÃO DE QUALIDADE;EDU;SUB-EIXO: EDUCAÇÃO;EX;EX;12;Educação;367;Educação Especial;207;Melhoria da Qualidade da Educação;2701;Apoio a inclusão de alunos com deficiência no cotidiano escolar;4;Formação de Professores de Educação Especial;1;0;640000;0;0;0;0;0;0
AEQ;EIXO: ACESSO À EDUCAÇÃO DE QUALIDADE;EDU;SUB-EIXO: EDUCAÇÃO;EX;EX;12;Educação;367;Educação Especial;207;Melhoria da Qualidade da Educação;2885;Transporte Escolar;2;Transporte Acessível;1;0;5285040;1430892.54;1430892.54;969668.14;1430892.54;1430892.54;969668.14
AEQ;EIXO: ACESSO À EDUCAÇÃO DE QUALIDADE;EDU;SUB-EIXO: EDUCAÇÃO;EX;EX;12;Educação;367;Educação Especial;207;Melhoria da Qualidade da Educação;2886;Gestão da Melhoria da Qualidade da Educação;9;Ampliação de Alunos no Atendimento Educacional Especializado - AEE;1;0;46000;0;0;0;0;0;0
AEQ;EIXO: ACESSO À EDUCAÇÃO DE QUALIDADE;EDU;SUB-EIXO: EDUCAÇÃO;NEX;NEX;18;Gestão Ambiental;541;Preservação e Conservação Ambiental;69;Gestão da Política Ambiental;2564;Operacionalização das Políticas Ambientais;2;Gestão da Política de Educação Ambiental;0.25;0;2798196;799050.9;799050.9;606365.0075;799050.9;799050.9;606365.0075
AEQ;EIXO: ACESSO À EDUCAÇÃO DE QUALIDADE;EDU;SUB-EIXO: EDUCAÇÃO;NEX;NEX;18;Gestão Ambiental;541;Preservação e Conservação Ambiental;69;Gestão da Política Ambiental;2564;Operacionalização das Políticas Ambientais;4;Reestruturação dos Centros Regionais de Educação Ambiental - CEAs;0.25;0;8135;0;0;0;0;0;0
AEQ;EIXO: ACESSO À EDUCAÇÃO DE QUALIDADE;EDU;SUB-EIXO: EDUCAÇÃO;NEX;NEX;18;Gestão Ambiental;541;Preservação e Conservação Ambiental;69;Gestão da Política Ambiental;2564;Operacionalização das Políticas Ambientais;8;Educação Ambiental - Programa Pampulha;0.25;0;1250;0;0;0;0;0;0
AEQ;EIXO: ACESSO À EDUCAÇÃO DE QUALIDADE;EDU;SUB-EIXO: EDUCAÇÃO;NEX;NEX;18;Gestão Ambiental;541;Preservação e Conservação Ambiental;69;Gestão da Política Ambiental;2564;Operacionalização das Políticas Ambientais;9;Gestão Operacional do Centro de Educação Ambiental - CEA/PROPAN;0.25;0;57004;12480;6232.355;4620.7175;12480;6232.355;4620.7175
AEQ;EIXO: ACESSO À EDUCAÇÃO DE QUALIDADE;EDU;SUB-EIXO: EDUCAÇÃO;NEX;NEX;18;Gestão Ambiental;541;Preservação e Conservação Ambiental;72;Planejamento, Monitoramento e Gerenciamento dos Parques e Necrópoles;2817;Educação Ambiental e Promoção de Eventos;1;Realização de Atividades de Educação Ambiental e Eventos;0.25;0;40259;504;504;504;504;504;504
AEQ;EIXO: ACESSO À EDUCAÇÃO DE QUALIDADE;EDU;SUB-EIXO: EDUCAÇÃO;NEX;NEX;18;Gestão Ambiental;541;Preservação e Conservação Ambiental;72;Planejamento, Monitoramento e Gerenciamento dos Parques e Necrópoles;2817;Educação Ambiental e Promoção de Eventos;2;Desenvolvimento de Material Educativo e de Comunicação;0.25;0;59250;0;0;0;0;0;0
AEQ;EIXO: ACESSO À EDUCAÇÃO DE QUALIDADE;EDU;SUB-EIXO: EDUCAÇÃO;NEX;NEX;20;Agricultura;601;Promoção da Produção Vegetal;132;Gestão da Política Municipal de Segurança Alimentar e Nutricional;2121;Fomento e Gerenciamento da Comercialização Direta da Agricultura Urbana e Familiar;7;Hortas Escolares e Comunitárias;0.85;0;9350;0;0;0;0;0;0
AEQ;EIXO: ACESSO À EDUCAÇÃO DE QUALIDADE;EDU;SUB-EIXO: EDUCAÇÃO;NEX;NEX;20;Agricultura;601;Promoção da Produção Vegetal;236;Direito de Todos ;2331;Centro de Referência em Segurança Alimentar e Nutricional Sustentável;9;Oficinas de Plantio em Espaços Alternativos;0.25;0;500;0;0;0;0;0;0
PDI;EIXO: PROMOÇÃO DE DIREITOS E PROTEÇÃO INTEGRAL;ASS;SUB-EIXO: ASSISTÊNCIA SOCIAL;NEX;NEX;4;Administração;122;Administração Geral;123;Gestão da Política Social;1345;Sistema de Informação para Gestão das Políticas Sociais - SIGPS;1;Implantação do Sistema de Informação e Gestão das Políticas Sociais- SIGPS;0.25;0;279300;0;0;0;0;0;0
PDI;EIXO: PROMOÇÃO DE DIREITOS E PROTEÇÃO INTEGRAL;ASS;SUB-EIXO: ASSISTÊNCIA SOCIAL;NEX;NEX;4;Administração;122;Administração Geral;123;Gestão da Política Social;1345;Sistema de Informação para Gestão das Políticas Sociais - SIGPS;2;Evolução do Sistema de Informação e Gestão de Políticas Sociais - SIGPS;0.25;0;24110;0;0;0;0;0;0
PDI;EIXO: PROMOÇÃO DE DIREITOS E PROTEÇÃO INTEGRAL;ASS;SUB-EIXO: ASSISTÊNCIA SOCIAL;NEX;NEX;4;Administração;122;Administração Geral;123;Gestão da Política Social;2304;Gerenciamento da Farmácia Popular do Brasil;2;Execução do Programa Farmácia Popular;0.25;0;185000;7782.78;3053.1275;2219.085;7782.78;3053.1275;2219.085
PDI;EIXO: PROMOÇÃO DE DIREITOS E PROTEÇÃO INTEGRAL;ASS;SUB-EIXO: ASSISTÊNCIA SOCIAL;NEX;NEX;4;Administração;122;Administração Geral;123;Gestão da Política Social;2334;Gestão Compartilhada e Participação Social;1;Coordenação e Participação em Fóruns Governamentais e GTs;0.25;0;27000;0;0;0;0;0;0
PDI;EIXO: PROMOÇÃO DE DIREITOS E PROTEÇÃO INTEGRAL;ASS;SUB-EIXO: ASSISTÊNCIA SOCIAL;NEX;NEX;4;Administração;122;Administração Geral;123;Gestão da Política Social;2334;Gestão Compartilhada e Participação Social;2;Apoio aos Conselhos Municipais;0.25;0;12000;50;0;0;50;0;0
PDI;EIXO: PROMOÇÃO DE DIREITOS E PROTEÇÃO INTEGRAL;ASS;SUB-EIXO: ASSISTÊNCIA SOCIAL;NEX;NEX;4;Administração;122;Administração Geral;123;Gestão da Política Social;2334;Gestão Compartilhada e Participação Social;3;Realização de Conferências;0.25;0;62500;0;0;0;0;0;0
PDI;EIXO: PROMOÇÃO DE DIREITOS E PROTEÇÃO INTEGRAL;ASS;SUB-EIXO: ASSISTÊNCIA SOCIAL;NEX;NEX;4;Administração;122;Administração Geral;123;Gestão da Política Social;2787;Planejamento e Monitoramento e Divulgação da Política Social;1;Produção de Estudos Técnicos e Diagnósticos Espaciais;0.25;0;89135;0;0;0;0;0;0
PDI;EIXO: PROMOÇÃO DE DIREITOS E PROTEÇÃO INTEGRAL;ASS;SUB-EIXO: ASSISTÊNCIA SOCIAL;NEX;NEX;4;Administração;122;Administração Geral;123;Gestão da Política Social;2787;Planejamento e Monitoramento e Divulgação da Política Social;2;Realização de Publicações Diversas e Produção de Material Informativo;0.25;0;123083;0;0;0;0;0;0
PDI;EIXO: PROMOÇÃO DE DIREITOS E PROTEÇÃO INTEGRAL;ASS;SUB-EIXO: ASSISTÊNCIA SOCIAL;NEX;NEX;4;Administração;122;Administração Geral;123;Gestão da Política Social;2787;Planejamento e Monitoramento e Divulgação da Política Social;3;Articulação para Gestão Integrada e Intersetorial das Políticas Sociais - Câmara Intersetorial de Políticas Sociais;0.25;0;750;0;0;0;0;0;0
PDI;EIXO: PROMOÇÃO DE DIREITOS E PROTEÇÃO INTEGRAL;ASS;SUB-EIXO: ASSISTÊNCIA SOCIAL;NEX;NEX;4;Administração;122;Administração Geral;123;Gestão da Política Social;2900;Serviços Administrativos e Financeiros;1;Serviços Administrativos e Financeiros ;0.25;0;1414388;483489.1575;356809.575;264103.2775;483489.1575;356809.575;264103.2775
PDI;EIXO: PROMOÇÃO DE DIREITOS E PROTEÇÃO INTEGRAL;ASS;SUB-EIXO: ASSISTÊNCIA SOCIAL;NEX;NEX;8;Assistência Social;122;Administração Geral;234;BH Cidadania  e o SUAS - Sistema Único de Assistência Social ;1353;Implantação dos Espaços BH Cidadania;1;Núcleos BH Cidadania Implantados;0.25;0;189731;0;0;0;0;0;0
PDI;EIXO: PROMOÇÃO DE DIREITOS E PROTEÇÃO INTEGRAL;ASS;SUB-EIXO: ASSISTÊNCIA SOCIAL;EX;EX;8;Assistência Social;243;Assistência à Criança e ao Adolescente;19;Proteção Social Básica;2401;Serviço de Convivência e Fortalecimento de Vínculos;2;Serviços para Crianças até 6 Anos;1;0;839993;409996.86;204998.43;184591.32;409996.86;204998.43;184591.32
PDI;EIXO: PROMOÇÃO DE DIREITOS E PROTEÇÃO INTEGRAL;ASS;SUB-EIXO: ASSISTÊNCIA SOCIAL;EX;EX;8;Assistência Social;243;Assistência à Criança e ao Adolescente;19;Proteção Social Básica;2401;Serviço de Convivência e Fortalecimento de Vínculos;3;Serviços para Crianças e Adolescentes de 6 a 15 Anos;1;0;1538850;572261.44;296139.1;168948.26;572261.44;296139.1;168948.26
PDI;EIXO: PROMOÇÃO DE DIREITOS E PROTEÇÃO INTEGRAL;ASS;SUB-EIXO: ASSISTÊNCIA SOCIAL;EX;EX;8;Assistência Social;243;Assistência à Criança e ao Adolescente;19;Proteção Social Básica;2401;Serviço de Convivência e Fortalecimento de Vínculos;4;Serviços para Adolescentes e Jovens de 15 a 17 Anos;1;0;1839629;919814.58;745972.15;331475.01;919814.58;745972.15;331475.01
PDI;EIXO: PROMOÇÃO DE DIREITOS E PROTEÇÃO INTEGRAL;ASS;SUB-EIXO: ASSISTÊNCIA SOCIAL;EX;EX;8;Assistência Social;243;Assistência à Criança e ao Adolescente;20;Proteção Social Especial;2403;Serviço de Proteção Social Especial de Alta Complexidade;3;Acolhimento Institucional para Criança e Adolescente;1;0;13780390;5911783.26;3684199.2;3272550.03;5911783.26;3684199.2;3272550.03
PDI;EIXO: PROMOÇÃO DE DIREITOS E PROTEÇÃO INTEGRAL;ASS;SUB-EIXO: ASSISTÊNCIA SOCIAL;EX;EX;8;Assistência Social;243;Assistência à Criança e ao Adolescente;20;Proteção Social Especial;2403;Serviço de Proteção Social Especial de Alta Complexidade;4;Acolhimento em Centros de Passagem para Criança e Adolescente;1;0;1818974;848944.44;367962.96;358472.22;848944.44;367962.96;358472.22
PDI;EIXO: PROMOÇÃO DE DIREITOS E PROTEÇÃO INTEGRAL;ASS;SUB-EIXO: ASSISTÊNCIA SOCIAL;EX;EX;8;Assistência Social;243;Assistência à Criança e ao Adolescente;163;Promoção e Proteção às Crianças e Adolescentes e suas Famílias ;2334;Gestão Compartilhada e Participação Social;3;Realização de Conferências;1;0;200000;0;0;0;0;0;0
PDI;EIXO: PROMOÇÃO DE DIREITOS E PROTEÇÃO INTEGRAL;ASS;SUB-EIXO: ASSISTÊNCIA SOCIAL;EX;EX;8;Assistência Social;243;Assistência à Criança e ao Adolescente;163;Promoção e Proteção às Crianças e Adolescentes e suas Famílias ;2859; Ações para a Promoção e Proteção dos Direitos da Criança, Adolescentes e suas Famílias;1;Apoio aos Conselhos Tutelares;1;0;4679543;1568052.3;1397129.08;1050948.99;1568052.3;1397129.08;1050948.99
PDI;EIXO: PROMOÇÃO DE DIREITOS E PROTEÇÃO INTEGRAL;ASS;SUB-EIXO: ASSISTÊNCIA SOCIAL;EX;EX;8;Assistência Social;243;Assistência à Criança e ao Adolescente;163;Promoção e Proteção às Crianças e Adolescentes e suas Famílias ;2859; Ações para a Promoção e Proteção dos Direitos da Criança, Adolescentes e suas Famílias;2;Orientação e Apoio Sociofamiliar;1;0;1030000;255012.8;255012.8;255012.8;255012.8;255012.8;255012.8
PDI;EIXO: PROMOÇÃO DE DIREITOS E PROTEÇÃO INTEGRAL;ASS;SUB-EIXO: ASSISTÊNCIA SOCIAL;EX;EX;8;Assistência Social;243;Assistência à Criança e ao Adolescente;163;Promoção e Proteção às Crianças e Adolescentes e suas Famílias ;2859; Ações para a Promoção e Proteção dos Direitos da Criança, Adolescentes e suas Famílias;3;Apoio Socioeducativo em Meio Aberto;1;0;2530000;42476;42476;42476;42476;42476;42476
PDI;EIXO: PROMOÇÃO DE DIREITOS E PROTEÇÃO INTEGRAL;ASS;SUB-EIXO: ASSISTÊNCIA SOCIAL;EX;EX;8;Assistência Social;243;Assistência à Criança e ao Adolescente;163;Promoção e Proteção às Crianças e Adolescentes e suas Famílias ;2859; Ações para a Promoção e Proteção dos Direitos da Criança, Adolescentes e suas Famílias;4;Acolhimento Familiar;1;0;1430000;0;0;0;0;0;0
PDI;EIXO: PROMOÇÃO DE DIREITOS E PROTEÇÃO INTEGRAL;ASS;SUB-EIXO: ASSISTÊNCIA SOCIAL;EX;EX;8;Assistência Social;243;Assistência à Criança e ao Adolescente;163;Promoção e Proteção às Crianças e Adolescentes e suas Famílias ;2859; Ações para a Promoção e Proteção dos Direitos da Criança, Adolescentes e suas Famílias;5;Acolhimento Institucional;1;0;930000;90000;90000;60000;90000;90000;60000
PDI;EIXO: PROMOÇÃO DE DIREITOS E PROTEÇÃO INTEGRAL;ASS;SUB-EIXO: ASSISTÊNCIA SOCIAL;EX;EX;8;Assistência Social;243;Assistência à Criança e ao Adolescente;163;Promoção e Proteção às Crianças e Adolescentes e suas Famílias ;2859; Ações para a Promoção e Proteção dos Direitos da Criança, Adolescentes e suas Famílias;6;Medidas Socioeducativas - Liberdade Assistida;1;0;367500;0;0;0;0;0;0
PDI;EIXO: PROMOÇÃO DE DIREITOS E PROTEÇÃO INTEGRAL;ASS;SUB-EIXO: ASSISTÊNCIA SOCIAL;EX;EX;8;Assistência Social;243;Assistência à Criança e ao Adolescente;163;Promoção e Proteção às Crianças e Adolescentes e suas Famílias ;2859; Ações para a Promoção e Proteção dos Direitos da Criança, Adolescentes e suas Famílias;7;Medidas Socioeducativas - Semiliberdade;1;0;367500;0;0;0;0;0;0
PDI;EIXO: PROMOÇÃO DE DIREITOS E PROTEÇÃO INTEGRAL;ASS;SUB-EIXO: ASSISTÊNCIA SOCIAL;EX;EX;8;Assistência Social;243;Assistência à Criança e ao Adolescente;163;Promoção e Proteção às Crianças e Adolescentes e suas Famílias ;2859; Ações para a Promoção e Proteção dos Direitos da Criança, Adolescentes e suas Famílias;8;Medidas Socioeducativas - Internação;1;0;367500;0;0;0;0;0;0
PDI;EIXO: PROMOÇÃO DE DIREITOS E PROTEÇÃO INTEGRAL;ASS;SUB-EIXO: ASSISTÊNCIA SOCIAL;EX;EX;8;Assistência Social;243;Assistência à Criança e ao Adolescente;163;Promoção e Proteção às Crianças e Adolescentes e suas Famílias ;2859; Ações para a Promoção e Proteção dos Direitos da Criança, Adolescentes e suas Famílias;9;Medidas Socioeducativas - Prestação de Serviços à Comunidade;1;0;367500;0;0;0;0;0;0
PDI;EIXO: PROMOÇÃO DE DIREITOS E PROTEÇÃO INTEGRAL;ASS;SUB-EIXO: ASSISTÊNCIA SOCIAL;EX;EX;8;Assistência Social;243;Assistência à Criança e ao Adolescente;163;Promoção e Proteção às Crianças e Adolescentes e suas Famílias ;2859; Ações para a Promoção e Proteção dos Direitos da Criança, Adolescentes e suas Famílias;10;Implantação do Centro Integrado de Proteção à Criança e ao Adolescente;1;0;2000;0;0;0;0;0;0
PDI;EIXO: PROMOÇÃO DE DIREITOS E PROTEÇÃO INTEGRAL;ASS;SUB-EIXO: ASSISTÊNCIA SOCIAL;EX;EX;8;Assistência Social;243;Assistência à Criança e ao Adolescente;163;Promoção e Proteção às Crianças e Adolescentes e suas Famílias ;2859; Ações para a Promoção e Proteção dos Direitos da Criança, Adolescentes e suas Famílias;11;Apoio às Ações Voltadas para a Crianças e Adolescente na Ocasião de Megaeventos;1;0;209000;0;0;0;0;0;0
PDI;EIXO: PROMOÇÃO DE DIREITOS E PROTEÇÃO INTEGRAL;ASS;SUB-EIXO: ASSISTÊNCIA SOCIAL;EX;EX;8;Assistência Social;243;Assistência à Criança e ao Adolescente;163;Promoção e Proteção às Crianças e Adolescentes e suas Famílias ;2860;Ações para o Fortalecimento das Diretrizes do Estatuto da Criança e do Adolescente;1;Assessoria Técnica/Financeira;1;0;500000;0;0;0;0;0;0
PDI;EIXO: PROMOÇÃO DE DIREITOS E PROTEÇÃO INTEGRAL;ASS;SUB-EIXO: ASSISTÊNCIA SOCIAL;EX;EX;8;Assistência Social;243;Assistência à Criança e ao Adolescente;163;Promoção e Proteção às Crianças e Adolescentes e suas Famílias ;2860;Ações para o Fortalecimento das Diretrizes do Estatuto da Criança e do Adolescente;2;Vigilância e Defesa de Direitos;1;0;1680000;0;0;0;0;0;0
PDI;EIXO: PROMOÇÃO DE DIREITOS E PROTEÇÃO INTEGRAL;ASS;SUB-EIXO: ASSISTÊNCIA SOCIAL;EX;EX;8;Assistência Social;243;Assistência à Criança e ao Adolescente;163;Promoção e Proteção às Crianças e Adolescentes e suas Famílias ;2860;Ações para o Fortalecimento das Diretrizes do Estatuto da Criança e do Adolescente;3;Capacitação e Formatação de Atores de Atendimento e Defesa do Sistema de Garantia de Direitos;1;0;930000;0;0;0;0;0;0
PDI;EIXO: PROMOÇÃO DE DIREITOS E PROTEÇÃO INTEGRAL;ASS;SUB-EIXO: ASSISTÊNCIA SOCIAL;EX;EX;8;Assistência Social;243;Assistência à Criança e ao Adolescente;163;Promoção e Proteção às Crianças e Adolescentes e suas Famílias ;2860;Ações para o Fortalecimento das Diretrizes do Estatuto da Criança e do Adolescente;4;Publicações Diversas;1;0;100000;0;0;0;0;0;0
PDI;EIXO: PROMOÇÃO DE DIREITOS E PROTEÇÃO INTEGRAL;ASS;SUB-EIXO: ASSISTÊNCIA SOCIAL;EX;EX;8;Assistência Social;243;Assistência à Criança e ao Adolescente;163;Promoção e Proteção às Crianças e Adolescentes e suas Famílias ;2860;Ações para o Fortalecimento das Diretrizes do Estatuto da Criança e do Adolescente;5;Realização de campanhas na sociedade em prol da garantia de direitos das crianças e adolescentes;1;0;200000;0;0;0;0;0;0
PDI;EIXO: PROMOÇÃO DE DIREITOS E PROTEÇÃO INTEGRAL;ASS;SUB-EIXO: ASSISTÊNCIA SOCIAL;EX;EX;8;Assistência Social;243;Assistência à Criança e ao Adolescente;163;Promoção e Proteção às Crianças e Adolescentes e suas Famílias ;2884;Programa Ações Integradas e Referenciais de Enfrentamento à Violação Infanto Juvenil - PAIR;1;Capacitação da Rede de Atenção à Criança e ao Adolescente, Sociedade Civil, Fóruns e Afins;1;0;50000;0;0;0;0;0;0
PDI;EIXO: PROMOÇÃO DE DIREITOS E PROTEÇÃO INTEGRAL;ASS;SUB-EIXO: ASSISTÊNCIA SOCIAL;EX;EX;8;Assistência Social;243;Assistência à Criança e ao Adolescente;163;Promoção e Proteção às Crianças e Adolescentes e suas Famílias ;2884;Programa Ações Integradas e Referenciais de Enfrentamento à Violação Infanto Juvenil - PAIR;2;Implantação da Metodologia de Análise da Situação Voltada para o Abuso e Exploração Sexual de Crianças e Adolescentes;1;0;100000;0;0;0;0;0;0
PDI;EIXO: PROMOÇÃO DE DIREITOS E PROTEÇÃO INTEGRAL;ASS;SUB-EIXO: ASSISTÊNCIA SOCIAL;EX;EX;8;Assistência Social;243;Assistência à Criança e ao Adolescente;163;Promoção e Proteção às Crianças e Adolescentes e suas Famílias ;2884;Programa Ações Integradas e Referenciais de Enfrentamento à Violação Infanto Juvenil - PAIR;3;Realização de Eventos e Campanhas para Mobilização Social e Informação;1;0;375000;0;0;0;0;0;0
PDI;EIXO: PROMOÇÃO DE DIREITOS E PROTEÇÃO INTEGRAL;ASS;SUB-EIXO: ASSISTÊNCIA SOCIAL;EX;EX;8;Assistência Social;243;Assistência à Criança e ao Adolescente;219;Copa 2014 e Olimpíadas 2016;2884;Programa Ações Integradas e Referenciais de Enfrentamento à Violação Infanto Juvenil - PAIR;4;Capacitação da Rede de Turismo, Segurança Pública e Transporte Público para a Prevenção da Exploração Sexual para a Copa 2014;1;0;250000;0;0;0;0;0;0
PDI;EIXO: PROMOÇÃO DE DIREITOS E PROTEÇÃO INTEGRAL;ASS;SUB-EIXO: ASSISTÊNCIA SOCIAL;EX;EX;8;Assistência Social;243;Assistência à Criança e ao Adolescente;219;Copa 2014 e Olimpíadas 2016;2884;Programa Ações Integradas e Referenciais de Enfrentamento à Violação Infanto Juvenil - PAIR;5;Realização de Campanhas para Mobilização da Rede de Turismo;1;0;200000;0;0;0;0;0;0
PDI;EIXO: PROMOÇÃO DE DIREITOS E PROTEÇÃO INTEGRAL;ASS;SUB-EIXO: ASSISTÊNCIA SOCIAL;EX;EX;8;Assistência Social;243;Assistência à Criança e ao Adolescente;237;Qualificação, Profissionalização e Emprego;2647;Inserção Social e Produtiva;2;Programa de Promoção ao Adolescente Trabalhador;1;0;4578364;1439730;0;0;1439730;0;0
PDI;EIXO: PROMOÇÃO DE DIREITOS E PROTEÇÃO INTEGRAL;ASS;SUB-EIXO: ASSISTÊNCIA SOCIAL;NEX;NEX;8;Assistência Social;244;Assistência Comunitária;19;Proteção Social Básica;1220;Construção, Ampliação e Reforma de Unidades de Assistência Social;1;Construção, Ampliação e Reforma de Unidades de Assistência Social;0.25;0;1562500;0;0;0;0;0;0
PDI;EIXO: PROMOÇÃO DE DIREITOS E PROTEÇÃO INTEGRAL;ASS;SUB-EIXO: ASSISTÊNCIA SOCIAL;EX;EX;8;Assistência Social;244;Assistência Comunitária;19;Proteção Social Básica;2308;Serviço de Proteção e Atendimento Integral à Família ;2;Serviço de Proteção e Atendimento Integral à Família;1;0;23878502;3870929.53;2305290.79;1765578.19;3870929.53;2305290.79;1765578.19
PDI;EIXO: PROMOÇÃO DE DIREITOS E PROTEÇÃO INTEGRAL;ASS;SUB-EIXO: ASSISTÊNCIA SOCIAL;NEX;NEX;8;Assistência Social;244;Assistência Comunitária;19;Proteção Social Básica;2405;Serviços, Benefícios e Transferência de Renda;1;Inserção, Acompanhamento das Famílias Beneficiárias dos Programa de Transferência de Renda e Benefícios Eventuais - Base Regional;0.25;0;3336541;6823.5;3463.5575;96.925;6823.5;3463.5575;96.925
PDI;EIXO: PROMOÇÃO DE DIREITOS E PROTEÇÃO INTEGRAL;ASS;SUB-EIXO: ASSISTÊNCIA SOCIAL;NEX;NEX;8;Assistência Social;244;Assistência Comunitária;19;Proteção Social Básica;2405;Serviços, Benefícios e Transferência de Renda;2;Concessão de Benefícios Eventuais;0.25;0;1180936;107666.235;68165.1225;40732.51;107666.235;68165.1225;40732.51
PDI;EIXO: PROMOÇÃO DE DIREITOS E PROTEÇÃO INTEGRAL;ASS;SUB-EIXO: ASSISTÊNCIA SOCIAL;NEX;NEX;8;Assistência Social;244;Assistência Comunitária;19;Proteção Social Básica;2405;Serviços, Benefícios e Transferência de Renda;3;Inserção, Acompanhamento das Famílias Beneficiárias dos Programa de Transferência de Renda e Benefícios Eventuais ;0.25;0;1018001;76194.1675;24882.0725;15283.21;76194.1675;24882.0725;15283.21
PDI;EIXO: PROMOÇÃO DE DIREITOS E PROTEÇÃO INTEGRAL;ASS;SUB-EIXO: ASSISTÊNCIA SOCIAL;NEX;NEX;8;Assistência Social;244;Assistência Comunitária;19;Proteção Social Básica;2833;Ações de Assessoramento e de Defesa de Direitos;1;Ações de Assessoramento e de Defesa de Direitos;0.25;0;433001;216500.625;180417.1875;108250.3125;216500.625;180417.1875;108250.3125
PDI;EIXO: PROMOÇÃO DE DIREITOS E PROTEÇÃO INTEGRAL;ASS;SUB-EIXO: ASSISTÊNCIA SOCIAL;NEX;NEX;8;Assistência Social;244;Assistência Comunitária;19;Proteção Social Básica;2879;Serviço de Proteção Social Básica em Domicílio para Pessoas com Deficiência e Idosas;1;Proteção Social à Pessoa com Deficiência;0.25;0;286129;142939.86;95293.24;71469.93;142939.86;95293.24;71469.93
PDI;EIXO: PROMOÇÃO DE DIREITOS E PROTEÇÃO INTEGRAL;ASS;SUB-EIXO: ASSISTÊNCIA SOCIAL;NEX;NEX;8;Assistência Social;244;Assistência Comunitária;20;Proteção Social Especial;2403;Serviço de Proteção Social Especial de Alta Complexidade;2;Acolhimento Institucional e Unidade de Passagem para Adultos e Famílias;0.25;0;266479;114736.765;74537.5875;60922.7625;114736.765;74537.5875;60922.7625
PDI;EIXO: PROMOÇÃO DE DIREITOS E PROTEÇÃO INTEGRAL;ASS;SUB-EIXO: ASSISTÊNCIA SOCIAL;NEX;NEX;8;Assistência Social;244;Assistência Comunitária;20;Proteção Social Especial;2403;Serviço de Proteção Social Especial de Alta Complexidade;5;Acolhimento Institucional para Famílias;0.25;0;346944;116696.045;91400.535;58200.8325;116696.045;91400.535;58200.8325
PDI;EIXO: PROMOÇÃO DE DIREITOS E PROTEÇÃO INTEGRAL;ASS;SUB-EIXO: ASSISTÊNCIA SOCIAL;NEX;NEX;8;Assistência Social;244;Assistência Comunitária;20;Proteção Social Especial;2403;Serviço de Proteção Social Especial de Alta Complexidade;6;Acolhimento Institucional em Unidade de Passagem para População de Rua;0.25;0;701033;324110.595;270092.1625;128305.045;324110.595;270092.1625;128305.045
PDI;EIXO: PROMOÇÃO DE DIREITOS E PROTEÇÃO INTEGRAL;ASS;SUB-EIXO: ASSISTÊNCIA SOCIAL;NEX;NEX;8;Assistência Social;244;Assistência Comunitária;20;Proteção Social Especial;2403;Serviço de Proteção Social Especial de Alta Complexidade;8;Serviço de Apoio e Reintegração Familiar;0.25;0;86208;40857.255;27238.17;20428.6275;40857.255;27238.17;20428.6275
PDI;EIXO: PROMOÇÃO DE DIREITOS E PROTEÇÃO INTEGRAL;ASS;SUB-EIXO: ASSISTÊNCIA SOCIAL;NEX;NEX;8;Assistência Social;244;Assistência Comunitária;20;Proteção Social Especial;2403;Serviço de Proteção Social Especial de Alta Complexidade;10;Serviço para Situação de Emergência;0.25;0;250;0;0;0;0;0;0
PDI;EIXO: PROMOÇÃO DE DIREITOS E PROTEÇÃO INTEGRAL;ASS;SUB-EIXO: ASSISTÊNCIA SOCIAL;EX;EX;8;Assistência Social;244;Assistência Comunitária;20;Proteção Social Especial;2403;Serviço de Proteção Social Especial de Alta Complexidade;11;Central de Vagas;1;0;202541;95990.82;79992.35;47995.41;95990.82;79992.35;47995.41
PDI;EIXO: PROMOÇÃO DE DIREITOS E PROTEÇÃO INTEGRAL;ASS;SUB-EIXO: ASSISTÊNCIA SOCIAL;NEX;NEX;8;Assistência Social;244;Assistência Comunitária;20;Proteção Social Especial;2403;Serviço de Proteção Social Especial de Alta Complexidade;13;Acolhimento Institucional ao Migrante;0.25;0;368686;8250;2220.88;836.0225;8250;2220.88;836.0225
PDI;EIXO: PROMOÇÃO DE DIREITOS E PROTEÇÃO INTEGRAL;ASS;SUB-EIXO: ASSISTÊNCIA SOCIAL;NEX;NEX;8;Assistência Social;244;Assistência Comunitária;20;Proteção Social Especial;2403;Serviço de Proteção Social Especial de Alta Complexidade;14;Serviço de Acolhimento em Repúblicas para Jovens;0.85;0;475184;0;0;0;0;0;0
PDI;EIXO: PROMOÇÃO DE DIREITOS E PROTEÇÃO INTEGRAL;ASS;SUB-EIXO: ASSISTÊNCIA SOCIAL;EX;EX;8;Assistência Social;244;Assistência Comunitária;20;Proteção Social Especial;2409;Centros de Referência;2;Centro de Referência Especializado para População de Rua / Miguilim;1;0;449775;11634.5;11491.83;11491.83;11634.5;11491.83;11491.83
PDI;EIXO: PROMOÇÃO DE DIREITOS E PROTEÇÃO INTEGRAL;ASS;SUB-EIXO: ASSISTÊNCIA SOCIAL;EX;EX;8;Assistência Social;244;Assistência Comunitária;20;Proteção Social Especial;2410;Apoio e Assessoria aos Serviços de Proteção Social de Média Complexidade;3;Atendimento Psicossocial a Crianças, Adolescentes e Familiares;1;0;210335;0;0;0;0;0;0
PDI;EIXO: PROMOÇÃO DE DIREITOS E PROTEÇÃO INTEGRAL;ASS;SUB-EIXO: ASSISTÊNCIA SOCIAL;EX;EX;8;Assistência Social;244;Assistência Comunitária;20;Proteção Social Especial;2410;Apoio e Assessoria aos Serviços de Proteção Social de Média Complexidade;4;Atendimento à Agressores Intrafamiliares de Crianças e Adolescentes;1;0;211335;0;0;0;0;0;0
PDI;EIXO: PROMOÇÃO DE DIREITOS E PROTEÇÃO INTEGRAL;ASS;SUB-EIXO: ASSISTÊNCIA SOCIAL;NEX;NEX;8;Assistência Social;244;Assistência Comunitária;20;Proteção Social Especial;2833;Ações de Assessoramento e de Defesa de Direitos;1;Ações de Assessoramento e de Defesa de Direitos;0.25;0;169052;8748;5796;4374;8748;5796;4374
PDI;EIXO: PROMOÇÃO DE DIREITOS E PROTEÇÃO INTEGRAL;ASS;SUB-EIXO: ASSISTÊNCIA SOCIAL;NEX;NEX;8;Assistência Social;244;Assistência Comunitária;20;Proteção Social Especial;2878;Serviço de Proteção Especial de Média Complexidade;1;Serviço de Proteção e Atendimento Especializado às Famílias e Indivíduos - PAEFI/CREAS;0.5;0;7477629;178645.53;76436.815;56934.04;178645.53;76436.815;56934.04
PDI;EIXO: PROMOÇÃO DE DIREITOS E PROTEÇÃO INTEGRAL;ASS;SUB-EIXO: ASSISTÊNCIA SOCIAL;NEX;NEX;8;Assistência Social;244;Assistência Comunitária;20;Proteção Social Especial;2878;Serviço de Proteção Especial de Média Complexidade;2;Acompanhamento Sócio Familiar / Bolsa Moradia;0.5;0;54630;11732.72;3898.19;1893.605;11732.72;3898.19;1893.605
PDI;EIXO: PROMOÇÃO DE DIREITOS E PROTEÇÃO INTEGRAL;ASS;SUB-EIXO: ASSISTÊNCIA SOCIAL;EX;EX;8;Assistência Social;244;Assistência Comunitária;20;Proteção Social Especial;2878;Serviço de Proteção Especial de Média Complexidade;3;Serviço de Proteção aos Adolescentes em Cumprimento de Medidas Socioeducativas - LA/CREAS;1;0;600214;0;0;0;0;0;0
PDI;EIXO: PROMOÇÃO DE DIREITOS E PROTEÇÃO INTEGRAL;ASS;SUB-EIXO: ASSISTÊNCIA SOCIAL;EX;EX;8;Assistência Social;244;Assistência Comunitária;20;Proteção Social Especial;2878;Serviço de Proteção Especial de Média Complexidade;4;Serviço de Proteção aos Adolescentes em Cumprimento de Medidas Socioeducativas - PSC/CREAS;1;0;885820;0;0;0;0;0;0
PDI;EIXO: PROMOÇÃO DE DIREITOS E PROTEÇÃO INTEGRAL;ASS;SUB-EIXO: ASSISTÊNCIA SOCIAL;EX;EX;8;Assistência Social;244;Assistência Comunitária;20;Proteção Social Especial;2878;Serviço de Proteção Especial de Média Complexidade;5;Serviço de Proteção aos Adolescentes em Cumprimento de Medidas Socioeducativas - NAMSEP;1;0;348360;0;0;0;0;0;0
PDI;EIXO: PROMOÇÃO DE DIREITOS E PROTEÇÃO INTEGRAL;ASS;SUB-EIXO: ASSISTÊNCIA SOCIAL;EX;EX;8;Assistência Social;244;Assistência Comunitária;20;Proteção Social Especial;2878;Serviço de Proteção Especial de Média Complexidade;8;Combate ao Trabalho Infantil;1;0;113260;23568.26;7899.2;4003.73;23568.26;7899.2;4003.73
PDI;EIXO: PROMOÇÃO DE DIREITOS E PROTEÇÃO INTEGRAL;ASS;SUB-EIXO: ASSISTÊNCIA SOCIAL;NEX;NEX;8;Assistência Social;244;Assistência Comunitária;113;Gestão da Política de Assistência Social;2334;Gestão Compartilhada e Participação Social;2;Apoio aos Conselhos Municipais;0.25;0;28580;6385.3925;2263.735;1048.8675;6385.3925;2263.735;1048.8675
PDI;EIXO: PROMOÇÃO DE DIREITOS E PROTEÇÃO INTEGRAL;ASS;SUB-EIXO: ASSISTÊNCIA SOCIAL;NEX;NEX;8;Assistência Social;244;Assistência Comunitária;113;Gestão da Política de Assistência Social;2348;Gestão, Comunicação e Mobilização Social;1;Gestão do Trabalho;0.25;0;63625;3416;1999;1999;3416;1999;1999
PDI;EIXO: PROMOÇÃO DE DIREITOS E PROTEÇÃO INTEGRAL;ASS;SUB-EIXO: ASSISTÊNCIA SOCIAL;NEX;NEX;8;Assistência Social;244;Assistência Comunitária;113;Gestão da Política de Assistência Social;2348;Gestão, Comunicação e Mobilização Social;2;Produção de Informativos e Peças Publicitárias;0.25;0;39000;32.5;32.5;32.5;32.5;32.5;32.5
PDI;EIXO: PROMOÇÃO DE DIREITOS E PROTEÇÃO INTEGRAL;ASS;SUB-EIXO: ASSISTÊNCIA SOCIAL;NEX;NEX;8;Assistência Social;244;Assistência Comunitária;113;Gestão da Política de Assistência Social;2348;Gestão, Comunicação e Mobilização Social;3;Produção de Eventos;0.25;0;53250;0;0;0;0;0;0
PDI;EIXO: PROMOÇÃO DE DIREITOS E PROTEÇÃO INTEGRAL;ASS;SUB-EIXO: ASSISTÊNCIA SOCIAL;NEX;NEX;8;Assistência Social;244;Assistência Comunitária;113;Gestão da Política de Assistência Social;2348;Gestão, Comunicação e Mobilização Social;4;Regulação e Regulamentação;0.25;0;33750;0;0;0;0;0;0
PDI;EIXO: PROMOÇÃO DE DIREITOS E PROTEÇÃO INTEGRAL;ASS;SUB-EIXO: ASSISTÊNCIA SOCIAL;NEX;NEX;8;Assistência Social;244;Assistência Comunitária;113;Gestão da Política de Assistência Social;2348;Gestão, Comunicação e Mobilização Social;5;Mobilização Social;0.25;0;12550;0;0;0;0;0;0
PDI;EIXO: PROMOÇÃO DE DIREITOS E PROTEÇÃO INTEGRAL;ASS;SUB-EIXO: ASSISTÊNCIA SOCIAL;NEX;NEX;8;Assistência Social;244;Assistência Comunitária;113;Gestão da Política de Assistência Social;2348;Gestão, Comunicação e Mobilização Social;6;Capacitação de Profissionais de Entidades Socioassistenciais;0.25;0;145500;0;0;0;0;0;0
PDI;EIXO: PROMOÇÃO DE DIREITOS E PROTEÇÃO INTEGRAL;ASS;SUB-EIXO: ASSISTÊNCIA SOCIAL;EX;EX;8;Assistência Social;244;Assistência Comunitária;113;Gestão da Política de Assistência Social;2348;Gestão, Comunicação e Mobilização Social;7;Capacitação de Funcionários com Atuação nas Unidades Interligadas de Registro Civil em Maternidades de BH;1;0;20000;0;0;0;0;0;0
PDI;EIXO: PROMOÇÃO DE DIREITOS E PROTEÇÃO INTEGRAL;ASS;SUB-EIXO: ASSISTÊNCIA SOCIAL;NEX;NEX;8;Assistência Social;244;Assistência Comunitária;113;Gestão da Política de Assistência Social;2350;Vigilância Socioassistencial;1;Sistema de Indicadores;0.25;0;20000;0;0;0;0;0;0
PDI;EIXO: PROMOÇÃO DE DIREITOS E PROTEÇÃO INTEGRAL;ASS;SUB-EIXO: ASSISTÊNCIA SOCIAL;NEX;NEX;8;Assistência Social;244;Assistência Comunitária;113;Gestão da Política de Assistência Social;2350;Vigilância Socioassistencial;2;Estudos Territoriais e Geoprocessamento;0.25;0;5750;0;0;0;0;0;0
PDI;EIXO: PROMOÇÃO DE DIREITOS E PROTEÇÃO INTEGRAL;ASS;SUB-EIXO: ASSISTÊNCIA SOCIAL;NEX;NEX;8;Assistência Social;244;Assistência Comunitária;113;Gestão da Política de Assistência Social;2350;Vigilância Socioassistencial;3;Diagnóstico;0.25;0;3000;0;0;0;0;0;0
PDI;EIXO: PROMOÇÃO DE DIREITOS E PROTEÇÃO INTEGRAL;ASS;SUB-EIXO: ASSISTÊNCIA SOCIAL;NEX;NEX;8;Assistência Social;244;Assistência Comunitária;113;Gestão da Política de Assistência Social;2350;Vigilância Socioassistencial;4;Monitoramento e Acompanhamento;0.25;0;10000;0;0;0;0;0;0
PDI;EIXO: PROMOÇÃO DE DIREITOS E PROTEÇÃO INTEGRAL;ASS;SUB-EIXO: ASSISTÊNCIA SOCIAL;NEX;NEX;8;Assistência Social;244;Assistência Comunitária;113;Gestão da Política de Assistência Social;2351;Serviço de Informação e Informatização;1;Serviço Interno de Informação;0.25;0;35000;0;0;0;0;0;0
PDI;EIXO: PROMOÇÃO DE DIREITOS E PROTEÇÃO INTEGRAL;ASS;SUB-EIXO: ASSISTÊNCIA SOCIAL;NEX;NEX;8;Assistência Social;244;Assistência Comunitária;120;Transferência de Renda;2797;Coordenação das Ações de Transferência de Renda -  Programa Bolsa Família;1;Ações Intersetoriais de Acompanhamento Sociofamiliar do Programa Bolsa Família;0.25;0;755592;178688.9225;178688.9225;135037.8875;178688.9225;178688.9225;135037.8875
PDI;EIXO: PROMOÇÃO DE DIREITOS E PROTEÇÃO INTEGRAL;ASS;SUB-EIXO: ASSISTÊNCIA SOCIAL;NEX;NEX;8;Assistência Social;244;Assistência Comunitária;234;BH Cidadania  e o SUAS - Sistema Único de Assistência Social ;1220;Construção, Ampliação e Reforma de Unidades de Assistência Social;1;Construção, Ampliação e Reforma de Unidades de Assistência Social;0.25;0;2263108;35756.7125;35756.71;35756.71;35756.7125;35756.71;35756.71
PDI;EIXO: PROMOÇÃO DE DIREITOS E PROTEÇÃO INTEGRAL;ASS;SUB-EIXO: ASSISTÊNCIA SOCIAL;NEX;NEX;8;Assistência Social;244;Assistência Comunitária;234;BH Cidadania  e o SUAS - Sistema Único de Assistência Social ;1220;Construção, Ampliação e Reforma de Unidades de Assistência Social;2;Construção e/ou Reforma de Espaços BH Cidadania;0.25;0;2692421;87432.26;59264.4325;59264.4325;87432.26;59264.4325;59264.4325
PDI;EIXO: PROMOÇÃO DE DIREITOS E PROTEÇÃO INTEGRAL;ASS;SUB-EIXO: ASSISTÊNCIA SOCIAL;NEX;NEX;8;Assistência Social;244;Assistência Comunitária;234;BH Cidadania  e o SUAS - Sistema Único de Assistência Social ;2403;Serviço de Proteção Social Especial de Alta Complexidade;1;Acolhimento Institucional para Pessoa com Deficiência;0.25;0;333415;52650;36720;35100;52650;36720;35100
PDI;EIXO: PROMOÇÃO DE DIREITOS E PROTEÇÃO INTEGRAL;ASS;SUB-EIXO: ASSISTÊNCIA SOCIAL;NEX;NEX;8;Assistência Social;244;Assistência Comunitária;234;BH Cidadania  e o SUAS - Sistema Único de Assistência Social ;2403;Serviço de Proteção Social Especial de Alta Complexidade;7;Acolhimento Institucional para Adultos em Situação de Rua e Outros Riscos;0.25;0;451778;94735.195;69584.9075;58971.9175;94735.195;69584.9075;58971.9175
PDI;EIXO: PROMOÇÃO DE DIREITOS E PROTEÇÃO INTEGRAL;ASS;SUB-EIXO: ASSISTÊNCIA SOCIAL;EX;EX;8;Assistência Social;244;Assistência Comunitária;234;BH Cidadania  e o SUAS - Sistema Único de Assistência Social ;2403;Serviço de Proteção Social Especial de Alta Complexidade;9;Acompanhamento do Serviço de Famílias Acolhedoras;1;0;370067;101580;50790;47860;101580;50790;47860
PDI;EIXO: PROMOÇÃO DE DIREITOS E PROTEÇÃO INTEGRAL;ASS;SUB-EIXO: ASSISTÊNCIA SOCIAL;NEX;NEX;8;Assistência Social;244;Assistência Comunitária;234;BH Cidadania  e o SUAS - Sistema Único de Assistência Social ;2403;Serviço de Proteção Social Especial de Alta Complexidade;12;Acolhimento Institucional para Pessoa com Deficiência - Residência Inclusiva;0.25;0;316850;144855;102570;92595;144855;102570;92595
PDI;EIXO: PROMOÇÃO DE DIREITOS E PROTEÇÃO INTEGRAL;ASS;SUB-EIXO: ASSISTÊNCIA SOCIAL;EX;EX;8;Assistência Social;244;Assistência Comunitária;234;BH Cidadania  e o SUAS - Sistema Único de Assistência Social ;2403;Serviço de Proteção Social Especial de Alta Complexidade;20;Implantação do bolsa auxílio para famílias do Serviço de Famílias Acolhedoras;1;0;162720;0;0;0;0;0;0
PDI;EIXO: PROMOÇÃO DE DIREITOS E PROTEÇÃO INTEGRAL;ASS;SUB-EIXO: ASSISTÊNCIA SOCIAL;NEX;NEX;8;Assistência Social;244;Assistência Comunitária;234;BH Cidadania  e o SUAS - Sistema Único de Assistência Social ;2409;Centros de Referência;5;Implantação de Centro Dia para Pessoa com Deficiência Dependente de Familiares e Cuidadores;0.25;0;2000;0;0;0;0;0;0
PDI;EIXO: PROMOÇÃO DE DIREITOS E PROTEÇÃO INTEGRAL;ASS;SUB-EIXO: ASSISTÊNCIA SOCIAL;NEX;NEX;8;Assistência Social;244;Assistência Comunitária;234;BH Cidadania  e o SUAS - Sistema Único de Assistência Social ;2804;Gestão dos Equipamentos e Promoção Social;1;Gestão dos Equipamentos e Promoção Social;0.25;0;329129;0;0;0;0;0;0
PDI;EIXO: PROMOÇÃO DE DIREITOS E PROTEÇÃO INTEGRAL;ASS;SUB-EIXO: ASSISTÊNCIA SOCIAL;NEX;NEX;8;Assistência Social;244;Assistência Comunitária;236;Direito de Todos ;1220;Construção, Ampliação e Reforma de Unidades de Assistência Social;3;Construção do Centro de Referência da Juventude;0.85;0;3469634;419875.741;419875.741;388464.858;419875.741;419875.741;388464.858
PDI;EIXO: PROMOÇÃO DE DIREITOS E PROTEÇÃO INTEGRAL;ASS;SUB-EIXO: ASSISTÊNCIA SOCIAL;NEX;NEX;8;Assistência Social;244;Assistência Comunitária;237;Qualificação, Profissionalização e Emprego;2404;Ações de Qualificação, Profissionalização e Emprego;1;Disponibilização de Vagas para o Programa Municipal de Qualificação, Emprego e Renda;0.25;0;1332250;319593.8625;319593.8625;215690.45;319593.8625;319593.8625;215690.45
PDI;EIXO: PROMOÇÃO DE DIREITOS E PROTEÇÃO INTEGRAL;ASS;SUB-EIXO: ASSISTÊNCIA SOCIAL;EX;EX;8;Assistência Social;244;Assistência Comunitária;241;Recomeço;2403;Serviço de Proteção Social Especial de Alta Complexidade;15;Acolhimento Institucional de Mães Usuárias de Drogas e/ou seus Filhos;1;0;494000;0;0;0;0;0;0
PDI;EIXO: PROMOÇÃO DE DIREITOS E PROTEÇÃO INTEGRAL;ASS;SUB-EIXO: ASSISTÊNCIA SOCIAL;EX;EX;8;Assistência Social;244;Assistência Comunitária;241;Recomeço;2403;Serviço de Proteção Social Especial de Alta Complexidade;19;Implantação de Unidade de Acolhimento Institucional de Mães Usuárias de Drogas e seus Filhos;1;0;106000;0;0;0;0;0;0
PDI;EIXO: PROMOÇÃO DE DIREITOS E PROTEÇÃO INTEGRAL;ASS;SUB-EIXO: ASSISTÊNCIA SOCIAL;NEX;NEX;8;Assistência Social;244;Assistência Comunitária;241;Recomeço;2878;Serviço de Proteção Especial de Média Complexidade;9;Centro de Referência Especializado de Assistência Social / CREAS Móvel;0.25;0;204173;2932.5;0;0;2932.5;0;0
PDI;EIXO: PROMOÇÃO DE DIREITOS E PROTEÇÃO INTEGRAL;ASS;SUB-EIXO: ASSISTÊNCIA SOCIAL;NEX;NEX;8;Assistência Social;244;Assistência Comunitária;241;Recomeço;2878;Serviço de Proteção Especial de Média Complexidade;10;Implantação do Centro de Referência Especializado de Assistência Social / CREAS Móvel;0.25;0;232846;0;0;0;0;0;0
PDI;EIXO: PROMOÇÃO DE DIREITOS E PROTEÇÃO INTEGRAL;ASS;SUB-EIXO: ASSISTÊNCIA SOCIAL;EX;EX;8;Assistência Social;306;Alimentação e Nutrição;132;Gestão da Política Municipal de Segurança Alimentar e Nutricional;2120;Gestão da Assistência Alimentar e Nutricional às Entidades;3;Gerenciamento da Assistência Alimentar e Nutricional às Creches Conveniadas - Educação Infantil;1;0;4132715;2259309.67;860512.68;358057.97;2259309.67;860512.68;358057.97
PDI;EIXO: PROMOÇÃO DE DIREITOS E PROTEÇÃO INTEGRAL;ASS;SUB-EIXO: ASSISTÊNCIA SOCIAL;EX;EX;8;Assistência Social;306;Alimentação e Nutrição;132;Gestão da Política Municipal de Segurança Alimentar e Nutricional;2120;Gestão da Assistência Alimentar e Nutricional às Entidades;4;Gerenciamento da Assistência Alimentar e Nutricional às Entidades Infanto Juvenis;1;0;1534947;340719.7;328630.7;96304.7;340719.7;328630.7;96304.7
PDI;EIXO: PROMOÇÃO DE DIREITOS E PROTEÇÃO INTEGRAL;ASS;SUB-EIXO: ASSISTÊNCIA SOCIAL;NEX;NEX;8;Assistência Social;452;Serviços Urbanos;236;Direito de Todos ;2856;Execução do Programa Meio Passe Estudantil;1;Concessão do Benefício para Estudantes Municipais do Ensino Médio, EJA e PROUNI;0.85;0;6307000;340000;170401.115;170401.115;340000;170401.115;170401.115
PDI;EIXO: PROMOÇÃO DE DIREITOS E PROTEÇÃO INTEGRAL;ASS;SUB-EIXO: ASSISTÊNCIA SOCIAL;EX;EX;11;Trabalho;333;Empregabilidade;236;Direito de Todos ;2331;Centro de Referência em Segurança Alimentar e Nutricional Sustentável;6;Programa Pão Escola;1;0;302600;66275.02;42115.16;26321.88;66275.02;42115.16;26321.88
PDI;EIXO: PROMOÇÃO DE DIREITOS E PROTEÇÃO INTEGRAL;ASS;SUB-EIXO: ASSISTÊNCIA SOCIAL;NEX;NEX;11;Trabalho;333;Empregabilidade;237;Qualificação, Profissionalização e Emprego;2404;Ações de Qualificação, Profissionalização e Emprego;1;Disponibilização de Vagas para o Programa Municipal de Qualificação, Emprego e Renda;0.25;0;133120;16711.0875;3325.0875;3325.0875;16711.0875;3325.0875;3325.0875
PDI;EIXO: PROMOÇÃO DE DIREITOS E PROTEÇÃO INTEGRAL;ASS;SUB-EIXO: ASSISTÊNCIA SOCIAL;NEX;NEX;11;Trabalho;333;Empregabilidade;237;Qualificação, Profissionalização e Emprego;2404;Ações de Qualificação, Profissionalização e Emprego;2;Requalificação do Centro de Qualificação e Profissionalização em Produção em Alimentação;0.25;0;40747;0;0;0;0;0;0
PDI;EIXO: PROMOÇÃO DE DIREITOS E PROTEÇÃO INTEGRAL;ASS;SUB-EIXO: ASSISTÊNCIA SOCIAL;NEX;NEX;11;Trabalho;334;Fomento ao Trabalho;237;Qualificação, Profissionalização e Emprego;2404;Ações de Qualificação, Profissionalização e Emprego;1;Disponibilização de Vagas para o Programa Municipal de Qualificação, Emprego e Renda;0.25;0;538273;41093.2525;41093.2525;41093.2525;41093.2525;41093.2525;41093.2525
PDI;EIXO: PROMOÇÃO DE DIREITOS E PROTEÇÃO INTEGRAL;ASS;SUB-EIXO: ASSISTÊNCIA SOCIAL;NEX;NEX;11;Trabalho;334;Fomento ao Trabalho;237;Qualificação, Profissionalização e Emprego;2404;Ações de Qualificação, Profissionalização e Emprego;11;Economia Solidária - Apoio aos Grupos Produtivos e Trabalhadores Autônomos;0.25;0;263214;17000.6675;16806.2475;16806.2475;17000.6675;16806.2475;16806.2475
PDI;EIXO: PROMOÇÃO DE DIREITOS E PROTEÇÃO INTEGRAL;ASS;SUB-EIXO: ASSISTÊNCIA SOCIAL;NEX;NEX;11;Trabalho;334;Fomento ao Trabalho;237;Qualificação, Profissionalização e Emprego;2404;Ações de Qualificação, Profissionalização e Emprego;12;Manutenção dos Serviços de Intermediação ao Trabalho - Atendimento ao Trabalhador nos SINES;0.25;0;1407590;37581.305;37581.305;37199.02;37581.305;37581.305;37199.02
PDI;EIXO: PROMOÇÃO DE DIREITOS E PROTEÇÃO INTEGRAL;ASS;SUB-EIXO: ASSISTÊNCIA SOCIAL;NEX;NEX;14;Direitos da Cidadania;122;Administração Geral;241;Recomeço;2873;Apoio às Ações de Políticas sobre Drogas;1;Apoio as Ações de Políticas sobre Drogas;0.25;0;114625;1950;0;0;1950;0;0
PDI;EIXO: PROMOÇÃO DE DIREITOS E PROTEÇÃO INTEGRAL;ASS;SUB-EIXO: ASSISTÊNCIA SOCIAL;NEX;NEX;14;Direitos da Cidadania;122;Administração Geral;241;Recomeço;2873;Apoio às Ações de Políticas sobre Drogas;2;Implantação do Sistema de Informação Compartilhada sobre Usuários de Álcool e Outras Drogas;0.25;0;125000;0;0;0;0;0;0
PDI;EIXO: PROMOÇÃO DE DIREITOS E PROTEÇÃO INTEGRAL;ASS;SUB-EIXO: ASSISTÊNCIA SOCIAL;NEX;NEX;14;Direitos da Cidadania;122;Administração Geral;241;Recomeço;2873;Apoio às Ações de Políticas sobre Drogas;4;Elaboração do Plano Municipal de Políticas sobre Drogas;0.25;0;24722;0;0;0;0;0;0
PDI;EIXO: PROMOÇÃO DE DIREITOS E PROTEÇÃO INTEGRAL;ASS;SUB-EIXO: ASSISTÊNCIA SOCIAL;NEX;NEX;14;Direitos da Cidadania;122;Administração Geral;241;Recomeço;2873;Apoio às Ações de Políticas sobre Drogas;5;Suporte Técnico e Administrativo ao Conselho Municipal de Políticas sobre Drogas;0.25;0;23111;0;0;0;0;0;0
PDI;EIXO: PROMOÇÃO DE DIREITOS E PROTEÇÃO INTEGRAL;ASS;SUB-EIXO: ASSISTÊNCIA SOCIAL;NEX;NEX;14;Direitos da Cidadania;422;Direitos Individuais, Coletivos e Difusos;236;Direito de Todos ;2819;Apoio à Promoção das Políticas da Juventude;1;Apoio à Promoção das Políticas da Juventude;0.85;0;725510;45957.12;45458.1785;34263.058;45957.12;45458.1785;34263.058
PDI;EIXO: PROMOÇÃO DE DIREITOS E PROTEÇÃO INTEGRAL;ASS;SUB-EIXO: ASSISTÊNCIA SOCIAL;NEX;NEX;14;Direitos da Cidadania;422;Direitos Individuais, Coletivos e Difusos;236;Direito de Todos ;2819;Apoio à Promoção das Políticas da Juventude;5;Requalificação do Viaduto Santa Tereza;0.85;0;8871;0;0;0;0;0;0
PDI;EIXO: PROMOÇÃO DE DIREITOS E PROTEÇÃO INTEGRAL;ASS;SUB-EIXO: ASSISTÊNCIA SOCIAL;NEX;NEX;19;Ciência e Tecnologia;126;Tecnologia da Informação;85;Gestão da Política de Tecnologia da Informação e Comunicação;2604;Centro de Recondicionamento de Computadores;1;Manutenção dos Centros de Inclusão Digital;0.25;0;866073;123513.3875;122445.31;93240.9425;123513.3875;122445.31;93240.9425
PDI;EIXO: PROMOÇÃO DE DIREITOS E PROTEÇÃO INTEGRAL;ASS;SUB-EIXO: ASSISTÊNCIA SOCIAL;NEX;NEX;19;Ciência e Tecnologia;126;Tecnologia da Informação;85;Gestão da Política de Tecnologia da Informação e Comunicação;2604;Centro de Recondicionamento de Computadores;2;Recondicionamento de Computadores;0.25;0;37657;1525;625;0;1525;625;0
PDI;EIXO: PROMOÇÃO DE DIREITOS E PROTEÇÃO INTEGRAL;ASS;SUB-EIXO: ASSISTÊNCIA SOCIAL;NEX;NEX;19;Ciência e Tecnologia;126;Tecnologia da Informação;85;Gestão da Política de Tecnologia da Informação e Comunicação;2604;Centro de Recondicionamento de Computadores;3;Qualificação em TIC - Tecnologia da Informação e Comunicação;0.25;0;26278;0;0;0;0;0;0
PDI;EIXO: PROMOÇÃO DE DIREITOS E PROTEÇÃO INTEGRAL;ASS;SUB-EIXO: ASSISTÊNCIA SOCIAL;NEX;NEX;19;Ciência e Tecnologia;572;Desenvolvimento Tecnológico e Engenharia;85;Gestão da Política de Tecnologia da Informação e Comunicação;2602;Gerenciamento, Implantação e Atendimento de Serviços na RMI;1;Melhoria dos Processos de Suporte e Entrega a Serviços de TIC;0.25;0;1572310;858090.565;591882.1675;454924.62;858090.565;591882.1675;454924.62
PDI;EIXO: PROMOÇÃO DE DIREITOS E PROTEÇÃO INTEGRAL;ASS;SUB-EIXO: ASSISTÊNCIA SOCIAL;NEX;NEX;19;Ciência e Tecnologia;572;Desenvolvimento Tecnológico e Engenharia;85;Gestão da Política de Tecnologia da Informação e Comunicação;2602;Gerenciamento, Implantação e Atendimento de Serviços na RMI;2;Adequação do Datacenter às Demandas de Serviços de TIC da PBH;0.25;0;5810151;1461559.65;1411828.978;1067621.943;1461559.65;1411828.978;1067621.943
PDI;EIXO: PROMOÇÃO DE DIREITOS E PROTEÇÃO INTEGRAL;ASS;SUB-EIXO: ASSISTÊNCIA SOCIAL;NEX;NEX;19;Ciência e Tecnologia;572;Desenvolvimento Tecnológico e Engenharia;85;Gestão da Política de Tecnologia da Informação e Comunicação;2603;Implantação de Soluções e Modernização de Sistemas ;2;Certificação da Melhoria do Processo de Software na PBH;0.25;0;12766;5530;0;0;5530;0;0
PDI;EIXO: PROMOÇÃO DE DIREITOS E PROTEÇÃO INTEGRAL;ASS;SUB-EIXO: ASSISTÊNCIA SOCIAL;NEX;NEX;19;Ciência e Tecnologia;572;Desenvolvimento Tecnológico e Engenharia;85;Gestão da Política de Tecnologia da Informação e Comunicação;2603;Implantação de Soluções e Modernização de Sistemas ;3;Estruturação da Qualidade de Software na PBH;0.25;0;6077267;1807647.495;1721255.845;1274848.883;1807647.495;1721255.845;1274848.883
PDI;EIXO: PROMOÇÃO DE DIREITOS E PROTEÇÃO INTEGRAL;ASS;SUB-EIXO: ASSISTÊNCIA SOCIAL;NEX;NEX;19;Ciência e Tecnologia;572;Desenvolvimento Tecnológico e Engenharia;221;BH Digital;1373;Gestão do Plano Diretor de Informática;5;Internet Banda Larga Disponibilizada em Áreas de Vilas e Favelas ;0.25;0;2342750;0;0;0;0;0;0
PDI;EIXO: PROMOÇÃO DE DIREITOS E PROTEÇÃO INTEGRAL;ASS;SUB-EIXO: ASSISTÊNCIA SOCIAL;NEX;NEX;19;Ciência e Tecnologia;572;Desenvolvimento Tecnológico e Engenharia;221;BH Digital;1373;Gestão do Plano Diretor de Informática;7;"Disponibilização de Sinal de Internet em Bairros da Cidade através do Programa ""Uma Praça em cada Bairro""";0.25;0;125000;0;0;0;0;0;0
PDI;EIXO: PROMOÇÃO DE DIREITOS E PROTEÇÃO INTEGRAL;ASS;SUB-EIXO: ASSISTÊNCIA SOCIAL;NEX;NEX;19;Ciência e Tecnologia;572;Desenvolvimento Tecnológico e Engenharia;221;BH Digital;1373;Gestão do Plano Diretor de Informática;8;Implantação do Programa Saber em Primeiro Lugar - Atração de Voluntários nos Telecentros;0.25;0;25000;0;0;0;0;0;0
PDI;EIXO: PROMOÇÃO DE DIREITOS E PROTEÇÃO INTEGRAL;DCI;SUB-EIXO: DIREITOS DA CIDADANIA;NEX;NEX;14;Direitos da Cidadania;422;Direitos Individuais, Coletivos e Difusos;127;Promoção e Defesa de Direitos Humanos e Cidadania ;2334;Gestão Compartilhada e Participação Social;1;Coordenação e Participação em Fóruns Governamentais e GTs;0.25;0;2500;0;0;0;0;0;0
PDI;EIXO: PROMOÇÃO DE DIREITOS E PROTEÇÃO INTEGRAL;DCI;SUB-EIXO: DIREITOS DA CIDADANIA;NEX;NEX;14;Direitos da Cidadania;422;Direitos Individuais, Coletivos e Difusos;127;Promoção e Defesa de Direitos Humanos e Cidadania ;2334;Gestão Compartilhada e Participação Social;2;Apoio aos Conselhos Municipais;0.25;0;35000;0;0;0;0;0;0
PDI;EIXO: PROMOÇÃO DE DIREITOS E PROTEÇÃO INTEGRAL;DCI;SUB-EIXO: DIREITOS DA CIDADANIA;NEX;NEX;14;Direitos da Cidadania;422;Direitos Individuais, Coletivos e Difusos;127;Promoção e Defesa de Direitos Humanos e Cidadania ;2334;Gestão Compartilhada e Participação Social;3;Realização de Conferências;0.25;0;16750;0;0;0;0;0;0
PDI;EIXO: PROMOÇÃO DE DIREITOS E PROTEÇÃO INTEGRAL;DCI;SUB-EIXO: DIREITOS DA CIDADANIA;NEX;NEX;14;Direitos da Cidadania;422;Direitos Individuais, Coletivos e Difusos;127;Promoção e Defesa de Direitos Humanos e Cidadania ;2334;Gestão Compartilhada e Participação Social;13;Implantação do Observatório de Direitos Humanos de Belo Horizonte;0.25;0;4250;0;0;0;0;0;0
PDI;EIXO: PROMOÇÃO DE DIREITOS E PROTEÇÃO INTEGRAL;DCI;SUB-EIXO: DIREITOS DA CIDADANIA;NEX;NEX;14;Direitos da Cidadania;422;Direitos Individuais, Coletivos e Difusos;127;Promoção e Defesa de Direitos Humanos e Cidadania ;2335;Educação Política em Direitos Humanos e Cidadania;1;Sensibilização de Agentes Públicos e Sociedade Civil;0.25;0;93817;21750;7231.645;3510.28;21750;7231.645;3510.28
PDI;EIXO: PROMOÇÃO DE DIREITOS E PROTEÇÃO INTEGRAL;DCI;SUB-EIXO: DIREITOS DA CIDADANIA;NEX;NEX;14;Direitos da Cidadania;422;Direitos Individuais, Coletivos e Difusos;127;Promoção e Defesa de Direitos Humanos e Cidadania ;2335;Educação Política em Direitos Humanos e Cidadania;2;Orientação em Direitos Humanos;0.25;0;3750;1500;671.5;0;1500;671.5;0
PDI;EIXO: PROMOÇÃO DE DIREITOS E PROTEÇÃO INTEGRAL;DCI;SUB-EIXO: DIREITOS DA CIDADANIA;NEX;NEX;14;Direitos da Cidadania;422;Direitos Individuais, Coletivos e Difusos;127;Promoção e Defesa de Direitos Humanos e Cidadania ;2335;Educação Política em Direitos Humanos e Cidadania;3;Realização de Atividade de Orientação à Agentes Públicos para Melhor Atendimento ao Cidadão;0.25;0;325;0;0;0;0;0;0
PDI;EIXO: PROMOÇÃO DE DIREITOS E PROTEÇÃO INTEGRAL;DCI;SUB-EIXO: DIREITOS DA CIDADANIA;NEX;NEX;14;Direitos da Cidadania;422;Direitos Individuais, Coletivos e Difusos;127;Promoção e Defesa de Direitos Humanos e Cidadania ;2900;Serviços Administrativos e Financeiros;1;Serviços Administrativos e Financeiros ;0.25;0;1991919;608530.5025;580177.88;437623.475;608530.5025;580177.88;437623.475
PDI;EIXO: PROMOÇÃO DE DIREITOS E PROTEÇÃO INTEGRAL;DCI;SUB-EIXO: DIREITOS DA CIDADANIA;NEX;NEX;14;Direitos da Cidadania;422;Direitos Individuais, Coletivos e Difusos;236;Direito de Todos ;2333;Promoção de Ações Afirmativas dos Movimentos Sociais;8;Ações Afirmativas BH Cidadã: Sem Homofobia;0.25;0;18875;0;0;0;0;0;0
PDI;EIXO: PROMOÇÃO DE DIREITOS E PROTEÇÃO INTEGRAL;DCI;SUB-EIXO: DIREITOS DA CIDADANIA;NEX;NEX;14;Direitos da Cidadania;422;Direitos Individuais, Coletivos e Difusos;236;Direito de Todos ;2333;Promoção de Ações Afirmativas dos Movimentos Sociais;9;Instituição do Selo Promoção da Igualdade Racial;0.25;0;1250;0;0;0;0;0;0
PDI;EIXO: PROMOÇÃO DE DIREITOS E PROTEÇÃO INTEGRAL;DCI;SUB-EIXO: DIREITOS DA CIDADANIA;NEX;NEX;14;Direitos da Cidadania;422;Direitos Individuais, Coletivos e Difusos;236;Direito de Todos ;2333;Promoção de Ações Afirmativas dos Movimentos Sociais;10;Realização de Inventário e Diagnósticos na Temática da Promoção da Igualdade Racial;0.25;0;25000;0;0;0;0;0;0
PDI;EIXO: PROMOÇÃO DE DIREITOS E PROTEÇÃO INTEGRAL;DCI;SUB-EIXO: DIREITOS DA CIDADANIA;NEX;NEX;14;Direitos da Cidadania;422;Direitos Individuais, Coletivos e Difusos;236;Direito de Todos ;2345;Atendimento e Orientação Psicossocial e Jurídico ;4;Atendimento Psicológico, Psicossocial e Jurídico às Mulheres Vítimas de Violência - Benvinda em regime 24 hs;0.25;0;27313;2798.75;613.1825;613.1825;2798.75;613.1825;613.1825
PDI;EIXO: PROMOÇÃO DE DIREITOS E PROTEÇÃO INTEGRAL;DCI;SUB-EIXO: DIREITOS DA CIDADANIA;NEX;NEX;14;Direitos da Cidadania;422;Direitos Individuais, Coletivos e Difusos;236;Direito de Todos ;2345;Atendimento e Orientação Psicossocial e Jurídico ;5;Atendimento Psicossocial e Jurídico à População LGBT;0.25;0;255000;0;0;0;0;0;0
PDI;EIXO: PROMOÇÃO DE DIREITOS E PROTEÇÃO INTEGRAL;DCI;SUB-EIXO: DIREITOS DA CIDADANIA;NEX;NEX;14;Direitos da Cidadania;422;Direitos Individuais, Coletivos e Difusos;237;Qualificação, Profissionalização e Emprego;2404;Ações de Qualificação, Profissionalização e Emprego;1;Disponibilização de Vagas para o Programa Municipal de Qualificação, Emprego e Renda;0.25;0;253100;0;0;0;0;0;0
PDI;EIXO: PROMOÇÃO DE DIREITOS E PROTEÇÃO INTEGRAL;DCI;SUB-EIXO: DIREITOS DA CIDADANIA;NEX;NEX;14;Direitos da Cidadania;422;Direitos Individuais, Coletivos e Difusos;237;Qualificação, Profissionalização e Emprego;2404;Ações de Qualificação, Profissionalização e Emprego;19;Modernização e Ampliação dos Laboratórios da Escola Raimunda da Silva Soares;0.25;0;178546;85134.625;55335.845;42838.2625;85134.625;55335.845;42838.2625
PVS;EIXO: PROMOVENDO VIDAS SAUDAVEIS;HAB;SUB-EIXO: HABITAÇÃO;NEX;NEX;16;Habitação;482;Habitação Urbana;64;Geração e Qualificação Habitacional em Áreas de Interesse Social;1207;Produção de Moradias;1;Diversos Programas Habitacionais - Obras;0.25;0;38000;15;15;15;15;15;15
PVS;EIXO: PROMOVENDO VIDAS SAUDAVEIS;HAB;SUB-EIXO: HABITAÇÃO;NEX;NEX;16;Habitação;482;Habitação Urbana;64;Geração e Qualificação Habitacional em Áreas de Interesse Social;1207;Produção de Moradias;2;Acompanhamento Social de Famílias;0.25;0;87017;132743.545;132743.545;132743.545;132743.545;132743.545;132743.545
PVS;EIXO: PROMOVENDO VIDAS SAUDAVEIS;HAB;SUB-EIXO: HABITAÇÃO;NEX;NEX;16;Habitação;482;Habitação Urbana;64;Geração e Qualificação Habitacional em Áreas de Interesse Social;1207;Produção de Moradias;8;Gestão da Política Municipal de Habitação-PMH e Participação Popular;0.25;0;30500;14060.61;14060.61;14060.61;14060.61;14060.61;14060.61
PVS;EIXO: PROMOVENDO VIDAS SAUDAVEIS;HAB;SUB-EIXO: HABITAÇÃO;NEX;NEX;16;Habitação;482;Habitação Urbana;64;Geração e Qualificação Habitacional em Áreas de Interesse Social;1207;Produção de Moradias;9;Gestão de Moradias ;0.25;0;36494;0;0;0;0;0;0
PVS;EIXO: PROMOVENDO VIDAS SAUDAVEIS;HAB;SUB-EIXO: HABITAÇÃO;NEX;NEX;16;Habitação;482;Habitação Urbana;64;Geração e Qualificação Habitacional em Áreas de Interesse Social;1207;Produção de Moradias;10;Intervenções Especiais em Conjuntos Habitacionais;0.25;0;88832;8029.375;8029.375;8029.375;8029.375;8029.375;8029.375
PVS;EIXO: PROMOVENDO VIDAS SAUDAVEIS;HAB;SUB-EIXO: HABITAÇÃO;NEX;NEX;16;Habitação;482;Habitação Urbana;64;Geração e Qualificação Habitacional em Áreas de Interesse Social;1231;Melhorias Urbanas em Assentamentos Precários;1;Consultorias e Apoio a Serviços Especiais;0.25;0;5690901;49912.77;49912.77;49912.77;49912.77;49912.77;49912.77
PVS;EIXO: PROMOVENDO VIDAS SAUDAVEIS;HAB;SUB-EIXO: HABITAÇÃO;NEX;NEX;16;Habitação;482;Habitação Urbana;64;Geração e Qualificação Habitacional em Áreas de Interesse Social;1231;Melhorias Urbanas em Assentamentos Precários;3;Outras Intervenções em Assentamentos Precários;0.25;0;62560;38991.845;38991.845;0;38991.845;38991.845;0
PVS;EIXO: PROMOVENDO VIDAS SAUDAVEIS;HAB;SUB-EIXO: HABITAÇÃO;NEX;NEX;16;Habitação;482;Habitação Urbana;64;Geração e Qualificação Habitacional em Áreas de Interesse Social;1231;Melhorias Urbanas em Assentamentos Precários;8;Ações Sociais em Assentamentos Precários;0.25;0;128506;8668.5875;8668.5875;0;8668.5875;8668.5875;0
PVS;EIXO: PROMOVENDO VIDAS SAUDAVEIS;HAB;SUB-EIXO: HABITAÇÃO;NEX;NEX;16;Habitação;482;Habitação Urbana;64;Geração e Qualificação Habitacional em Áreas de Interesse Social;1231;Melhorias Urbanas em Assentamentos Precários;25;Reassentamento/Indenizações;0.25;0;881130;93.7175;93.7175;93.7175;93.7175;93.7175;93.7175
PVS;EIXO: PROMOVENDO VIDAS SAUDAVEIS;HAB;SUB-EIXO: HABITAÇÃO;NEX;NEX;16;Habitação;482;Habitação Urbana;64;Geração e Qualificação Habitacional em Áreas de Interesse Social;2792;Programa Bolsa Moradia;1;Programa Bolsa Moradia;0.25;0;1269309;201344.1475;198875;198875;201344.1475;198875;198875
PVS;EIXO: PROMOVENDO VIDAS SAUDAVEIS;HAB;SUB-EIXO: HABITAÇÃO;NEX;NEX;16;Habitação;482;Habitação Urbana;64;Geração e Qualificação Habitacional em Áreas de Interesse Social;2792;Programa Bolsa Moradia;2;Programa Bolsa Moradia - Risco;0.25;0;1463880;370938.295;366000;366000;370938.295;366000;366000
PVS;EIXO: PROMOVENDO VIDAS SAUDAVEIS;HAB;SUB-EIXO: HABITAÇÃO;NEX;NEX;16;Habitação;482;Habitação Urbana;64;Geração e Qualificação Habitacional em Áreas de Interesse Social;2792;Programa Bolsa Moradia;3;Programa Bolsa Moradia - Obras Vilva Viva;0.25;0;2073813;561561.0775;548555.7375;548555.7375;561561.0775;548555.7375;548555.7375
PVS;EIXO: PROMOVENDO VIDAS SAUDAVEIS;HAB;SUB-EIXO: HABITAÇÃO;NEX;NEX;16;Habitação;482;Habitação Urbana;64;Geração e Qualificação Habitacional em Áreas de Interesse Social;2792;Programa Bolsa Moradia;4;Programa Bolsa Moradia - Obra Nova Rodoviária;0.25;0;10340;19683.61;19375;19375;19683.61;19375;19375
PVS;EIXO: PROMOVENDO VIDAS SAUDAVEIS;HAB;SUB-EIXO: HABITAÇÃO;NEX;NEX;16;Habitação;482;Habitação Urbana;64;Geração e Qualificação Habitacional em Áreas de Interesse Social;2792;Programa Bolsa Moradia;5;Programa Bolsa Moradia - Implantação do Corta Caminho;0.25;0;43824;1779.3575;1625;1625;1779.3575;1625;1625
PVS;EIXO: PROMOVENDO VIDAS SAUDAVEIS;HAB;SUB-EIXO: HABITAÇÃO;NEX;NEX;16;Habitação;482;Habitação Urbana;209;Implantação do Corta Caminho ;1330;Implantação do Corta Caminho;1;Ações Sociais;0.25;0;45613;22045.6925;22045.6925;22045.6925;22045.6925;22045.6925;22045.6925
PVS;EIXO: PROMOVENDO VIDAS SAUDAVEIS;HAB;SUB-EIXO: HABITAÇÃO;NEX;NEX;16;Habitação;482;Habitação Urbana;209;Implantação do Corta Caminho ;1330;Implantação do Corta Caminho;2; Construção de Unidades Habitacionais - Anel Rodoviário;0.25;0;29425;0;0;0;0;0;0
PVS;EIXO: PROMOVENDO VIDAS SAUDAVEIS;HAB;SUB-EIXO: HABITAÇÃO;NEX;NEX;16;Habitação;482;Habitação Urbana;209;Implantação do Corta Caminho ;1330;Implantação do Corta Caminho;3;Via 710 - Reassentamento/Indenizações;0.25;0;871962;8157.7275;8157.7275;8157.7275;8157.7275;8157.7275;8157.7275
PVS;EIXO: PROMOVENDO VIDAS SAUDAVEIS;HAB;SUB-EIXO: HABITAÇÃO;NEX;NEX;16;Habitação;482;Habitação Urbana;209;Implantação do Corta Caminho ;1330;Implantação do Corta Caminho;5;Revitalização do Anel Rodoviário - Reassentamento/Indenizações;0.25;0;9583;0;0;0;0;0;0
PVS;EIXO: PROMOVENDO VIDAS SAUDAVEIS;HAB;SUB-EIXO: HABITAÇÃO;NEX;NEX;16;Habitação;482;Habitação Urbana;209;Implantação do Corta Caminho ;1330;Implantação do Corta Caminho;6;Consultoria e Serviços Técnicos;0.25;0;5885400;0;0;0;0;0;0
PVS;EIXO: PROMOVENDO VIDAS SAUDAVEIS;HAB;SUB-EIXO: HABITAÇÃO;NEX;NEX;16;Habitação;482;Habitação Urbana;209;Implantação do Corta Caminho ;1330;Implantação do Corta Caminho;8;Revitalização Anel Rodoviário - Recuperação Assentamentos Precários;0.25;0;26925;0;0;0;0;0;0
PVS;EIXO: PROMOVENDO VIDAS SAUDAVEIS;HAB;SUB-EIXO: HABITAÇÃO;NEX;NEX;16;Habitação;482;Habitação Urbana;211;Prioridade ao Transporte Coletivo ;1272;Implantação de Novos Terminais Rodoviários;5;Ações Sociais;0.25;0;37500;28959.4575;28959.4575;28959.4575;28959.4575;28959.4575;28959.4575
PVS;EIXO: PROMOVENDO VIDAS SAUDAVEIS;HAB;SUB-EIXO: HABITAÇÃO;NEX;NEX;16;Habitação;482;Habitação Urbana;211;Prioridade ao Transporte Coletivo ;1272;Implantação de Novos Terminais Rodoviários;6;Reassentamentos / Indenizações / Demolições;0.25;0;7500;203007.6925;200706.08;200706.08;203007.6925;200706.08;200706.08
PVS;EIXO: PROMOVENDO VIDAS SAUDAVEIS;HAB;SUB-EIXO: HABITAÇÃO;NEX;NEX;16;Habitação;482;Habitação Urbana;225;Vila Viva;1231;Melhorias Urbanas em Assentamentos Precários;1;Consultorias e Apoio a Serviços Especiais;0.25;0;20774547;1070517.01;1059983.728;1000392.418;1070517.01;1059983.728;1000392.418
PVS;EIXO: PROMOVENDO VIDAS SAUDAVEIS;HAB;SUB-EIXO: HABITAÇÃO;NEX;NEX;16;Habitação;482;Habitação Urbana;225;Vila Viva;1231;Melhorias Urbanas em Assentamentos Precários;3;Outras Intervenções em Assentamentos Precários;0.25;0;448175;46185.1975;46185.1975;46185.1975;46185.1975;46185.1975;46185.1975
PVS;EIXO: PROMOVENDO VIDAS SAUDAVEIS;HAB;SUB-EIXO: HABITAÇÃO;NEX;NEX;16;Habitação;482;Habitação Urbana;225;Vila Viva;1231;Melhorias Urbanas em Assentamentos Precários;4;Orçamento Participativo - Empreendimento;0.25;0;14406484;390041.0875;390041.0875;385430.71;390041.0875;390041.0875;385430.71
PVS;EIXO: PROMOVENDO VIDAS SAUDAVEIS;HAB;SUB-EIXO: HABITAÇÃO;NEX;NEX;16;Habitação;482;Habitação Urbana;225;Vila Viva;1231;Melhorias Urbanas em Assentamentos Precários;5;Planos Globais Específicos;0.25;0;188127;55142.505;55142.505;55142.505;55142.505;55142.505;55142.505
PVS;EIXO: PROMOVENDO VIDAS SAUDAVEIS;HAB;SUB-EIXO: HABITAÇÃO;NEX;NEX;16;Habitação;482;Habitação Urbana;225;Vila Viva;1231;Melhorias Urbanas em Assentamentos Precários;6;Apoio Técnico a Projeto ou Obra;0.25;0;418015;0;0;0;0;0;0
PVS;EIXO: PROMOVENDO VIDAS SAUDAVEIS;HAB;SUB-EIXO: HABITAÇÃO;NEX;NEX;16;Habitação;482;Habitação Urbana;225;Vila Viva;1231;Melhorias Urbanas em Assentamentos Precários;7;Plano de Regularização Urbanística;0.25;0;560150;0;0;0;0;0;0
PVS;EIXO: PROMOVENDO VIDAS SAUDAVEIS;HAB;SUB-EIXO: HABITAÇÃO;NEX;NEX;16;Habitação;482;Habitação Urbana;225;Vila Viva;1231;Melhorias Urbanas em Assentamentos Precários;8;Ações Sociais em Assentamentos Precários;0.25;0;2013190;189910.915;164870.0325;86522.5975;189910.915;164870.0325;86522.5975
PVS;EIXO: PROMOVENDO VIDAS SAUDAVEIS;HAB;SUB-EIXO: HABITAÇÃO;NEX;NEX;16;Habitação;482;Habitação Urbana;225;Vila Viva;1231;Melhorias Urbanas em Assentamentos Precários;9;Implantação do Vila Viva - Morro das Pedras;0.25;0;2236178;307327.595;167631.6975;115433.7775;307327.595;167631.6975;115433.7775
PVS;EIXO: PROMOVENDO VIDAS SAUDAVEIS;HAB;SUB-EIXO: HABITAÇÃO;NEX;NEX;16;Habitação;482;Habitação Urbana;225;Vila Viva;1231;Melhorias Urbanas em Assentamentos Precários;10;Implantação do Vila Viva - Taquaril;0.25;0;5943510;208091.185;114481.3375;114481.3375;208091.185;114481.3375;114481.3375
PVS;EIXO: PROMOVENDO VIDAS SAUDAVEIS;HAB;SUB-EIXO: HABITAÇÃO;NEX;NEX;16;Habitação;482;Habitação Urbana;225;Vila Viva;1231;Melhorias Urbanas em Assentamentos Precários;11;Implantação do Vila Viva - Califórnia;0.25;0;2500;0;0;0;0;0;0
PVS;EIXO: PROMOVENDO VIDAS SAUDAVEIS;HAB;SUB-EIXO: HABITAÇÃO;NEX;NEX;16;Habitação;482;Habitação Urbana;225;Vila Viva;1231;Melhorias Urbanas em Assentamentos Precários;12; Implantação do Vila Viva - Vila São José;0.25;0;1444742;131736.4575;131736.4575;4932.0075;131736.4575;131736.4575;4932.0075
PVS;EIXO: PROMOVENDO VIDAS SAUDAVEIS;HAB;SUB-EIXO: HABITAÇÃO;NEX;NEX;16;Habitação;482;Habitação Urbana;225;Vila Viva;1231;Melhorias Urbanas em Assentamentos Precários;13;Implantação do Vila Viva - Vila Pedreira Prado Lopes;0.25;0;1641679;101236.545;101236.545;101236.545;101236.545;101236.545;101236.545
PVS;EIXO: PROMOVENDO VIDAS SAUDAVEIS;HAB;SUB-EIXO: HABITAÇÃO;NEX;NEX;16;Habitação;482;Habitação Urbana;225;Vila Viva;1231;Melhorias Urbanas em Assentamentos Precários;14;Implantação do Vila Viva - Vila Cemig/Alto das Antenas;0.25;0;2527411;1019904.318;669749.895;168233.0475;1019904.318;669749.895;168233.0475
PVS;EIXO: PROMOVENDO VIDAS SAUDAVEIS;HAB;SUB-EIXO: HABITAÇÃO;NEX;NEX;16;Habitação;482;Habitação Urbana;225;Vila Viva;1231;Melhorias Urbanas em Assentamentos Precários;15;Implantação do Vila Viva - Aglomerado Aeroporto/São Tomaz;0.25;0;3354186;2955.8525;2955.8525;2955.8525;2955.8525;2955.8525;2955.8525
PVS;EIXO: PROMOVENDO VIDAS SAUDAVEIS;HAB;SUB-EIXO: HABITAÇÃO;NEX;NEX;16;Habitação;482;Habitação Urbana;225;Vila Viva;1231;Melhorias Urbanas em Assentamentos Precários;18;Implantação do Vila Viva - Aglomerado da Serra;0.25;0;4506831;389202.1175;389202.1175;65400.465;389202.1175;389202.1175;65400.465
PVS;EIXO: PROMOVENDO VIDAS SAUDAVEIS;HAB;SUB-EIXO: HABITAÇÃO;NEX;NEX;16;Habitação;482;Habitação Urbana;225;Vila Viva;1231;Melhorias Urbanas em Assentamentos Precários;19;Implantação do Vila Viva - Aglomerado Santa Lúcia;0.25;0;8461474;861295.565;861295.565;459221.805;861295.565;861295.565;459221.805
PVS;EIXO: PROMOVENDO VIDAS SAUDAVEIS;HAB;SUB-EIXO: HABITAÇÃO;NEX;NEX;16;Habitação;482;Habitação Urbana;225;Vila Viva;1231;Melhorias Urbanas em Assentamentos Precários;20;Regularização de Domícílios;0.25;0;310386;0;0;0;0;0;0
PVS;EIXO: PROMOVENDO VIDAS SAUDAVEIS;HAB;SUB-EIXO: HABITAÇÃO;NEX;NEX;16;Habitação;482;Habitação Urbana;225;Vila Viva;1231;Melhorias Urbanas em Assentamentos Precários;22;Eliminação das Situações de Risco Muito Alto e Alto;0.25;0;6189985;1095275.175;780511.0675;780511.0675;1095275.175;780511.0675;780511.0675
PVS;EIXO: PROMOVENDO VIDAS SAUDAVEIS;HAB;SUB-EIXO: HABITAÇÃO;NEX;NEX;16;Habitação;482;Habitação Urbana;225;Vila Viva;1231;Melhorias Urbanas em Assentamentos Precários;23;Obras de Manutenção em Assentamentos Precários;0.25;0;2750000;0;0;0;0;0;0
PVS;EIXO: PROMOVENDO VIDAS SAUDAVEIS;HAB;SUB-EIXO: HABITAÇÃO;NEX;NEX;16;Habitação;482;Habitação Urbana;225;Vila Viva;1231;Melhorias Urbanas em Assentamentos Precários;25;Reassentamento/Indenizações;0.25;0;386964;45936.13;45936.13;45936.13;45936.13;45936.13;45936.13
PVS;EIXO: PROMOVENDO VIDAS SAUDAVEIS;HAB;SUB-EIXO: HABITAÇÃO;NEX;NEX;16;Habitação;482;Habitação Urbana;225;Vila Viva;1231;Melhorias Urbanas em Assentamentos Precários;26;Reassentamento/Indenizações - Programa Vila Viva;0.25;0;2816991;257218.805;257218.305;257218.305;257218.805;257218.305;257218.305
PVS;EIXO: PROMOVENDO VIDAS SAUDAVEIS;HAB;SUB-EIXO: HABITAÇÃO;NEX;NEX;16;Habitação;482;Habitação Urbana;225;Vila Viva;1231;Melhorias Urbanas em Assentamentos Precários;27;Reassentamento/Indenizações - OP;0.25;0;1442428;81300.5925;81300.5925;81300.5925;81300.5925;81300.5925;81300.5925
PVS;EIXO: PROMOVENDO VIDAS SAUDAVEIS;HAB;SUB-EIXO: HABITAÇÃO;NEX;NEX;16;Habitação;482;Habitação Urbana;225;Vila Viva;1231;Melhorias Urbanas em Assentamentos Precários;29;Obras de Produção de Moradias da Av. Santa Terezinha;0.25;0;415719;0;0;0;0;0;0
PVS;EIXO: PROMOVENDO VIDAS SAUDAVEIS;HAB;SUB-EIXO: HABITAÇÃO;NEX;NEX;16;Habitação;482;Habitação Urbana;226;Habitação ;1207;Produção de Moradias;1;Diversos Programas Habitacionais - Obras;0.25;0;15500;0;0;0;0;0;0
PVS;EIXO: PROMOVENDO VIDAS SAUDAVEIS;HAB;SUB-EIXO: HABITAÇÃO;NEX;NEX;16;Habitação;482;Habitação Urbana;226;Habitação ;1207;Produção de Moradias;3;Produção de Moradias do Programa Minha Casa Minha Vida;0.25;0;2562178;65074.21;65074.21;65074.21;65074.21;65074.21;65074.21
PVS;EIXO: PROMOVENDO VIDAS SAUDAVEIS;HAB;SUB-EIXO: HABITAÇÃO;NEX;NEX;16;Habitação;482;Habitação Urbana;226;Habitação ;1207;Produção de Moradias;7;Acompanhamento Social de Famílias do Programa Minha Casa Minha Vida;0.25;0;675178;93337.3775;93337.3775;74843.31;93337.3775;93337.3775;74843.31
PVS;EIXO: PROMOVENDO VIDAS SAUDAVEIS;HAB;SUB-EIXO: HABITAÇÃO;NEX;NEX;16;Habitação;482;Habitação Urbana;226;Habitação ;1207;Produção de Moradias;8;Gestão da Política Municipal de Habitação-PMH e Participação Popular;0.25;0;1000;0;0;0;0;0;0
PVS;EIXO: PROMOVENDO VIDAS SAUDAVEIS;HAB;SUB-EIXO: HABITAÇÃO;NEX;NEX;16;Habitação;482;Habitação Urbana;226;Habitação ;1207;Produção de Moradias;11;Regularização de Moradias implantadas pela PBH no período de 1993 a 2012;0.25;0;5000;2519.0075;2519.0075;2519.0075;2519.0075;2519.0075;2519.0075
PVS;EIXO: PROMOVENDO VIDAS SAUDAVEIS;HAB;SUB-EIXO: HABITAÇÃO;NEX;NEX;16;Habitação;482;Habitação Urbana;226;Habitação ;1207;Produção de Moradias;12;Titulação de Moradias implantadas pela PBH no período 1993-2012;0.25;0;25000;0;0;0;0;0;0
PVS;EIXO: PROMOVENDO VIDAS SAUDAVEIS;HAB;SUB-EIXO: HABITAÇÃO;NEX;NEX;16;Habitação;482;Habitação Urbana;226;Habitação ;1207;Produção de Moradias;13;Produção de Moradias do Programa Minha Casa Minha Vida - ENTIDADES;0.25;0;142187;0;0;0;0;0;0
PVS;EIXO: PROMOVENDO VIDAS SAUDAVEIS;SAN;SUB-EIXO: SANEAMENTO;NEX;NEX;17;Saneamento;482;Habitação Urbana;225;Vila Viva;1231;Melhorias Urbanas em Assentamentos Precários;16;Implantação do Vila Viva - Complexo Várzea da Palma;0.25;0;9707304;3616;3616;3616;3616;3616;3616
PVS;EIXO: PROMOVENDO VIDAS SAUDAVEIS;SAN;SUB-EIXO: SANEAMENTO;NEX;NEX;17;Saneamento;512;Saneamento Básico Urbano;46;Operacionalização e Modernização da Limpeza Pública;2537;Tratamento e Destinação de Resíduos Sólidos;1;Serviços de Operação de Áreas de Manejo, de Remoção e Destinação de Resíduos de Construção Civil;0.25;0;1757565;1894898.628;1746460.575;1746460.575;1894898.628;1746460.575;1746460.575
PVS;EIXO: PROMOVENDO VIDAS SAUDAVEIS;SAN;SUB-EIXO: SANEAMENTO;NEX;NEX;17;Saneamento;512;Saneamento Básico Urbano;46;Operacionalização e Modernização da Limpeza Pública;2537;Tratamento e Destinação de Resíduos Sólidos;2;Reestruturação da Infraestrutura para Triagem de Materiais Recicláveis;0.25;0;150000;0;0;0;0;0;0
PVS;EIXO: PROMOVENDO VIDAS SAUDAVEIS;SAN;SUB-EIXO: SANEAMENTO;NEX;NEX;17;Saneamento;512;Saneamento Básico Urbano;46;Operacionalização e Modernização da Limpeza Pública;2537;Tratamento e Destinação de Resíduos Sólidos;3;Transbordo de Resíduos Sólidos;0.25;0;1212750;405242.39;295926.775;295926.775;405242.39;295926.775;295926.775
PVS;EIXO: PROMOVENDO VIDAS SAUDAVEIS;SAN;SUB-EIXO: SANEAMENTO;NEX;NEX;17;Saneamento;512;Saneamento Básico Urbano;46;Operacionalização e Modernização da Limpeza Pública;2537;Tratamento e Destinação de Resíduos Sólidos;11;Aterragem de Resíduos Sólidos;0.25;0;6059207;1540711.768;803211.7675;803211.7675;1540711.768;803211.7675;803211.7675
PVS;EIXO: PROMOVENDO VIDAS SAUDAVEIS;SAN;SUB-EIXO: SANEAMENTO;NEX;NEX;17;Saneamento;512;Saneamento Básico Urbano;46;Operacionalização e Modernização da Limpeza Pública;2539;Execução dos Serviços de Limpeza Urbana;1;Cobertura dos Serviços de Limpeza Urbana em Vilas e Favelas com População Residente;0.25;0;1030857;63296;0;0;63296;0;0
PVS;EIXO: PROMOVENDO VIDAS SAUDAVEIS;SAN;SUB-EIXO: SANEAMENTO;NEX;NEX;17;Saneamento;512;Saneamento Básico Urbano;46;Operacionalização e Modernização da Limpeza Pública;2539;Execução dos Serviços de Limpeza Urbana;4;Cobertura dos Serviços de Limpeza de Vias em Áreas Urbanas;0.25;0;17231047;5829995.815;3899274.16;3899274.16;5829995.815;3899274.16;3899274.16
PVS;EIXO: PROMOVENDO VIDAS SAUDAVEIS;SAN;SUB-EIXO: SANEAMENTO;NEX;NEX;17;Saneamento;512;Saneamento Básico Urbano;46;Operacionalização e Modernização da Limpeza Pública;2539;Execução dos Serviços de Limpeza Urbana;5;Gerenciamento da Central de Tratamento de Resíduos Sólidos;0.25;0;1503125;539624.39;297202.2475;237794.345;539624.39;297202.2475;237794.345
PVS;EIXO: PROMOVENDO VIDAS SAUDAVEIS;SAN;SUB-EIXO: SANEAMENTO;NEX;NEX;17;Saneamento;512;Saneamento Básico Urbano;46;Operacionalização e Modernização da Limpeza Pública;2539;Execução dos Serviços de Limpeza Urbana;6;Capina em Lotes Públicos e Particulares;0.25;0;315000;0;0;0;0;0;0
PVS;EIXO: PROMOVENDO VIDAS SAUDAVEIS;SAN;SUB-EIXO: SANEAMENTO;NEX;NEX;17;Saneamento;512;Saneamento Básico Urbano;46;Operacionalização e Modernização da Limpeza Pública;2539;Execução dos Serviços de Limpeza Urbana;7;Execução de Serviços de Limpeza Urbana - Multitarefa;0.25;0;9935162;2086256.203;1602385.855;1354437.403;2086256.203;1602385.855;1354437.403
PVS;EIXO: PROMOVENDO VIDAS SAUDAVEIS;SAN;SUB-EIXO: SANEAMENTO;NEX;NEX;17;Saneamento;512;Saneamento Básico Urbano;46;Operacionalização e Modernização da Limpeza Pública;2900;Serviços Administrativos e Financeiros;1;Serviços Administrativos e Financeiros ;0.25;0;32703737;9816683.29;9079936.538;8395063.553;9816683.29;9079936.538;8395063.553
PVS;EIXO: PROMOVENDO VIDAS SAUDAVEIS;SAN;SUB-EIXO: SANEAMENTO;NEX;NEX;17;Saneamento;512;Saneamento Básico Urbano;46;Operacionalização e Modernização da Limpeza Pública;2900;Serviços Administrativos e Financeiros;2;Implantação do Sistema de Gerenciamento de Resíduos Sólidos - PMAT IV;0.25;0;125000;0;0;0;0;0;0
PVS;EIXO: PROMOVENDO VIDAS SAUDAVEIS;SAN;SUB-EIXO: SANEAMENTO;NEX;NEX;17;Saneamento;512;Saneamento Básico Urbano;46;Operacionalização e Modernização da Limpeza Pública;2900;Serviços Administrativos e Financeiros;5;Implantação do Centro de Documentação Informatizado;0.25;0;300000;0;0;0;0;0;0
PVS;EIXO: PROMOVENDO VIDAS SAUDAVEIS;SAN;SUB-EIXO: SANEAMENTO;NEX;NEX;17;Saneamento;512;Saneamento Básico Urbano;66;Saneamento e Tratamento de Fundos de Vale;1203;Drenagem e Tratamento de Fundos de Vale;1;Drenagem e Tratamento de Fundos de Vale;0.25;0;236043;6858.0775;6858.0775;6858.0775;6858.0775;6858.0775;6858.0775
PVS;EIXO: PROMOVENDO VIDAS SAUDAVEIS;SAN;SUB-EIXO: SANEAMENTO;NEX;NEX;17;Saneamento;512;Saneamento Básico Urbano;66;Saneamento e Tratamento de Fundos de Vale;1203;Drenagem e Tratamento de Fundos de Vale;9;Projetos, Consultoria e apoio a serviços especiais;0.25;0;194920;126508.8275;126508.8275;126508.8275;126508.8275;126508.8275;126508.8275
PVS;EIXO: PROMOVENDO VIDAS SAUDAVEIS;SAN;SUB-EIXO: SANEAMENTO;NEX;NEX;17;Saneamento;512;Saneamento Básico Urbano;225;Vila Viva;1203;Drenagem e Tratamento de Fundos de Vale;2;Av. Santa Terezinha;0.25;0;2859774;5792.58;5792.58;0;5792.58;5792.58;0
PVS;EIXO: PROMOVENDO VIDAS SAUDAVEIS;SAN;SUB-EIXO: SANEAMENTO;NEX;NEX;17;Saneamento;512;Saneamento Básico Urbano;228;Coleta, Destinação e Tratamento de Resíduos Sólidos ;2538;Execução dos Serviços de Coleta de Resíduos;1;Coleta de Resíduos Sólidos;0.25;0;16472372;6463346.405;4650912.233;4650912.233;6463346.405;4650912.233;4650912.233
PVS;EIXO: PROMOVENDO VIDAS SAUDAVEIS;SAN;SUB-EIXO: SANEAMENTO;NEX;NEX;17;Saneamento;512;Saneamento Básico Urbano;228;Coleta, Destinação e Tratamento de Resíduos Sólidos ;2538;Execução dos Serviços de Coleta de Resíduos;2;Serviços de Coleta Seletiva na modalidade ponto a ponto;0.25;0;293083;0;0;0;0;0;0
PVS;EIXO: PROMOVENDO VIDAS SAUDAVEIS;SAN;SUB-EIXO: SANEAMENTO;NEX;NEX;17;Saneamento;512;Saneamento Básico Urbano;228;Coleta, Destinação e Tratamento de Resíduos Sólidos ;2539;Execução dos Serviços de Limpeza Urbana;2;Instalação e Manutenção de Cestos Coletores;0.25;0;392500;202832.7525;148112.7525;105850.6575;202832.7525;148112.7525;105850.6575
PVS;EIXO: PROMOVENDO VIDAS SAUDAVEIS;SAN;SUB-EIXO: SANEAMENTO;NEX;NEX;17;Saneamento;512;Saneamento Básico Urbano;228;Coleta, Destinação e Tratamento de Resíduos Sólidos ;2539;Execução dos Serviços de Limpeza Urbana;3;Limpeza de Áreas Públicas Decorrentes de Grandes Eventos;0.25;0;353200;149766.9525;125541.9525;125541.9525;149766.9525;125541.9525;125541.9525
PVS;EIXO: PROMOVENDO VIDAS SAUDAVEIS;SAN;SUB-EIXO: SANEAMENTO;NEX;NEX;17;Saneamento;512;Saneamento Básico Urbano;228;Coleta, Destinação e Tratamento de Resíduos Sólidos ;2539;Execução dos Serviços de Limpeza Urbana;9;Serviço de limpeza urbana em Vilas e Favelas;0.25;0;1977039;180784.39;180784.39;180784.39;180784.39;180784.39;180784.39
PVS;EIXO: PROMOVENDO VIDAS SAUDAVEIS;SAN;SUB-EIXO: SANEAMENTO;NEX;NEX;17;Saneamento;512;Saneamento Básico Urbano;228;Coleta, Destinação e Tratamento de Resíduos Sólidos ;2539;Execução dos Serviços de Limpeza Urbana;10;Serviços de Limpeza de Córregos em Vilas e Favelas;0.25;0;88630;0;0;0;0;0;0
PVS;EIXO: PROMOVENDO VIDAS SAUDAVEIS;SAN;SUB-EIXO: SANEAMENTO;NEX;NEX;17;Saneamento;512;Saneamento Básico Urbano;233;Manutenção da Cidade;1203;Drenagem e Tratamento de Fundos de Vale;3;Serviços e Obras de Conteção e Manutenção em Redes de Drenagem Pluvial;0.25;0;6218376;1456775.818;743982.0375;575602.61;1456775.818;743982.0375;575602.61
PVS;EIXO: PROMOVENDO VIDAS SAUDAVEIS;SAN;SUB-EIXO: SANEAMENTO;NEX;NEX;17;Saneamento;512;Saneamento Básico Urbano;243;Gestão Ambiental;1203;Drenagem e Tratamento de Fundos de Vale;1;Drenagem e Tratamento de Fundos de Vale;0.25;0;66038063;543.5725;543.5725;543.5725;543.5725;543.5725;543.5725
PVS;EIXO: PROMOVENDO VIDAS SAUDAVEIS;SAN;SUB-EIXO: SANEAMENTO;NEX;NEX;17;Saneamento;512;Saneamento Básico Urbano;243;Gestão Ambiental;1203;Drenagem e Tratamento de Fundos de Vale;6;Redução do Risco das Inundações na Bacia do Córrego Jatobá - PAC;0.25;0;5304198;0;0;0;0;0;0
PVS;EIXO: PROMOVENDO VIDAS SAUDAVEIS;SAN;SUB-EIXO: SANEAMENTO;NEX;NEX;17;Saneamento;512;Saneamento Básico Urbano;243;Gestão Ambiental;1203;Drenagem e Tratamento de Fundos de Vale;7;Projetos do PAC II;0.25;0;4691863;55697.4075;55697.4075;11279.54;55697.4075;55697.4075;11279.54
PVS;EIXO: PROMOVENDO VIDAS SAUDAVEIS;SAN;SUB-EIXO: SANEAMENTO;NEX;NEX;17;Saneamento;512;Saneamento Básico Urbano;243;Gestão Ambiental;1203;Drenagem e Tratamento de Fundos de Vale;8;Obras do PAC II;0.25;0;32575828;0;0;0;0;0;0
PVS;EIXO: PROMOVENDO VIDAS SAUDAVEIS;SAN;SUB-EIXO: SANEAMENTO;NEX;NEX;17;Saneamento;512;Saneamento Básico Urbano;243;Gestão Ambiental;1307;Implantação do Programa DRENURBS;1;Implantação do Programa DRENURBS;0.25;0;8120804;235525.525;235525.525;206057.24;235525.525;235525.525;206057.24
PVS;EIXO: PROMOVENDO VIDAS SAUDAVEIS;SAN;SUB-EIXO: SANEAMENTO;NEX;NEX;17;Saneamento;512;Saneamento Básico Urbano;243;Gestão Ambiental;1307;Implantação do Programa DRENURBS;2;Recuperação Ambiental do Córrego Bonsucesso;0.25;0;19608507;0;0;0;0;0;0
PVS;EIXO: PROMOVENDO VIDAS SAUDAVEIS;SAN;SUB-EIXO: SANEAMENTO;NEX;NEX;17;Saneamento;512;Saneamento Básico Urbano;243;Gestão Ambiental;1307;Implantação do Programa DRENURBS;3;Implantação do Drenurbs - custeios gerais;0.25;0;340400;4500;4500;4500;4500;4500;4500
PVS;EIXO: PROMOVENDO VIDAS SAUDAVEIS;SAU;SUB-EIXO: SAÚDE;NEX;NEX;10;Saúde;122;Administração Geral;30;Atendimento Ambulatorial, Emergencial e Hospitalar;2900;Serviços Administrativos e Financeiros;1;Serviços Administrativos e Financeiros ;0.25;0;8541033;2697416.77;1378205.958;1352863.4;2697416.77;1378205.958;1352863.4
PVS;EIXO: PROMOVENDO VIDAS SAUDAVEIS;SAU;SUB-EIXO: SAÚDE;NEX;NEX;10;Saúde;122;Administração Geral;114;Rede de Cuidados Especializados Complementares à Saúde;2891;Rede Própria de Cuidados Especializados Complementares à Saúde;6;Gestão de Recursos Humanos;0.25;0;16247990;6530347.57;6530283.298;5181247.41;6530347.57;6530283.298;5181247.41
PVS;EIXO: PROMOVENDO VIDAS SAUDAVEIS;SAU;SUB-EIXO: SAÚDE;NEX;NEX;10;Saúde;122;Administração Geral;117;Gestão do SUS-BH;2662;Gestão do SUS-BH;1;Modernização do Sistema de Informação em Saúde na PBH;0.25;0;1185699;64512.5;26675;26675;64512.5;26675;26675
PVS;EIXO: PROMOVENDO VIDAS SAUDAVEIS;SAU;SUB-EIXO: SAÚDE;NEX;NEX;10;Saúde;122;Administração Geral;117;Gestão do SUS-BH;2895;Suporte Logístico;3;Serviços de Apoio à Rede Própria do SUS-BH;0.25;0;73859546;17683063.9;11603807.83;8163406.238;17683063.9;11603807.83;8163406.238
PVS;EIXO: PROMOVENDO VIDAS SAUDAVEIS;SAU;SUB-EIXO: SAÚDE;NEX;NEX;10;Saúde;122;Administração Geral;117;Gestão do SUS-BH;2895;Suporte Logístico;4;Manutenção dos Equipamentos, Mobiliários e Prediais;0.25;0;2033741;20332.305;20332.305;20332.305;20332.305;20332.305;20332.305
PVS;EIXO: PROMOVENDO VIDAS SAUDAVEIS;SAU;SUB-EIXO: SAÚDE;NEX;NEX;10;Saúde;122;Administração Geral;117;Gestão do SUS-BH;2895;Suporte Logístico;5;Gestão dos Recursos Humanos;0.25;0;35540467;26322621.15;18269905.54;14756453.04;26322621.15;18269905.54;14756453.04
PVS;EIXO: PROMOVENDO VIDAS SAUDAVEIS;SAU;SUB-EIXO: SAÚDE;NEX;NEX;10;Saúde;122;Administração Geral;157;Atenção Primária à Saúde (APS);2690;Saúde da Família;10;Gestão de Recursos Humanos;0.25;0;132460935;35142775.54;35067045.96;26479409.4;35142775.54;35067045.96;26479409.4
PVS;EIXO: PROMOVENDO VIDAS SAUDAVEIS;SAU;SUB-EIXO: SAÚDE;NEX;NEX;10;Saúde;122;Administração Geral;203;Melhoria do Atendimento Hospitalar e Especializado;2893;Rede de Urgência;4;Consórcio itermunicipal Aliança para a Saúde;0.25;0;17500;0;0;0;0;0;0
PVS;EIXO: PROMOVENDO VIDAS SAUDAVEIS;SAU;SUB-EIXO: SAÚDE;NEX;NEX;10;Saúde;122;Administração Geral;203;Melhoria do Atendimento Hospitalar e Especializado;2893;Rede de Urgência;5;Gestão de Recursos Humanos;0.25;0;30670973;5554195.278;5553912.42;4091664.688;5554195.278;5553912.42;4091664.688
PVS;EIXO: PROMOVENDO VIDAS SAUDAVEIS;SAU;SUB-EIXO: SAÚDE;NEX;NEX;10;Saúde;122;Administração Geral;204;Gestão e Regionalização da Saúde ;1216;Construção, Ampliação e Reforma de Unidades de Saúde;1;Construção, Ampliação e Reforma de Unidades de Saúde;0.25;0;30383310;3284493.95;976886.9575;599290.5025;3284493.95;976886.9575;599290.5025
PVS;EIXO: PROMOVENDO VIDAS SAUDAVEIS;SAU;SUB-EIXO: SAÚDE;NEX;NEX;10;Saúde;122;Administração Geral;204;Gestão e Regionalização da Saúde ;2334;Gestão Compartilhada e Participação Social;2;Apoio aos Conselhos Municipais;0.25;0;696540;19250;10296.695;7788.005;19250;10296.695;7788.005
PVS;EIXO: PROMOVENDO VIDAS SAUDAVEIS;SAU;SUB-EIXO: SAÚDE;NEX;NEX;10;Saúde;128;Formação de Recursos Humanos;30;Atendimento Ambulatorial, Emergencial e Hospitalar;2176;Gestão do Trabalho, Ensino e Pesquisa;1;Gerenciamento do Sistema de Recursos Humanos;0.25;0;2104755;1411763.435;942831.6825;942831.6825;1411763.435;942831.6825;942831.6825
PVS;EIXO: PROMOVENDO VIDAS SAUDAVEIS;SAU;SUB-EIXO: SAÚDE;NEX;NEX;10;Saúde;301;Atenção Básica;117;Gestão do SUS-BH;2895;Suporte Logístico;3;Serviços de Apoio à Rede Própria do SUS-BH;0.25;0;11000;0;0;0;0;0;0
PVS;EIXO: PROMOVENDO VIDAS SAUDAVEIS;SAU;SUB-EIXO: SAÚDE;NEX;NEX;10;Saúde;301;Atenção Básica;157;Atenção Primária à Saúde (APS);1371;Parcerias Público Privadas, Concessões e Operações Urbanas;5;Parceria Público-Privada dos Centros de Saúde / Unidades Básicas de Saúde ;0.25;0;10269862;0;0;0;0;0;0
PVS;EIXO: PROMOVENDO VIDAS SAUDAVEIS;SAU;SUB-EIXO: SAÚDE;NEX;NEX;10;Saúde;301;Atenção Básica;157;Atenção Primária à Saúde (APS);2690;Saúde da Família;1;Atendimento da População na Atenção Primária à Saúde do SUS-BH;0.25;0;16074776;3227400.118;1556193.48;392345.895;3227400.118;1556193.48;392345.895
PVS;EIXO: PROMOVENDO VIDAS SAUDAVEIS;SAU;SUB-EIXO: SAÚDE;NEX;NEX;10;Saúde;301;Atenção Básica;157;Atenção Primária à Saúde (APS);2690;Saúde da Família;10;Gestão de Recursos Humanos;0.25;0;626735;196480.995;196480.995;97500;196480.995;196480.995;97500
PVS;EIXO: PROMOVENDO VIDAS SAUDAVEIS;SAU;SUB-EIXO: SAÚDE;NEX;NEX;10;Saúde;301;Atenção Básica;202;Saúde da Família ;2690;Saúde da Família;2;Equipes de Saúde Bucal;0.25;0;83005;0;0;0;0;0;0
PVS;EIXO: PROMOVENDO VIDAS SAUDAVEIS;SAU;SUB-EIXO: SAÚDE;NEX;NEX;10;Saúde;302;Assistência Hospitalar e Ambulatorial;30;Atendimento Ambulatorial, Emergencial e Hospitalar;1216;Construção, Ampliação e Reforma de Unidades de Saúde;2;Construção, Ampliação e Reforma de Unidades de Saúde - Custeios Gerais;0.25;0;50000;0;0;0;0;0;0
PVS;EIXO: PROMOVENDO VIDAS SAUDAVEIS;SAU;SUB-EIXO: SAÚDE;NEX;NEX;10;Saúde;302;Assistência Hospitalar e Ambulatorial;30;Atendimento Ambulatorial, Emergencial e Hospitalar;2616;Gestão da Assistência Hospitalar e Ambulatorial;1;Assistência Hospitalar e Ambulatorial;0.25;0;27652603;7181903.478;3464588.858;3413772.238;7181903.478;3464588.858;3413772.238
PVS;EIXO: PROMOVENDO VIDAS SAUDAVEIS;SAU;SUB-EIXO: SAÚDE;EX;EX;10;Saúde;302;Assistência Hospitalar e Ambulatorial;30;Atendimento Ambulatorial, Emergencial e Hospitalar;2616;Gestão da Assistência Hospitalar e Ambulatorial;2;Unidade Materno Infantil;1;0;726000;10810;6488.18;6488.18;10810;6488.18;6488.18
PVS;EIXO: PROMOVENDO VIDAS SAUDAVEIS;SAU;SUB-EIXO: SAÚDE;NEX;NEX;10;Saúde;302;Assistência Hospitalar e Ambulatorial;30;Atendimento Ambulatorial, Emergencial e Hospitalar;2620;Gestão Técnico-Hospitalar;1;Gestão Técnico-Hospitalar;0.25;0;8587728;3131121.038;1749390.715;1676436.035;3131121.038;1749390.715;1676436.035
PVS;EIXO: PROMOVENDO VIDAS SAUDAVEIS;SAU;SUB-EIXO: SAÚDE;NEX;NEX;10;Saúde;302;Assistência Hospitalar e Ambulatorial;30;Atendimento Ambulatorial, Emergencial e Hospitalar;2620;Gestão Técnico-Hospitalar;2;Gerenciamento da Assistência Alimentar e Nutricional;0.25;0;906410;350125.4;59937.5975;59185.2925;350125.4;59937.5975;59185.2925
PVS;EIXO: PROMOVENDO VIDAS SAUDAVEIS;SAU;SUB-EIXO: SAÚDE;NEX;NEX;10;Saúde;302;Assistência Hospitalar e Ambulatorial;30;Atendimento Ambulatorial, Emergencial e Hospitalar;2620;Gestão Técnico-Hospitalar;3;Diagnóstico por Imagem do HOB;0.25;0;161203;96697.495;21036.165;21036.165;96697.495;21036.165;21036.165
PVS;EIXO: PROMOVENDO VIDAS SAUDAVEIS;SAU;SUB-EIXO: SAÚDE;NEX;NEX;10;Saúde;302;Assistência Hospitalar e Ambulatorial;30;Atendimento Ambulatorial, Emergencial e Hospitalar;2620;Gestão Técnico-Hospitalar;4;Laboratório e Hemoterapia do HOB;0.25;0;106477;336042.72;106190.18;65884.0025;336042.72;106190.18;65884.0025
PVS;EIXO: PROMOVENDO VIDAS SAUDAVEIS;SAU;SUB-EIXO: SAÚDE;NEX;NEX;10;Saúde;302;Assistência Hospitalar e Ambulatorial;30;Atendimento Ambulatorial, Emergencial e Hospitalar;2620;Gestão Técnico-Hospitalar;5;Assistência Farmacêutica e Materiais Especiais;0.25;0;2470572;1319569.878;365835.6875;317660.8725;1319569.878;365835.6875;317660.8725
PVS;EIXO: PROMOVENDO VIDAS SAUDAVEIS;SAU;SUB-EIXO: SAÚDE;NEX;NEX;10;Saúde;302;Assistência Hospitalar e Ambulatorial;30;Atendimento Ambulatorial, Emergencial e Hospitalar;2875;Gestão da Atenção à Urgência;1;Pronto Socorro do HOB;0.25;0;17427250;11470826.61;6973267.22;6973267.22;11470826.61;6973267.22;6973267.22
PVS;EIXO: PROMOVENDO VIDAS SAUDAVEIS;SAU;SUB-EIXO: SAÚDE;NEX;NEX;10;Saúde;302;Assistência Hospitalar e Ambulatorial;30;Atendimento Ambulatorial, Emergencial e Hospitalar;2875;Gestão da Atenção à Urgência;2;Unidade Nossa Senhora Aparecida;0.25;0;1019250;65828.275;21871.1875;14085.67;65828.275;21871.1875;14085.67
PVS;EIXO: PROMOVENDO VIDAS SAUDAVEIS;SAU;SUB-EIXO: SAÚDE;NEX;NEX;10;Saúde;302;Assistência Hospitalar e Ambulatorial;30;Atendimento Ambulatorial, Emergencial e Hospitalar;2875;Gestão da Atenção à Urgência;3;Hospital Dia;0.25;0;122375;26229.1675;13513.045;4377.015;26229.1675;13513.045;4377.015
PVS;EIXO: PROMOVENDO VIDAS SAUDAVEIS;SAU;SUB-EIXO: SAÚDE;NEX;NEX;10;Saúde;302;Assistência Hospitalar e Ambulatorial;114;Rede de Cuidados Especializados Complementares à Saúde;2891;Rede Própria de Cuidados Especializados Complementares à Saúde;1;Atendimento da População na Rede Complementar Própria do SUS-BH;0.25;0;2090084;382022.64;321107.485;42781.5825;382022.64;321107.485;42781.5825
PVS;EIXO: PROMOVENDO VIDAS SAUDAVEIS;SAU;SUB-EIXO: SAÚDE;NEX;NEX;10;Saúde;302;Assistência Hospitalar e Ambulatorial;114;Rede de Cuidados Especializados Complementares à Saúde;2891;Rede Própria de Cuidados Especializados Complementares à Saúde;2;Procedimentos Ambulatoriais Processados na Rede Complementar Própria do SUS-BH;0.25;0;24910000;587.5;587.5;587.5;587.5;587.5;587.5
PVS;EIXO: PROMOVENDO VIDAS SAUDAVEIS;SAU;SUB-EIXO: SAÚDE;NEX;NEX;10;Saúde;302;Assistência Hospitalar e Ambulatorial;114;Rede de Cuidados Especializados Complementares à Saúde;2892;Rede Contratada de Cuidados Especializados Complementares à Saúde;1;Atendimento da População na Rede Complementar Contratada do SUS-BH;0.25;0;4193298;771415.6025;655158.4475;200592.61;771415.6025;655158.4475;200592.61
PVS;EIXO: PROMOVENDO VIDAS SAUDAVEIS;SAU;SUB-EIXO: SAÚDE;NEX;NEX;10;Saúde;302;Assistência Hospitalar e Ambulatorial;114;Rede de Cuidados Especializados Complementares à Saúde;2892;Rede Contratada de Cuidados Especializados Complementares à Saúde;2;Procedimentos Ambulatoriais Processados na Rede Complementar Contratada do SUS-BH;0.25;0;59145000;27217265.25;23027854.62;22950188.8;27217265.25;23027854.62;22950188.8
PVS;EIXO: PROMOVENDO VIDAS SAUDAVEIS;SAU;SUB-EIXO: SAÚDE;NEX;NEX;10;Saúde;302;Assistência Hospitalar e Ambulatorial;114;Rede de Cuidados Especializados Complementares à Saúde;2893;Rede de Urgência;1;Atendimento da População na Rede de Urgência do SUS-BH;0.25;0;11848117;1418441.588;1190831.548;390346.3675;1418441.588;1190831.548;390346.3675
PVS;EIXO: PROMOVENDO VIDAS SAUDAVEIS;SAU;SUB-EIXO: SAÚDE;NEX;NEX;10;Saúde;302;Assistência Hospitalar e Ambulatorial;201;Hospital Metropolitano;1336;Construção e Operacionalização do Hospital Metropolitano;1;Hospital Metropolitano;0.25;0;1590213;0;0;0;0;0;0
PVS;EIXO: PROMOVENDO VIDAS SAUDAVEIS;SAU;SUB-EIXO: SAÚDE;NEX;NEX;10;Saúde;302;Assistência Hospitalar e Ambulatorial;203;Melhoria do Atendimento Hospitalar e Especializado;2894;Rede Hospitalar;1;Atendimento da População na Rede Hospitalar do SUS-BH;0.25;0;252174318;74034446.52;66768517.17;63811623.52;74034446.52;66768517.17;63811623.52
PVS;EIXO: PROMOVENDO VIDAS SAUDAVEIS;SAU;SUB-EIXO: SAÚDE;NEX;NEX;10;Saúde;302;Assistência Hospitalar e Ambulatorial;203;Melhoria do Atendimento Hospitalar e Especializado;2894;Rede Hospitalar;2;Cirurgias Eletivas no SUS-BH;0.25;0;11250000;4428151.89;3724408.958;3303971.825;4428151.89;3724408.958;3303971.825
PVS;EIXO: PROMOVENDO VIDAS SAUDAVEIS;SAU;SUB-EIXO: SAÚDE;NEX;NEX;10;Saúde;302;Assistência Hospitalar e Ambulatorial;203;Melhoria do Atendimento Hospitalar e Especializado;2894;Rede Hospitalar;3;Hospital Odilon Behrens;0.25;0;2500;22040246.35;14084309.39;14055259.27;22040246.35;14084309.39;14055259.27
PVS;EIXO: PROMOVENDO VIDAS SAUDAVEIS;SAU;SUB-EIXO: SAÚDE;NEX;NEX;10;Saúde;303;Suporte Profilático e Terapêutico;204;Gestão e Regionalização da Saúde ;2895;Suporte Logístico;1;Assistência Farmacêutica;0.25;0;11117562;3181325.265;850393.32;372619.85;3181325.265;850393.32;372619.85
PVS;EIXO: PROMOVENDO VIDAS SAUDAVEIS;SAU;SUB-EIXO: SAÚDE;NEX;NEX;10;Saúde;304;Vigilância Sanitária;28;Vigilância em Saúde;2829;Vigilância em Saúde;2;Ações de Vigilância Sanitária e Saúde do Trabalhador;0.25;0;283518;106276.79;11646.3525;8825.8525;106276.79;11646.3525;8825.8525
PVS;EIXO: PROMOVENDO VIDAS SAUDAVEIS;SAU;SUB-EIXO: SAÚDE;NEX;NEX;10;Saúde;305;Vigilância Epidemiológica;28;Vigilância em Saúde;2829;Vigilância em Saúde;1;Ações de Vigilância, Prevenção e Controle de Doenças e Agravos;0.25;0;6972103;1180212.985;397192.025;372838.725;1180212.985;397192.025;372838.725
PVS;EIXO: PROMOVENDO VIDAS SAUDAVEIS;SAU;SUB-EIXO: SAÚDE;NEX;NEX;10;Saúde;305;Vigilância Epidemiológica;28;Vigilância em Saúde;2829;Vigilância em Saúde;3;Ações de Vigilância Epidemiológica;0.25;0;3509108;1181321.358;721573.5775;693448.5475;1181321.358;721573.5775;693448.5475
PVS;EIXO: PROMOVENDO VIDAS SAUDAVEIS;SAU;SUB-EIXO: SAÚDE;NEX;NEX;10;Saúde;305;Vigilância Epidemiológica;203;Melhoria do Atendimento Hospitalar e Especializado;2893;Rede de Urgência;3;Ações de Apoio à Copa 2014 e Olimpíada 2016;0.25;0;169192;0;0;0;0;0;0
PVS;EIXO: PROMOVENDO VIDAS SAUDAVEIS;SAU;SUB-EIXO: SAÚDE;NEX;NEX;10;Saúde;305;Vigilância Epidemiológica;204;Gestão e Regionalização da Saúde ;2829;Vigilância em Saúde;7;Campanha de Prevenção de Leishmaniose em Centros de Saúde;0.25;0;5000;0;0;0;0;0;0
